image,true_label,full_ai_probability,spatial_only_ai_probability,frequency_only_ai_probability,full_minus_spatial_only,full_minus_frequency_only,branch_disagreement,spatial_supports_ai,frequency_supports_ai,path
TEMP_TEST\0001 (3).jpg,REAL,0.7838691473007202,0.7820336222648621,0.5101863145828247,0.0018355250358581543,0.2736828327178955,0.27184730768203735,1,0,TEMP_TEST\REAL\0001 (3).jpg
TEMP_TEST\0002 (7).jpg,REAL,0.8625592589378357,0.8627512454986572,0.5060789585113525,-0.0001919865608215332,0.35648030042648315,0.3566722869873047,1,0,TEMP_TEST\REAL\0002 (7).jpg
TEMP_TEST\0005 (4).jpg,REAL,0.842556357383728,0.8416814208030701,0.5091308355331421,0.000874936580657959,0.33342552185058594,0.332550585269928,1,0,TEMP_TEST\REAL\0005 (4).jpg
TEMP_TEST\0005 (9).jpg,REAL,0.4757976830005646,0.4746037423610687,0.5102167129516602,0.0011939406394958496,-0.03441902995109558,0.03561297059059143,0,0,TEMP_TEST\REAL\0005 (9).jpg
TEMP_TEST\0007 (9).jpg,REAL,0.7228491306304932,0.7211685180664062,0.5086919665336609,0.001680612564086914,0.21415716409683228,0.21247655153274536,1,0,TEMP_TEST\REAL\0007 (9).jpg
TEMP_TEST\0007.jpg,REAL,0.9889788031578064,0.9888638257980347,0.5099101662635803,0.00011497735977172852,0.4790686368942261,0.47895365953445435,1,0,TEMP_TEST\REAL\0007.jpg
TEMP_TEST\0010.jpg,REAL,0.8403603434562683,0.8386467099189758,0.5097750425338745,0.0017136335372924805,0.3305853009223938,0.3288716673851013,1,0,TEMP_TEST\REAL\0010.jpg
TEMP_TEST\0013 (10).jpg,REAL,0.9679740071296692,0.9675741791725159,0.5102152228355408,0.0003998279571533203,0.4577587842941284,0.4573589563369751,1,0,TEMP_TEST\REAL\0013 (10).jpg
TEMP_TEST\0013.jpg,REAL,0.9794090390205383,0.979156494140625,0.5098245143890381,0.0002525448799133301,0.46958452463150024,0.4693319797515869,1,0,TEMP_TEST\REAL\0013.jpg
TEMP_TEST\0015 (5).jpg,REAL,0.016853025183081627,0.016754062846302986,0.5092904567718506,9.896233677864075e-05,-0.49243743158876896,0.4925363939255476,0,0,TEMP_TEST\REAL\0015 (5).jpg
TEMP_TEST\0019 (9).jpg,REAL,0.820693850517273,0.8187301754951477,0.509878396987915,0.001963675022125244,0.3108154535293579,0.30885177850723267,1,0,TEMP_TEST\REAL\0019 (9).jpg
TEMP_TEST\0022 (6).jpg,REAL,0.038407135754823685,0.038399599492549896,0.5098503232002258,7.536262273788452e-06,-0.47144318744540215,0.47145072370767593,0,0,TEMP_TEST\REAL\0022 (6).jpg
TEMP_TEST\0022 (9).jpg,REAL,0.41007474064826965,0.41606155037879944,0.5067101120948792,-0.005986809730529785,-0.0966353714466095,0.09064856171607971,0,0,TEMP_TEST\REAL\0022 (9).jpg
TEMP_TEST\0022.jpg,REAL,0.9010652303695679,0.9000403881072998,0.5104207992553711,0.0010248422622680664,0.3906444311141968,0.3896195888519287,1,0,TEMP_TEST\REAL\0022.jpg
TEMP_TEST\0023 (7).jpg,REAL,0.653905987739563,0.6539705395698547,0.5076171159744263,-6.455183029174805e-05,0.14628887176513672,0.14635342359542847,1,0,TEMP_TEST\REAL\0023 (7).jpg
TEMP_TEST\0030.jpg,REAL,0.3309532105922699,0.33081209659576416,0.5101283192634583,0.0001411139965057373,-0.17917510867118835,0.1793162226676941,0,0,TEMP_TEST\REAL\0030.jpg
TEMP_TEST\0031 (10).jpg,REAL,0.6310034394264221,0.6292601823806763,0.5094326734542847,0.0017432570457458496,0.12157076597213745,0.1198275089263916,1,0,TEMP_TEST\REAL\0031 (10).jpg
TEMP_TEST\0031 (6).jpg,REAL,0.025215793401002884,0.025328991934657097,0.5090314149856567,-0.00011319853365421295,-0.48381562158465385,0.48370242305099964,0,0,TEMP_TEST\REAL\0031 (6).jpg
TEMP_TEST\0033 (6).jpg,REAL,0.2708219289779663,0.2714196443557739,0.5084391236305237,-0.0005977153778076172,-0.23761719465255737,0.23701947927474976,0,0,TEMP_TEST\REAL\0033 (6).jpg
TEMP_TEST\0035 (3).jpg,REAL,0.7199389934539795,0.7181270122528076,0.5098735690116882,0.001811981201171875,0.21006542444229126,0.20825344324111938,1,0,TEMP_TEST\REAL\0035 (3).jpg
TEMP_TEST\0035.jpg,REAL,0.9112181663513184,0.9103756546974182,0.5092098116874695,0.0008425116539001465,0.4020083546638489,0.40116584300994873,1,0,TEMP_TEST\REAL\0035.jpg
TEMP_TEST\0037 (10).jpg,REAL,0.9614081382751465,0.9608488082885742,0.5110071897506714,0.0005593299865722656,0.4504009485244751,0.44984161853790283,1,0,TEMP_TEST\REAL\0037 (10).jpg
TEMP_TEST\0040 (10).jpg,REAL,0.302842915058136,0.3023321330547333,0.5099916458129883,0.00051078200340271,-0.2071487307548523,0.207659512758255,0,0,TEMP_TEST\REAL\0040 (10).jpg
TEMP_TEST\0040.jpg,REAL,0.8080101013183594,0.8068889379501343,0.508475661277771,0.0011211633682250977,0.2995344400405884,0.2984132766723633,1,0,TEMP_TEST\REAL\0040.jpg
TEMP_TEST\0049 (2).jpg,REAL,0.7846172451972961,0.7827406525611877,0.510144829750061,0.0018765926361083984,0.2744724154472351,0.2725958228111267,1,0,TEMP_TEST\REAL\0049 (2).jpg
TEMP_TEST\0049 (3).jpg,REAL,0.3577449917793274,0.3614841401576996,0.5061355829238892,-0.0037391483783721924,-0.14839059114456177,0.14465144276618958,0,0,TEMP_TEST\REAL\0049 (3).jpg
TEMP_TEST\0050.jpg,REAL,0.8343417644500732,0.8331787586212158,0.5089749693870544,0.0011630058288574219,0.3253667950630188,0.3242037892341614,1,0,TEMP_TEST\REAL\0050.jpg
TEMP_TEST\0055 (6).jpg,REAL,0.9290619492530823,0.9281983971595764,0.5087554454803467,0.0008635520935058594,0.4203065037727356,0.41944295167922974,1,0,TEMP_TEST\REAL\0055 (6).jpg
TEMP_TEST\0056 (4).jpg,REAL,0.9202738404273987,0.9196992516517639,0.5064151883125305,0.0005745887756347656,0.41385865211486816,0.4132840633392334,1,0,TEMP_TEST\REAL\0056 (4).jpg
TEMP_TEST\0058 (8).jpg,REAL,0.286893755197525,0.28649958968162537,0.5097153186798096,0.0003941655158996582,-0.22282156348228455,0.2232157289981842,0,0,TEMP_TEST\REAL\0058 (8).jpg
TEMP_TEST\0059 (8).jpg,REAL,0.7439606189727783,0.7416866421699524,0.5106956958770752,0.0022739768028259277,0.23326492309570312,0.2309909462928772,1,0,TEMP_TEST\REAL\0059 (8).jpg
TEMP_TEST\0060.jpg,REAL,0.9961038827896118,0.9960592985153198,0.5096386075019836,4.458427429199219e-05,0.4864652752876282,0.4864206910133362,1,0,TEMP_TEST\REAL\0060.jpg
TEMP_TEST\0061 (2).jpg,REAL,0.8647894263267517,0.8632461428642273,0.5106762647628784,0.001543283462524414,0.3541131615638733,0.3525698781013489,1,0,TEMP_TEST\REAL\0061 (2).jpg
TEMP_TEST\0061 (3).jpg,REAL,0.8397102355957031,0.837382972240448,0.5094524025917053,0.002327263355255127,0.3302578330039978,0.3279305696487427,1,0,TEMP_TEST\REAL\0061 (3).jpg
TEMP_TEST\0065 (2).jpg,REAL,0.9658905863761902,0.965485692024231,0.5095617771148682,0.0004048943519592285,0.456328809261322,0.4559239149093628,1,0,TEMP_TEST\REAL\0065 (2).jpg
TEMP_TEST\0066 (2).jpg,REAL,0.6323148608207703,0.6306877136230469,0.5105242729187012,0.0016271471977233887,0.12179058790206909,0.1201634407043457,1,0,TEMP_TEST\REAL\0066 (2).jpg
TEMP_TEST\0067 (2).jpg,REAL,0.9866607189178467,0.9864130020141602,0.5117618441581726,0.00024771690368652344,0.4748988747596741,0.47465115785598755,1,0,TEMP_TEST\REAL\0067 (2).jpg
TEMP_TEST\0067 (3).jpg,REAL,0.4142129719257355,0.41525307297706604,0.5087082386016846,-0.0010401010513305664,-0.0944952666759491,0.09345516562461853,0,0,TEMP_TEST\REAL\0067 (3).jpg
TEMP_TEST\0068 (3).jpg,REAL,0.5690370202064514,0.5687082409858704,0.5095177888870239,0.0003287792205810547,0.05951923131942749,0.059190452098846436,1,0,TEMP_TEST\REAL\0068 (3).jpg
TEMP_TEST\0068.jpg,REAL,0.9051553010940552,0.9041122794151306,0.5104161500930786,0.0010430216789245605,0.39473915100097656,0.393696129322052,1,0,TEMP_TEST\REAL\0068.jpg
TEMP_TEST\0070 (3).jpg,REAL,0.7754918932914734,0.7734450101852417,0.5095471143722534,0.0020468831062316895,0.26594477891921997,0.2638978958129883,1,0,TEMP_TEST\REAL\0070 (3).jpg
TEMP_TEST\0070 (9).jpg,REAL,0.035490721464157104,0.03518430516123772,0.5106343626976013,0.0003064163029193878,-0.4751436412334442,0.4754500575363636,0,0,TEMP_TEST\REAL\0070 (9).jpg
TEMP_TEST\0073 (8).jpg,REAL,0.888448178768158,0.8873604536056519,0.5102874636650085,0.0010877251625061035,0.3781607151031494,0.3770729899406433,1,0,TEMP_TEST\REAL\0073 (8).jpg
TEMP_TEST\0074.jpg,REAL,0.7059807777404785,0.7043247818946838,0.5094122886657715,0.0016559958457946777,0.19656848907470703,0.19491249322891235,1,0,TEMP_TEST\REAL\0074.jpg
TEMP_TEST\0075 (6).jpg,REAL,0.997619092464447,0.9975881576538086,0.5076543092727661,3.0934810638427734e-05,0.4899647831916809,0.4899338483810425,1,0,TEMP_TEST\REAL\0075 (6).jpg
TEMP_TEST\0077.jpg,REAL,0.8185274600982666,0.8163400292396545,0.5106253027915955,0.0021874308586120605,0.30790215730667114,0.3057147264480591,1,0,TEMP_TEST\REAL\0077.jpg
TEMP_TEST\0081 (6).jpg,REAL,0.7162722945213318,0.7139838933944702,0.5106539726257324,0.0022884011268615723,0.20561832189559937,0.2033299207687378,1,0,TEMP_TEST\REAL\0081 (6).jpg
TEMP_TEST\0082 (9).jpg,REAL,0.7181137204170227,0.7169552445411682,0.5087499618530273,0.0011584758758544922,0.20936375856399536,0.20820528268814087,1,0,TEMP_TEST\REAL\0082 (9).jpg
TEMP_TEST\0087.jpg,REAL,0.9932717680931091,0.9931662678718567,0.511264443397522,0.0001055002212524414,0.48200732469558716,0.4819018244743347,1,0,TEMP_TEST\REAL\0087.jpg
TEMP_TEST\0088 (3).jpg,REAL,0.8892711997032166,0.8881701231002808,0.5101408362388611,0.001101076602935791,0.37913036346435547,0.3780292868614197,1,0,TEMP_TEST\REAL\0088 (3).jpg
TEMP_TEST\0088 (4).jpg,REAL,0.7877539396286011,0.7866965532302856,0.509274959564209,0.0010573863983154297,0.2784789800643921,0.27742159366607666,1,0,TEMP_TEST\REAL\0088 (4).jpg
TEMP_TEST\0090 (7).jpg,REAL,0.6275579929351807,0.6272554993629456,0.5076301693916321,0.0003024935722351074,0.11992782354354858,0.11962532997131348,1,0,TEMP_TEST\REAL\0090 (7).jpg
TEMP_TEST\0091 (4).jpg,REAL,0.09599772095680237,0.09653572738170624,0.5095579028129578,-0.0005380064249038696,-0.4135601818561554,0.4130221754312515,0,0,TEMP_TEST\REAL\0091 (4).jpg
TEMP_TEST\0093.jpg,REAL,0.9855071306228638,0.9854030609130859,0.5080806612968445,0.00010406970977783203,0.4774264693260193,0.47732239961624146,1,0,TEMP_TEST\REAL\0093.jpg
TEMP_TEST\0097 (4).jpg,REAL,0.2546255886554718,0.25450432300567627,0.5099332928657532,0.00012126564979553223,-0.25530770421028137,0.2554289698600769,0,0,TEMP_TEST\REAL\0097 (4).jpg
TEMP_TEST\0097 (8).jpg,REAL,0.8137505054473877,0.812468409538269,0.510077178478241,0.0012820959091186523,0.30367332696914673,0.3023912310600281,1,0,TEMP_TEST\REAL\0097 (8).jpg
TEMP_TEST\0097.jpg,REAL,0.3594990372657776,0.358862042427063,0.5095484256744385,0.0006369948387145996,-0.1500493884086609,0.1506863832473755,0,0,TEMP_TEST\REAL\0097.jpg
TEMP_TEST\0098 (3).jpg,REAL,0.8360507488250732,0.8353831171989441,0.5084787011146545,0.0006676316261291504,0.3275720477104187,0.32690441608428955,1,0,TEMP_TEST\REAL\0098 (3).jpg
TEMP_TEST\0099 (2).jpg,REAL,0.8048780560493469,0.8032801747322083,0.509933352470398,0.0015978813171386719,0.294944703578949,0.2933468222618103,1,0,TEMP_TEST\REAL\0099 (2).jpg
TEMP_TEST\0099.jpg,REAL,0.9999711513519287,0.9999707937240601,0.5079184174537659,3.5762786865234375e-07,0.49205273389816284,0.4920523762702942,1,0,TEMP_TEST\REAL\0099.jpg
TEMP_TEST\0101 (10).jpg,REAL,0.41097673773765564,0.4108429551124573,0.510667622089386,0.00013378262519836426,-0.09969088435173035,0.09982466697692871,0,0,TEMP_TEST\REAL\0101 (10).jpg
TEMP_TEST\0102 (6).jpg,REAL,0.982528805732727,0.982315182685852,0.5096882581710815,0.000213623046875,0.4728405475616455,0.4726269245147705,1,0,TEMP_TEST\REAL\0102 (6).jpg
TEMP_TEST\0102.jpg,REAL,0.538079559803009,0.5388486981391907,0.5072926878929138,-0.0007691383361816406,0.030786871910095215,0.031556010246276855,0,0,TEMP_TEST\REAL\0102.jpg
TEMP_TEST\0103 (5).jpg,REAL,0.2418503314256668,0.2419426292181015,0.5088291168212891,-9.229779243469238e-05,-0.26697878539562225,0.26688648760318756,0,0,TEMP_TEST\REAL\0103 (5).jpg
TEMP_TEST\0105 (2).jpg,REAL,0.7127983570098877,0.711788535118103,0.5099382400512695,0.001009821891784668,0.20286011695861816,0.2018502950668335,1,0,TEMP_TEST\REAL\0105 (2).jpg
TEMP_TEST\0105 (3).jpg,REAL,0.8370910286903381,0.8357419967651367,0.5084550380706787,0.001349031925201416,0.3286359906196594,0.327286958694458,1,0,TEMP_TEST\REAL\0105 (3).jpg
TEMP_TEST\0105.jpg,REAL,0.4225946068763733,0.4227379858493805,0.5089219212532043,-0.00014337897300720215,-0.08632731437683105,0.08618393540382385,0,0,TEMP_TEST\REAL\0105.jpg
TEMP_TEST\0110 (3).jpg,REAL,0.9422962069511414,0.9418148994445801,0.5090824961662292,0.0004813075065612793,0.4332137107849121,0.43273240327835083,1,0,TEMP_TEST\REAL\0110 (3).jpg
TEMP_TEST\0111 (4).jpg,REAL,0.37029269337654114,0.37135499715805054,0.5084753036499023,-0.0010623037815093994,-0.1381826102733612,0.1371203064918518,0,0,TEMP_TEST\REAL\0111 (4).jpg
TEMP_TEST\0113 (7).jpg,REAL,0.917371392250061,0.9163805246353149,0.510578453540802,0.0009908676147460938,0.40679293870925903,0.40580207109451294,1,0,TEMP_TEST\REAL\0113 (7).jpg
TEMP_TEST\0114 (4).jpg,REAL,0.09142641723155975,0.09223391860723495,0.5070260763168335,-0.0008075013756752014,-0.41559965908527374,0.41479215770959854,0,0,TEMP_TEST\REAL\0114 (4).jpg
TEMP_TEST\0118 (3).jpg,REAL,0.6180928349494934,0.617487907409668,0.5090804100036621,0.0006049275398254395,0.1090124249458313,0.10840749740600586,1,0,TEMP_TEST\REAL\0118 (3).jpg
TEMP_TEST\0119 (5).jpg,REAL,0.8074780106544495,0.8056744337081909,0.5106261372566223,0.001803576946258545,0.29685187339782715,0.2950482964515686,1,0,TEMP_TEST\REAL\0119 (5).jpg
TEMP_TEST\0122 (2).jpg,REAL,0.03605175018310547,0.035971347242593765,0.5102546215057373,8.040294051170349e-05,-0.47420287132263184,0.47428327426314354,0,0,TEMP_TEST\REAL\0122 (2).jpg
TEMP_TEST\0122 (6).jpg,REAL,0.7857416272163391,0.7851224541664124,0.5077067017555237,0.0006191730499267578,0.27803492546081543,0.27741575241088867,1,0,TEMP_TEST\REAL\0122 (6).jpg
TEMP_TEST\0122 (8).jpg,REAL,0.4218953549861908,0.42035534977912903,0.5099760293960571,0.0015400052070617676,-0.08808067440986633,0.0896206796169281,0,0,TEMP_TEST\REAL\0122 (8).jpg
TEMP_TEST\0125 (2).jpg,REAL,0.9700772166252136,0.9696528911590576,0.5106142163276672,0.00042432546615600586,0.4594630002975464,0.4590386748313904,1,0,TEMP_TEST\REAL\0125 (2).jpg
TEMP_TEST\0126 (3).jpg,REAL,0.8666329383850098,0.8654085993766785,0.5082412958145142,0.0012243390083312988,0.3583916425704956,0.3571673035621643,1,0,TEMP_TEST\REAL\0126 (3).jpg
TEMP_TEST\0129 (10).jpg,REAL,0.8189183473587036,0.8171612620353699,0.5102105140686035,0.0017570853233337402,0.3087078332901001,0.30695074796676636,1,0,TEMP_TEST\REAL\0129 (10).jpg
TEMP_TEST\0131 (2).jpg,REAL,0.988384485244751,0.988219141960144,0.5101074576377869,0.0001653432846069336,0.4782770276069641,0.4781116843223572,1,0,TEMP_TEST\REAL\0131 (2).jpg
TEMP_TEST\0133 (4).jpg,REAL,0.736734926700592,0.7367170453071594,0.5059854388237,1.7881393432617188e-05,0.2307494878768921,0.23073160648345947,1,0,TEMP_TEST\REAL\0133 (4).jpg
TEMP_TEST\0134 (2).jpg,REAL,0.3683411180973053,0.36745184659957886,0.5107085108757019,0.0008892714977264404,-0.1423673927783966,0.14325666427612305,0,0,TEMP_TEST\REAL\0134 (2).jpg
TEMP_TEST\0135 (10).jpg,REAL,0.9107632637023926,0.909803032875061,0.5086591839790344,0.000960230827331543,0.40210407972335815,0.4011438488960266,1,0,TEMP_TEST\REAL\0135 (10).jpg
TEMP_TEST\0138.jpg,REAL,0.8709625601768494,0.8693452477455139,0.5102000832557678,0.0016173124313354492,0.36076247692108154,0.3591451644897461,1,0,TEMP_TEST\REAL\0138.jpg
TEMP_TEST\0139 (3).jpg,REAL,0.5956123471260071,0.5985801815986633,0.507663905620575,-0.00296783447265625,0.08794844150543213,0.09091627597808838,1,0,TEMP_TEST\REAL\0139 (3).jpg
TEMP_TEST\0139 (6).jpg,REAL,0.9121941924095154,0.9112197756767273,0.5089113116264343,0.0009744167327880859,0.40328288078308105,0.40230846405029297,1,0,TEMP_TEST\REAL\0139 (6).jpg
TEMP_TEST\0140 (3).jpg,REAL,0.9186347723007202,0.9173831939697266,0.5107876658439636,0.0012515783309936523,0.4078471064567566,0.40659552812576294,1,0,TEMP_TEST\REAL\0140 (3).jpg
TEMP_TEST\0141.jpg,REAL,0.9050586819648743,0.9043129086494446,0.5093986392021179,0.0007457733154296875,0.39566004276275635,0.39491426944732666,1,0,TEMP_TEST\REAL\0141.jpg
TEMP_TEST\0144 (4).jpg,REAL,0.9142961502075195,0.913296103477478,0.5094753503799438,0.001000046730041504,0.4048207998275757,0.4038207530975342,1,0,TEMP_TEST\REAL\0144 (4).jpg
TEMP_TEST\0150 (9).jpg,REAL,0.3418060839176178,0.3417500853538513,0.508901059627533,5.599856376647949e-05,-0.16709497570991516,0.16715097427368164,0,0,TEMP_TEST\REAL\0150 (9).jpg
TEMP_TEST\0150.jpg,REAL,0.1635304093360901,0.16347140073776245,0.5097494125366211,5.900859832763672e-05,-0.346219003200531,0.34627801179885864,0,0,TEMP_TEST\REAL\0150.jpg
TEMP_TEST\0152 (8).jpg,REAL,0.8837503790855408,0.8825244903564453,0.5100297927856445,0.001225888729095459,0.37372058629989624,0.3724946975708008,1,0,TEMP_TEST\REAL\0152 (8).jpg
TEMP_TEST\0164 (2).jpg,REAL,0.9747289419174194,0.9742539525032043,0.5114976763725281,0.0004749894142150879,0.46323126554489136,0.46275627613067627,1,0,TEMP_TEST\REAL\0164 (2).jpg
TEMP_TEST\0164 (4).jpg,REAL,0.5322266817092896,0.5360987186431885,0.5079550743103027,-0.0038720369338989258,0.024271607398986816,0.028143644332885742,0,0,TEMP_TEST\REAL\0164 (4).jpg
TEMP_TEST\0165 (2).jpg,REAL,0.7083140015602112,0.7049520611763,0.5117674469947815,0.003361940383911133,0.1965465545654297,0.19318461418151855,1,0,TEMP_TEST\REAL\0165 (2).jpg
TEMP_TEST\0167 (3).jpg,REAL,0.5764929056167603,0.5777146816253662,0.5073994994163513,-0.001221776008605957,0.06909340620040894,0.07031518220901489,1,0,TEMP_TEST\REAL\0167 (3).jpg
TEMP_TEST\0168 (10).jpg,REAL,0.9425121545791626,0.9418402910232544,0.5102613568305969,0.0006718635559082031,0.4322507977485657,0.43157893419265747,1,0,TEMP_TEST\REAL\0168 (10).jpg
TEMP_TEST\0168 (5).jpg,REAL,0.7356899976730347,0.7335566878318787,0.5104245543479919,0.002133309841156006,0.22526544332504272,0.22313213348388672,1,0,TEMP_TEST\REAL\0168 (5).jpg
TEMP_TEST\0170 (8).jpg,REAL,0.4215985834598541,0.4219140410423279,0.5088006258010864,-0.0003154575824737549,-0.0872020423412323,0.08688658475875854,0,0,TEMP_TEST\REAL\0170 (8).jpg
TEMP_TEST\0171.jpg,REAL,0.13267140090465546,0.13203702867031097,0.5103403925895691,0.0006343722343444824,-0.37766899168491364,0.3783033639192581,0,0,TEMP_TEST\REAL\0171.jpg
TEMP_TEST\0174 (2).jpg,REAL,0.8389590978622437,0.8375844955444336,0.5095748901367188,0.0013746023178100586,0.3293842077255249,0.32800960540771484,1,0,TEMP_TEST\REAL\0174 (2).jpg
TEMP_TEST\0174 (6).jpg,REAL,0.026023859158158302,0.025876464322209358,0.5101182460784912,0.0001473948359489441,-0.4840943869203329,0.48424178175628185,0,0,TEMP_TEST\REAL\0174 (6).jpg
TEMP_TEST\0174.jpg,REAL,0.2027309238910675,0.20398156344890594,0.5065976977348328,-0.00125063955783844,-0.30386677384376526,0.3026161342859268,0,0,TEMP_TEST\REAL\0174.jpg
TEMP_TEST\0175 (3).jpg,REAL,0.7460660338401794,0.7448714375495911,0.5090342164039612,0.001194596290588379,0.23703181743621826,0.23583722114562988,1,0,TEMP_TEST\REAL\0175 (3).jpg
TEMP_TEST\0175 (9).jpg,REAL,0.15685679018497467,0.1571853756904602,0.5084097385406494,-0.00032858550548553467,-0.35155294835567474,0.3512243628501892,0,0,TEMP_TEST\REAL\0175 (9).jpg
TEMP_TEST\0176 (2).jpg,REAL,0.8569909334182739,0.8551741242408752,0.5100812315940857,0.0018168091773986816,0.34690970182418823,0.34509289264678955,1,0,TEMP_TEST\REAL\0176 (2).jpg
TEMP_TEST\0176 (3).jpg,REAL,0.4656696319580078,0.466044545173645,0.507723331451416,-0.00037491321563720703,-0.0420536994934082,0.041678786277770996,0,0,TEMP_TEST\REAL\0176 (3).jpg
TEMP_TEST\0176.jpg,REAL,0.5687649846076965,0.5697128176689148,0.5082945823669434,-0.0009478330612182617,0.060470402240753174,0.061418235301971436,1,0,TEMP_TEST\REAL\0176.jpg
TEMP_TEST\0178 (10).jpg,REAL,0.9152736067771912,0.9143941402435303,0.5097391605377197,0.0008794665336608887,0.40553444623947144,0.40465497970581055,1,0,TEMP_TEST\REAL\0178 (10).jpg
TEMP_TEST\0178 (7).jpg,REAL,0.4264395236968994,0.4257334768772125,0.5107292532920837,0.0007060468196868896,-0.08428972959518433,0.08499577641487122,0,0,TEMP_TEST\REAL\0178 (7).jpg
TEMP_TEST\0179 (4).jpg,REAL,0.9009077548980713,0.8999197483062744,0.510412871837616,0.000988006591796875,0.3904948830604553,0.38950687646865845,1,0,TEMP_TEST\REAL\0179 (4).jpg
TEMP_TEST\0183 (9).jpg,REAL,0.8219057321548462,0.8202228546142578,0.5105413198471069,0.001682877540588379,0.31136441230773926,0.3096815347671509,1,0,TEMP_TEST\REAL\0183 (9).jpg
TEMP_TEST\0183.jpg,REAL,0.9227167367935181,0.9217430353164673,0.5091144442558289,0.0009737014770507812,0.4136022925376892,0.4126285910606384,1,0,TEMP_TEST\REAL\0183.jpg
TEMP_TEST\0184 (2).jpg,REAL,0.43001142144203186,0.42925915122032166,0.5107219815254211,0.0007522702217102051,-0.08071056008338928,0.08146283030509949,0,0,TEMP_TEST\REAL\0184 (2).jpg
TEMP_TEST\0184 (9).jpg,REAL,0.8852745294570923,0.8843492269515991,0.5091608762741089,0.0009253025054931641,0.3761136531829834,0.37518835067749023,1,0,TEMP_TEST\REAL\0184 (9).jpg
TEMP_TEST\0185 (8).jpg,REAL,0.6654708981513977,0.6635266542434692,0.5098785758018494,0.0019442439079284668,0.15559232234954834,0.15364807844161987,1,0,TEMP_TEST\REAL\0185 (8).jpg
TEMP_TEST\0185.jpg,REAL,0.6604989767074585,0.657947301864624,0.5100643038749695,0.0025516748428344727,0.150434672832489,0.14788299798965454,1,0,TEMP_TEST\REAL\0185.jpg
TEMP_TEST\0186 (4).jpg,REAL,0.6592365503311157,0.660323977470398,0.5072841644287109,-0.0010874271392822266,0.15195238590240479,0.153039813041687,1,0,TEMP_TEST\REAL\0186 (4).jpg
TEMP_TEST\0191 (6).jpg,REAL,0.2003452479839325,0.20124341547489166,0.5084593296051025,-0.0008981674909591675,-0.30811408162117004,0.3072159141302109,0,0,TEMP_TEST\REAL\0191 (6).jpg
TEMP_TEST\0192 (3).jpg,REAL,0.8182088136672974,0.8170932531356812,0.5091041326522827,0.001115560531616211,0.30910468101501465,0.30798912048339844,1,0,TEMP_TEST\REAL\0192 (3).jpg
TEMP_TEST\0196.jpg,REAL,0.01604071818292141,0.015977635979652405,0.5093737840652466,6.308220326900482e-05,-0.4933330658823252,0.4933961480855942,0,0,TEMP_TEST\REAL\0196.jpg
TEMP_TEST\0202 (9).jpg,REAL,0.8462027311325073,0.8450591564178467,0.5095342993736267,0.0011435747146606445,0.3366684317588806,0.33552485704421997,1,0,TEMP_TEST\REAL\0202 (9).jpg
TEMP_TEST\0203 (2).jpg,REAL,0.7172163724899292,0.715084969997406,0.5100406408309937,0.0021314024925231934,0.20717573165893555,0.20504432916641235,1,0,TEMP_TEST\REAL\0203 (2).jpg
TEMP_TEST\0203 (9).jpg,REAL,0.8760689496994019,0.8747458457946777,0.509580135345459,0.001323103904724121,0.36648881435394287,0.36516571044921875,1,0,TEMP_TEST\REAL\0203 (9).jpg
TEMP_TEST\0204.jpg,REAL,0.07004458457231522,0.07033252716064453,0.5086989402770996,-0.0002879425883293152,-0.4386543557047844,0.4383664131164551,0,0,TEMP_TEST\REAL\0204.jpg
TEMP_TEST\0207 (10).jpg,REAL,0.9804865717887878,0.9802480340003967,0.5093819499015808,0.00023853778839111328,0.47110462188720703,0.4708660840988159,1,0,TEMP_TEST\REAL\0207 (10).jpg
TEMP_TEST\0210 (3).jpg,REAL,0.8241007328033447,0.8234297037124634,0.5082919001579285,0.0006710290908813477,0.31580883264541626,0.3151378035545349,1,0,TEMP_TEST\REAL\0210 (3).jpg
TEMP_TEST\0211 (4).jpg,REAL,0.5321640372276306,0.5352748036384583,0.5067269206047058,-0.0031107664108276367,0.025437116622924805,0.02854788303375244,0,0,TEMP_TEST\REAL\0211 (4).jpg
TEMP_TEST\0211 (6).jpg,REAL,0.18791507184505463,0.18901662528514862,0.5078218579292297,-0.0011015534400939941,-0.3199067860841751,0.3188052326440811,0,0,TEMP_TEST\REAL\0211 (6).jpg
TEMP_TEST\0215.jpg,REAL,0.8811975717544556,0.8809382915496826,0.5075404644012451,0.0002592802047729492,0.37365710735321045,0.3733978271484375,1,0,TEMP_TEST\REAL\0215.jpg
TEMP_TEST\0216 (10).jpg,REAL,0.6842818260192871,0.6826868057250977,0.5093085765838623,0.0015950202941894531,0.1749732494354248,0.17337822914123535,1,0,TEMP_TEST\REAL\0216 (10).jpg
TEMP_TEST\0216.jpg,REAL,0.5628730058670044,0.5618662238121033,0.5099371075630188,0.001006782054901123,0.052935898303985596,0.05192911624908447,1,0,TEMP_TEST\REAL\0216.jpg
TEMP_TEST\0217 (2).jpg,REAL,0.1740492284297943,0.17311625182628632,0.5107930302619934,0.0009329766035079956,-0.3367438018321991,0.3376767784357071,0,0,TEMP_TEST\REAL\0217 (2).jpg
TEMP_TEST\0218 (2).jpg,REAL,0.792033851146698,0.7896429896354675,0.5100802183151245,0.0023908615112304688,0.2819536328315735,0.279562771320343,1,0,TEMP_TEST\REAL\0218 (2).jpg
TEMP_TEST\0222 (3).jpg,REAL,0.6405156850814819,0.6396762132644653,0.5084145069122314,0.0008394718170166016,0.1321011781692505,0.1312617063522339,1,0,TEMP_TEST\REAL\0222 (3).jpg
TEMP_TEST\0222.jpg,REAL,0.7065630555152893,0.7040945887565613,0.5100125074386597,0.0024684667587280273,0.19655054807662964,0.1940820813179016,1,0,TEMP_TEST\REAL\0222.jpg
TEMP_TEST\0226 (8).jpg,REAL,0.9716768860816956,0.9712454676628113,0.5099197030067444,0.00043141841888427734,0.46175718307495117,0.4613257646560669,1,0,TEMP_TEST\REAL\0226 (8).jpg
TEMP_TEST\0227 (2).jpg,REAL,0.5491191148757935,0.5480627417564392,0.5089333653450012,0.001056373119354248,0.040185749530792236,0.03912937641143799,0,0,TEMP_TEST\REAL\0227 (2).jpg
TEMP_TEST\0227 (7).jpg,REAL,0.9998151659965515,0.9998130202293396,0.5092029571533203,2.1457672119140625e-06,0.4906122088432312,0.4906100630760193,1,0,TEMP_TEST\REAL\0227 (7).jpg
TEMP_TEST\0229 (4).jpg,REAL,0.7404751181602478,0.7400180697441101,0.5076697468757629,0.0004570484161376953,0.23280537128448486,0.23234832286834717,1,0,TEMP_TEST\REAL\0229 (4).jpg
TEMP_TEST\0231 (6).jpg,REAL,0.006991979666054249,0.007094704546034336,0.5071283578872681,-0.00010272487998008728,-0.5001363782212138,0.5000336533412337,0,0,TEMP_TEST\REAL\0231 (6).jpg
TEMP_TEST\0235.jpg,REAL,0.5476587414741516,0.5480872988700867,0.5082579255104065,-0.0004285573959350586,0.03940081596374512,0.039829373359680176,0,0,TEMP_TEST\REAL\0235.jpg
TEMP_TEST\0241 (9).jpg,REAL,0.49501386284828186,0.4944780170917511,0.5090624094009399,0.0005358457565307617,-0.014048546552658081,0.014584392309188843,0,0,TEMP_TEST\REAL\0241 (9).jpg
TEMP_TEST\0243 (3).jpg,REAL,0.7932336926460266,0.7917664051055908,0.5090894103050232,0.001467287540435791,0.2841442823410034,0.2826769948005676,1,0,TEMP_TEST\REAL\0243 (3).jpg
TEMP_TEST\0244 (5).jpg,REAL,0.4363480508327484,0.43494468927383423,0.5107453465461731,0.0014033615589141846,-0.07439729571342468,0.07580065727233887,0,0,TEMP_TEST\REAL\0244 (5).jpg
TEMP_TEST\0248 (4).jpg,REAL,0.9136808514595032,0.9127243161201477,0.5106339454650879,0.0009565353393554688,0.4030469059944153,0.4020903706550598,1,0,TEMP_TEST\REAL\0248 (4).jpg
TEMP_TEST\0248.jpg,REAL,0.39128443598747253,0.38985905051231384,0.5099828839302063,0.0014253854751586914,-0.11869844794273376,0.12012383341789246,0,0,TEMP_TEST\REAL\0248.jpg
TEMP_TEST\0254 (9).jpg,REAL,0.4022076427936554,0.4034336805343628,0.50934237241745,-0.0012260377407073975,-0.10713472962379456,0.10590869188308716,0,0,TEMP_TEST\REAL\0254 (9).jpg
TEMP_TEST\0255 (10).jpg,REAL,0.4920334815979004,0.4921763241291046,0.509077787399292,-0.00014284253120422363,-0.0170443058013916,0.016901463270187378,0,0,TEMP_TEST\REAL\0255 (10).jpg
TEMP_TEST\0257 (7).jpg,REAL,0.9860810041427612,0.985850989818573,0.5112470984458923,0.00023001432418823242,0.4748339056968689,0.47460389137268066,1,0,TEMP_TEST\REAL\0257 (7).jpg
TEMP_TEST\0258 (3).jpg,REAL,0.9455319046974182,0.9448412656784058,0.5099079012870789,0.0006906390190124512,0.43562400341033936,0.4349333643913269,1,0,TEMP_TEST\REAL\0258 (3).jpg
TEMP_TEST\0259 (2).jpg,REAL,0.7458024024963379,0.7430064082145691,0.5102851986885071,0.002795994281768799,0.2355172038078308,0.232721209526062,1,0,TEMP_TEST\REAL\0259 (2).jpg
TEMP_TEST\0260.jpg,REAL,0.03841414302587509,0.0384497232735157,0.5088934302330017,-3.558024764060974e-05,-0.4704792872071266,0.470443706959486,0,0,TEMP_TEST\REAL\0260.jpg
TEMP_TEST\0261.jpg,REAL,0.8599299192428589,0.8597845435142517,0.50746089220047,0.00014537572860717773,0.3524690270423889,0.35232365131378174,1,0,TEMP_TEST\REAL\0261.jpg
TEMP_TEST\0272 (6).jpg,REAL,0.8452463150024414,0.845142662525177,0.5063881874084473,0.0001036524772644043,0.33885812759399414,0.33875447511672974,1,0,TEMP_TEST\REAL\0272 (6).jpg
TEMP_TEST\0274 (6).jpg,REAL,0.8156446218490601,0.8148521780967712,0.5085992813110352,0.0007924437522888184,0.3070453405380249,0.3062528967857361,1,0,TEMP_TEST\REAL\0274 (6).jpg
TEMP_TEST\0274.jpg,REAL,0.7568545937538147,0.7557944059371948,0.5096312165260315,0.001060187816619873,0.2472233772277832,0.24616318941116333,1,0,TEMP_TEST\REAL\0274.jpg
TEMP_TEST\0275 (10).jpg,REAL,0.13765424489974976,0.1372426152229309,0.50962895154953,0.00041162967681884766,-0.3719747066497803,0.3723863363265991,0,0,TEMP_TEST\REAL\0275 (10).jpg
TEMP_TEST\0275.jpg,REAL,0.8428617119789124,0.841748833656311,0.5099344849586487,0.0011128783226013184,0.33292722702026367,0.33181434869766235,1,0,TEMP_TEST\REAL\0275.jpg
TEMP_TEST\0278 (8).jpg,REAL,0.530977725982666,0.5319105386734009,0.5091285109519958,-0.0009328126907348633,0.021849215030670166,0.02278202772140503,0,0,TEMP_TEST\REAL\0278 (8).jpg
TEMP_TEST\0281 (4).jpg,REAL,0.6270722150802612,0.6275524497032166,0.5091108679771423,-0.00048023462295532227,0.1179613471031189,0.11844158172607422,1,0,TEMP_TEST\REAL\0281 (4).jpg
TEMP_TEST\0286 (2).jpg,REAL,0.33141079545021057,0.3361712694168091,0.5076419115066528,-0.004760473966598511,-0.17623111605644226,0.17147064208984375,0,0,TEMP_TEST\REAL\0286 (2).jpg
TEMP_TEST\0287 (2).jpg,REAL,0.7700868248939514,0.7667057514190674,0.51246577501297,0.003381073474884033,0.25762104988098145,0.2542399764060974,1,0,TEMP_TEST\REAL\0287 (2).jpg
TEMP_TEST\0287 (7).jpg,REAL,0.9611988067626953,0.9608149528503418,0.5072492361068726,0.0003838539123535156,0.45394957065582275,0.45356571674346924,1,0,TEMP_TEST\REAL\0287 (7).jpg
TEMP_TEST\0288 (6).jpg,REAL,0.782121479511261,0.7814753651618958,0.5080661177635193,0.0006461143493652344,0.2740553617477417,0.27340924739837646,1,0,TEMP_TEST\REAL\0288 (6).jpg
TEMP_TEST\0288 (9).jpg,REAL,0.8125259280204773,0.8114439845085144,0.5067872405052185,0.0010819435119628906,0.3057386875152588,0.3046567440032959,1,0,TEMP_TEST\REAL\0288 (9).jpg
TEMP_TEST\0289 (3).jpg,REAL,0.5547648668289185,0.5545157194137573,0.5103268623352051,0.0002491474151611328,0.04443800449371338,0.044188857078552246,0,0,TEMP_TEST\REAL\0289 (3).jpg
TEMP_TEST\0290.jpg,REAL,0.7025624513626099,0.7006442546844482,0.5092601180076599,0.001918196678161621,0.19330233335494995,0.19138413667678833,1,0,TEMP_TEST\REAL\0290.jpg
TEMP_TEST\0294 (3).jpg,REAL,0.36427241563796997,0.36663758754730225,0.5091112852096558,-0.0023651719093322754,-0.1448388695716858,0.14247369766235352,0,0,TEMP_TEST\REAL\0294 (3).jpg
TEMP_TEST\0296 (6).jpg,REAL,0.13562779128551483,0.1355798840522766,0.5098484754562378,4.7907233238220215e-05,-0.37422068417072296,0.3742685914039612,0,0,TEMP_TEST\REAL\0296 (6).jpg
TEMP_TEST\0300 (2).jpg,REAL,0.6645965576171875,0.660245418548584,0.5125279426574707,0.004351139068603516,0.1520686149597168,0.14771747589111328,1,0,TEMP_TEST\REAL\0300 (2).jpg
TEMP_TEST\0300 (8).jpg,REAL,0.7087535858154297,0.7090989351272583,0.5070983171463013,-0.0003453493118286133,0.20165526866912842,0.20200061798095703,1,0,TEMP_TEST\REAL\0300 (8).jpg
TEMP_TEST\0300.jpg,REAL,0.4300937056541443,0.43123069405555725,0.5094483494758606,-0.0011369884014129639,-0.07935464382171631,0.07821765542030334,0,0,TEMP_TEST\REAL\0300.jpg
TEMP_TEST\0301 (2).jpg,REAL,0.9452059268951416,0.944536566734314,0.5098724961280823,0.0006693601608276367,0.4353334307670593,0.4346640706062317,1,0,TEMP_TEST\REAL\0301 (2).jpg
TEMP_TEST\0303 (3).jpg,REAL,0.4689840078353882,0.47198784351348877,0.5081915259361267,-0.003003835678100586,-0.039207518100738525,0.03620368242263794,0,0,TEMP_TEST\REAL\0303 (3).jpg
TEMP_TEST\0303 (4).jpg,REAL,0.3475118577480316,0.34809669852256775,0.5099594593048096,-0.0005848407745361328,-0.16244760155677795,0.16186276078224182,0,0,TEMP_TEST\REAL\0303 (4).jpg
TEMP_TEST\0303 (8).jpg,REAL,0.12644526362419128,0.12655740976333618,0.509388267993927,-0.00011214613914489746,-0.3829430043697357,0.3828308582305908,0,0,TEMP_TEST\REAL\0303 (8).jpg
TEMP_TEST\0303.jpg,REAL,0.8843795657157898,0.8833819031715393,0.5095928907394409,0.0009976625442504883,0.3747866749763489,0.3737890124320984,1,0,TEMP_TEST\REAL\0303.jpg
TEMP_TEST\0305 (3).jpg,REAL,0.3970506489276886,0.3964187204837799,0.5099530816078186,0.0006319284439086914,-0.11290243268013,0.1135343611240387,0,0,TEMP_TEST\REAL\0305 (3).jpg
TEMP_TEST\0307 (9).jpg,REAL,0.9120431542396545,0.9111039638519287,0.5093163847923279,0.0009391903877258301,0.40272676944732666,0.40178757905960083,1,0,TEMP_TEST\REAL\0307 (9).jpg
TEMP_TEST\0309 (6).jpg,REAL,0.37863489985466003,0.37934595346450806,0.508155882358551,-0.0007110536098480225,-0.129520982503891,0.12880992889404297,0,0,TEMP_TEST\REAL\0309 (6).jpg
TEMP_TEST\0310 (6).jpg,REAL,0.646152913570404,0.644517183303833,0.5101174712181091,0.001635730266571045,0.13603544235229492,0.13439971208572388,1,0,TEMP_TEST\REAL\0310 (6).jpg
TEMP_TEST\0310.jpg,REAL,0.6853449940681458,0.683984100818634,0.5094289779663086,0.0013608932495117188,0.17591601610183716,0.17455512285232544,1,0,TEMP_TEST\REAL\0310.jpg
TEMP_TEST\0313.jpg,REAL,0.5538870096206665,0.5522855520248413,0.5109153389930725,0.0016014575958251953,0.042971670627593994,0.0413702130317688,0,0,TEMP_TEST\REAL\0313.jpg
TEMP_TEST\0314 (9).jpg,REAL,0.2605412006378174,0.25965994596481323,0.5104244351387024,0.0008812546730041504,-0.249883234500885,0.25076448917388916,0,0,TEMP_TEST\REAL\0314 (9).jpg
TEMP_TEST\0314.jpg,REAL,0.5857886075973511,0.5835019946098328,0.5106399059295654,0.0022866129875183105,0.07514870166778564,0.07286208868026733,1,0,TEMP_TEST\REAL\0314.jpg
TEMP_TEST\0316 (2).jpg,REAL,0.7816001772880554,0.7803575396537781,0.5091428756713867,0.0012426376342773438,0.2724573016166687,0.27121466398239136,1,0,TEMP_TEST\REAL\0316 (2).jpg
TEMP_TEST\0317 (2).jpg,REAL,0.38239777088165283,0.38171032071113586,0.5100190043449402,0.0006874501705169678,-0.12762123346328735,0.12830868363380432,0,0,TEMP_TEST\REAL\0317 (2).jpg
TEMP_TEST\0317 (3).jpg,REAL,0.8534479141235352,0.8531426787376404,0.5058048963546753,0.0003052353858947754,0.34764301776885986,0.3473377823829651,1,0,TEMP_TEST\REAL\0317 (3).jpg
TEMP_TEST\0320 (6).jpg,REAL,0.8778688907623291,0.8768022060394287,0.5090644359588623,0.0010666847229003906,0.3688044548034668,0.3677377700805664,1,0,TEMP_TEST\REAL\0320 (6).jpg
TEMP_TEST\0321.jpg,REAL,0.7885682582855225,0.7861888408660889,0.5113023519515991,0.0023794174194335938,0.27726590633392334,0.27488648891448975,1,0,TEMP_TEST\REAL\0321.jpg
TEMP_TEST\0322 (3).jpg,REAL,0.8815175294876099,0.8805979490280151,0.5093675255775452,0.0009195804595947266,0.3721500039100647,0.37123042345046997,1,0,TEMP_TEST\REAL\0322 (3).jpg
TEMP_TEST\0324 (8).jpg,REAL,0.9205778241157532,0.9197520017623901,0.5105224251747131,0.0008258223533630371,0.41005539894104004,0.409229576587677,1,0,TEMP_TEST\REAL\0324 (8).jpg
TEMP_TEST\0326 (2).jpg,REAL,0.5637007355690002,0.562309980392456,0.5109047889709473,0.0013907551765441895,0.05279594659805298,0.05140519142150879,1,0,TEMP_TEST\REAL\0326 (2).jpg
TEMP_TEST\0328 (8).jpg,REAL,0.3892972469329834,0.3919477164745331,0.5076532959938049,-0.0026504695415496826,-0.11835604906082153,0.11570557951927185,0,0,TEMP_TEST\REAL\0328 (8).jpg
TEMP_TEST\0330 (3).jpg,REAL,0.6586054563522339,0.6595381498336792,0.5075454711914062,-0.0009326934814453125,0.15105998516082764,0.15199267864227295,1,0,TEMP_TEST\REAL\0330 (3).jpg
TEMP_TEST\0332 (10).jpg,REAL,0.9087023735046387,0.9076115489006042,0.5106637477874756,0.0010908246040344238,0.3980386257171631,0.39694780111312866,1,0,TEMP_TEST\REAL\0332 (10).jpg
TEMP_TEST\0333 (10).jpg,REAL,0.16937792301177979,0.1690911501646042,0.5090596675872803,0.00028677284717559814,-0.3396817445755005,0.3399685174226761,0,0,TEMP_TEST\REAL\0333 (10).jpg
TEMP_TEST\0333 (2).jpg,REAL,0.6850285530090332,0.6831439733505249,0.5098313093185425,0.0018845796585083008,0.17519724369049072,0.17331266403198242,1,0,TEMP_TEST\REAL\0333 (2).jpg
TEMP_TEST\0334.jpg,REAL,0.8133841156959534,0.8129479289054871,0.5079538226127625,0.0004361867904663086,0.3054302930831909,0.3049941062927246,1,0,TEMP_TEST\REAL\0334.jpg
TEMP_TEST\0335 (2).jpg,REAL,0.8867034316062927,0.885473370552063,0.5104026198387146,0.0012300610542297363,0.3763008117675781,0.3750707507133484,1,0,TEMP_TEST\REAL\0335 (2).jpg
TEMP_TEST\0337 (4).jpg,REAL,0.5469745397567749,0.545977771282196,0.5100365281105042,0.0009967684745788574,0.03693801164627075,0.035941243171691895,0,0,TEMP_TEST\REAL\0337 (4).jpg
TEMP_TEST\0337 (7).jpg,REAL,0.14972293376922607,0.14957527816295624,0.5091997385025024,0.00014765560626983643,-0.35947680473327637,0.3596244603395462,0,0,TEMP_TEST\REAL\0337 (7).jpg
TEMP_TEST\0337 (9).jpg,REAL,0.6011781692504883,0.6007696390151978,0.5085673928260803,0.00040853023529052734,0.09261077642440796,0.09220224618911743,1,0,TEMP_TEST\REAL\0337 (9).jpg
TEMP_TEST\0338 (6).jpg,REAL,0.8499341607093811,0.8488746285438538,0.5084291696548462,0.0010595321655273438,0.3415049910545349,0.34044545888900757,1,0,TEMP_TEST\REAL\0338 (6).jpg
TEMP_TEST\0339 (3).jpg,REAL,0.669586181640625,0.6699630618095398,0.5065373778343201,-0.0003768801689147949,0.16304880380630493,0.16342568397521973,1,0,TEMP_TEST\REAL\0339 (3).jpg
TEMP_TEST\0340 (6).jpg,REAL,0.9606401920318604,0.9602904915809631,0.5096808671951294,0.0003497004508972168,0.45095932483673096,0.45060962438583374,1,0,TEMP_TEST\REAL\0340 (6).jpg
TEMP_TEST\0341 (3).jpg,REAL,0.8511678576469421,0.8500667810440063,0.5096146464347839,0.001101076602935791,0.3415532112121582,0.3404521346092224,1,0,TEMP_TEST\REAL\0341 (3).jpg
TEMP_TEST\0342 (9).jpg,REAL,0.5498467683792114,0.550605833530426,0.5081186890602112,-0.0007590651512145996,0.041728079319000244,0.042487144470214844,0,0,TEMP_TEST\REAL\0342 (9).jpg
TEMP_TEST\0343 (3).jpg,REAL,0.5448592305183411,0.5464412569999695,0.5075241327285767,-0.001582026481628418,0.037335097789764404,0.03891712427139282,0,0,TEMP_TEST\REAL\0343 (3).jpg
TEMP_TEST\0343 (9).jpg,REAL,0.8203517198562622,0.8187381029129028,0.508901059627533,0.001613616943359375,0.31145066022872925,0.3098370432853699,1,0,TEMP_TEST\REAL\0343 (9).jpg
TEMP_TEST\0345.jpg,REAL,0.9644866585731506,0.9640147089958191,0.5100070834159851,0.00047194957733154297,0.4544795751571655,0.454007625579834,1,0,TEMP_TEST\REAL\0345.jpg
TEMP_TEST\0347 (9).jpg,REAL,0.6021729111671448,0.6004077792167664,0.5100443959236145,0.001765131950378418,0.09212851524353027,0.09036338329315186,1,0,TEMP_TEST\REAL\0347 (9).jpg
TEMP_TEST\0350 (3).jpg,REAL,0.711780846118927,0.7101016640663147,0.509935200214386,0.0016791820526123047,0.20184564590454102,0.2001664638519287,1,0,TEMP_TEST\REAL\0350 (3).jpg
TEMP_TEST\0350.jpg,REAL,0.9485375285148621,0.9478771090507507,0.510288417339325,0.0006604194641113281,0.4382491111755371,0.4375886917114258,1,0,TEMP_TEST\REAL\0350.jpg
TEMP_TEST\0352 (2).jpg,REAL,0.07672013342380524,0.0764855220913887,0.509609580039978,0.00023461133241653442,-0.4328894466161728,0.4331240579485893,0,0,TEMP_TEST\REAL\0352 (2).jpg
TEMP_TEST\0354 (2).jpg,REAL,0.9006962180137634,0.8992444276809692,0.5111322402954102,0.0014517903327941895,0.38956397771835327,0.3881121873855591,1,0,TEMP_TEST\REAL\0354 (2).jpg
TEMP_TEST\0357 (3).jpg,REAL,0.6341742873191833,0.6326189041137695,0.510032057762146,0.0015553832054138184,0.12414222955703735,0.12258684635162354,1,0,TEMP_TEST\REAL\0357 (3).jpg
TEMP_TEST\0357.jpg,REAL,0.21407778561115265,0.2135510891675949,0.509218156337738,0.0005266964435577393,-0.2951403707265854,0.2956670671701431,0,0,TEMP_TEST\REAL\0357.jpg
TEMP_TEST\0358.jpg,REAL,0.9760081768035889,0.9755851626396179,0.5100677013397217,0.00042301416397094727,0.4659404754638672,0.46551746129989624,1,0,TEMP_TEST\REAL\0358.jpg
TEMP_TEST\0359 (10).jpg,REAL,0.19024962186813354,0.18960294127464294,0.5107368230819702,0.0006466805934906006,-0.32048720121383667,0.32113388180732727,0,0,TEMP_TEST\REAL\0359 (10).jpg
TEMP_TEST\0363 (10).jpg,REAL,0.7150735259056091,0.71239173412323,0.5094667077064514,0.0026817917823791504,0.20560681819915771,0.20292502641677856,1,0,TEMP_TEST\REAL\0363 (10).jpg
TEMP_TEST\0363 (9).jpg,REAL,0.521072506904602,0.5208317041397095,0.5087108016014099,0.00024080276489257812,0.012361705303192139,0.01212090253829956,0,0,TEMP_TEST\REAL\0363 (9).jpg
TEMP_TEST\0369 (3).jpg,REAL,0.26645657420158386,0.2682136297225952,0.5076373219490051,-0.0017570555210113525,-0.24118074774742126,0.2394236922264099,0,0,TEMP_TEST\REAL\0369 (3).jpg
TEMP_TEST\0369.jpg,REAL,0.12691007554531097,0.12663261592388153,0.5100995898246765,0.00027745962142944336,-0.38318951427936554,0.383466973900795,0,0,TEMP_TEST\REAL\0369.jpg
TEMP_TEST\0370 (8).jpg,REAL,0.9162513017654419,0.9152888059616089,0.5089932680130005,0.0009624958038330078,0.4072580337524414,0.4062955379486084,1,0,TEMP_TEST\REAL\0370 (8).jpg
TEMP_TEST\0373 (3).jpg,REAL,0.845689058303833,0.8445388078689575,0.5086646676063538,0.0011502504348754883,0.33702439069747925,0.33587414026260376,1,0,TEMP_TEST\REAL\0373 (3).jpg
TEMP_TEST\0374 (6).jpg,REAL,0.9035021066665649,0.9023173451423645,0.5106730461120605,0.0011847615242004395,0.3928290605545044,0.39164429903030396,1,0,TEMP_TEST\REAL\0374 (6).jpg
TEMP_TEST\0375 (10).jpg,REAL,0.8925661444664001,0.891663670539856,0.5094327330589294,0.0009024739265441895,0.3831334114074707,0.3822309374809265,1,0,TEMP_TEST\REAL\0375 (10).jpg
TEMP_TEST\0375.jpg,REAL,0.9093877077102661,0.9081001877784729,0.5104597210884094,0.0012875199317932129,0.3989279866218567,0.3976404666900635,1,0,TEMP_TEST\REAL\0375.jpg
TEMP_TEST\0378 (8).jpg,REAL,0.8062860369682312,0.8051390647888184,0.5088619589805603,0.0011469721794128418,0.2974240779876709,0.29627710580825806,1,0,TEMP_TEST\REAL\0378 (8).jpg
TEMP_TEST\0382 (4).jpg,REAL,0.40964680910110474,0.4078224301338196,0.5107212066650391,0.0018243789672851562,-0.10107439756393433,0.10289877653121948,0,0,TEMP_TEST\REAL\0382 (4).jpg
TEMP_TEST\0383 (9).jpg,REAL,0.2927844524383545,0.29223009943962097,0.5098238587379456,0.0005543529987335205,-0.21703940629959106,0.21759375929832458,0,0,TEMP_TEST\REAL\0383 (9).jpg
TEMP_TEST\0385 (10).jpg,REAL,0.9240174293518066,0.9231365323066711,0.5107147693634033,0.000880897045135498,0.4133026599884033,0.4124217629432678,1,0,TEMP_TEST\REAL\0385 (10).jpg
TEMP_TEST\0387 (8).jpg,REAL,0.8322133421897888,0.8306248188018799,0.5097805857658386,0.0015885233879089355,0.3224327564239502,0.32084423303604126,1,0,TEMP_TEST\REAL\0387 (8).jpg
TEMP_TEST\0387.jpg,REAL,0.961230456829071,0.9609317183494568,0.5093804597854614,0.0002987384796142578,0.4518499970436096,0.45155125856399536,1,0,TEMP_TEST\REAL\0387.jpg
TEMP_TEST\0389 (2).jpg,REAL,0.9090858697891235,0.90821772813797,0.5088727474212646,0.0008681416511535645,0.4002131223678589,0.3993449807167053,1,0,TEMP_TEST\REAL\0389 (2).jpg
TEMP_TEST\0389 (7).jpg,REAL,0.0974443182349205,0.09705031663179398,0.5099617838859558,0.0003940016031265259,-0.4125174656510353,0.41291146725416183,0,0,TEMP_TEST\REAL\0389 (7).jpg
TEMP_TEST\0390.jpg,REAL,0.7510401606559753,0.749421238899231,0.508751392364502,0.0016189217567443848,0.2422887682914734,0.240669846534729,1,0,TEMP_TEST\REAL\0390.jpg
TEMP_TEST\0393 (3).jpg,REAL,0.9463381171226501,0.9455856680870056,0.5106128454208374,0.0007524490356445312,0.43572527170181274,0.4349728226661682,1,0,TEMP_TEST\REAL\0393 (3).jpg
TEMP_TEST\0393.jpg,REAL,0.9719182848930359,0.9715747833251953,0.5103262066841125,0.00034350156784057617,0.46159207820892334,0.46124857664108276,1,0,TEMP_TEST\REAL\0393.jpg
TEMP_TEST\0394 (4).jpg,REAL,0.9123087525367737,0.9112318158149719,0.5096129775047302,0.0010769367218017578,0.40269577503204346,0.4016188383102417,1,0,TEMP_TEST\REAL\0394 (4).jpg
TEMP_TEST\0394.jpg,REAL,0.7765627503395081,0.7746585607528687,0.5099336504936218,0.0019041895866394043,0.26662909984588623,0.2647249102592468,1,0,TEMP_TEST\REAL\0394.jpg
TEMP_TEST\0396 (10).jpg,REAL,0.9952510595321655,0.995192289352417,0.5090439915657043,5.8770179748535156e-05,0.4862070679664612,0.48614829778671265,1,0,TEMP_TEST\REAL\0396 (10).jpg
TEMP_TEST\0397.jpg,REAL,0.8879410028457642,0.8866704106330872,0.5101818442344666,0.001270592212677002,0.3777591586112976,0.3764885663986206,1,0,TEMP_TEST\REAL\0397.jpg
TEMP_TEST\0398 (6).jpg,REAL,0.8603317737579346,0.8586502075195312,0.5102051496505737,0.0016815662384033203,0.35012662410736084,0.3484450578689575,1,0,TEMP_TEST\REAL\0398 (6).jpg
TEMP_TEST\0403 (6).jpg,REAL,0.9065114855766296,0.9057072401046753,0.5092698931694031,0.0008042454719543457,0.39724159240722656,0.3964373469352722,1,0,TEMP_TEST\REAL\0403 (6).jpg
TEMP_TEST\0407 (2).jpg,REAL,0.5234439969062805,0.5242881774902344,0.5089474320411682,-0.0008441805839538574,0.014496564865112305,0.015340745449066162,0,0,TEMP_TEST\REAL\0407 (2).jpg
TEMP_TEST\0409 (2).jpg,REAL,0.6144189834594727,0.6112204194068909,0.5107855200767517,0.003198564052581787,0.10363346338272095,0.10043489933013916,1,0,TEMP_TEST\REAL\0409 (2).jpg
TEMP_TEST\0412 (2).jpg,REAL,0.532041609287262,0.5330268144607544,0.5093169212341309,-0.0009852051734924316,0.022724688053131104,0.023709893226623535,0,0,TEMP_TEST\REAL\0412 (2).jpg
TEMP_TEST\0414 (6).jpg,REAL,0.9065293073654175,0.9058738946914673,0.5064941048622131,0.0006554126739501953,0.40003520250320435,0.39937978982925415,1,0,TEMP_TEST\REAL\0414 (6).jpg
TEMP_TEST\0415 (9).jpg,REAL,0.8467361927032471,0.8455638289451599,0.5095759034156799,0.0011723637580871582,0.33716028928756714,0.33598792552948,1,0,TEMP_TEST\REAL\0415 (9).jpg
TEMP_TEST\0418 (7).jpg,REAL,0.6663631200790405,0.6637505292892456,0.5103346109390259,0.002612590789794922,0.15602850914001465,0.15341591835021973,1,0,TEMP_TEST\REAL\0418 (7).jpg
TEMP_TEST\0418.jpg,REAL,0.7874743342399597,0.7868305444717407,0.5080318450927734,0.0006437897682189941,0.2794424891471863,0.2787986993789673,1,0,TEMP_TEST\REAL\0418.jpg
TEMP_TEST\0419 (4).jpg,REAL,0.7687681913375854,0.7678080201148987,0.508194088935852,0.0009601712226867676,0.2605741024017334,0.25961393117904663,1,0,TEMP_TEST\REAL\0419 (4).jpg
TEMP_TEST\0421.jpg,REAL,0.9252688884735107,0.9243989586830139,0.5089729428291321,0.0008699297904968262,0.41629594564437866,0.41542601585388184,1,0,TEMP_TEST\REAL\0421.jpg
TEMP_TEST\0423 (7).jpg,REAL,0.7375856041908264,0.7363093495368958,0.5085035562515259,0.001276254653930664,0.22908204793930054,0.22780579328536987,1,0,TEMP_TEST\REAL\0423 (7).jpg
TEMP_TEST\0424 (9).jpg,REAL,0.9457650780677795,0.9451183676719666,0.5094637870788574,0.0006467103958129883,0.4363012909889221,0.43565458059310913,1,0,TEMP_TEST\REAL\0424 (9).jpg
TEMP_TEST\0425 (8).jpg,REAL,0.510850727558136,0.5112073421478271,0.5082254409790039,-0.0003566145896911621,0.00262528657913208,0.002981901168823242,0,0,TEMP_TEST\REAL\0425 (8).jpg
TEMP_TEST\0429 (3).jpg,REAL,0.8626158833503723,0.861312747001648,0.5089424252510071,0.0013031363487243652,0.35367345809936523,0.35237032175064087,1,0,TEMP_TEST\REAL\0429 (3).jpg
TEMP_TEST\0429 (9).jpg,REAL,0.9784207940101624,0.9782121181488037,0.5097715258598328,0.00020867586135864258,0.4686492681503296,0.46844059228897095,1,0,TEMP_TEST\REAL\0429 (9).jpg
TEMP_TEST\0431 (5).jpg,REAL,0.09895270317792892,0.09843264520168304,0.5105116963386536,0.0005200579762458801,-0.41155899316072464,0.4120790511369705,0,0,TEMP_TEST\REAL\0431 (5).jpg
TEMP_TEST\0433 (9).jpg,REAL,0.9920984506607056,0.9920251369476318,0.5087558031082153,7.331371307373047e-05,0.48334264755249023,0.4832693338394165,1,0,TEMP_TEST\REAL\0433 (9).jpg
TEMP_TEST\0434 (2).jpg,REAL,0.6771639585494995,0.6745678782463074,0.510509729385376,0.0025960803031921387,0.16665422916412354,0.1640581488609314,1,0,TEMP_TEST\REAL\0434 (2).jpg
TEMP_TEST\0434 (4).jpg,REAL,0.4575750529766083,0.4564545750617981,0.5107218623161316,0.0011204779148101807,-0.053146809339523315,0.054267287254333496,0,0,TEMP_TEST\REAL\0434 (4).jpg
TEMP_TEST\0436 (9).jpg,REAL,0.6579853892326355,0.6560613512992859,0.5085459351539612,0.0019240379333496094,0.14943945407867432,0.1475154161453247,1,0,TEMP_TEST\REAL\0436 (9).jpg
TEMP_TEST\0438 (3).jpg,REAL,0.8887535333633423,0.8877180218696594,0.5082314610481262,0.0010355114936828613,0.38052207231521606,0.3794865608215332,1,0,TEMP_TEST\REAL\0438 (3).jpg
TEMP_TEST\0440 (6).jpg,REAL,0.8792880177497864,0.8783001899719238,0.5096830725669861,0.0009878277778625488,0.3696049451828003,0.36861711740493774,1,0,TEMP_TEST\REAL\0440 (6).jpg
TEMP_TEST\0444 (6).jpg,REAL,0.07842026650905609,0.07916919142007828,0.5080665349960327,-0.0007489249110221863,-0.4296462684869766,0.42889734357595444,0,0,TEMP_TEST\REAL\0444 (6).jpg
TEMP_TEST\0445.jpg,REAL,0.20192170143127441,0.20171932876110077,0.5096023082733154,0.00020237267017364502,-0.307680606842041,0.30788297951221466,0,0,TEMP_TEST\REAL\0445.jpg
TEMP_TEST\0446 (10).jpg,REAL,0.43381136655807495,0.4321979582309723,0.5110924243927002,0.0016134083271026611,-0.07728105783462524,0.0788944661617279,0,0,TEMP_TEST\REAL\0446 (10).jpg
TEMP_TEST\0446 (3).jpg,REAL,0.9948046803474426,0.9947628378868103,0.5083587765693665,4.184246063232422e-05,0.48644590377807617,0.48640406131744385,1,0,TEMP_TEST\REAL\0446 (3).jpg
TEMP_TEST\0450 (2).jpg,REAL,0.9017373919487,0.900839626789093,0.5093952417373657,0.0008977651596069336,0.39234215021133423,0.3914443850517273,1,0,TEMP_TEST\REAL\0450 (2).jpg
TEMP_TEST\0451 (9).jpg,REAL,0.8927360773086548,0.8917945027351379,0.5095419883728027,0.0009415745735168457,0.38319408893585205,0.3822525143623352,1,0,TEMP_TEST\REAL\0451 (9).jpg
TEMP_TEST\0452 (8).jpg,REAL,0.6408418416976929,0.6395374536514282,0.5091293454170227,0.0013043880462646484,0.13171249628067017,0.13040810823440552,1,0,TEMP_TEST\REAL\0452 (8).jpg
TEMP_TEST\0452.jpg,REAL,0.8662056922912598,0.8641204237937927,0.5117658972740173,0.002085268497467041,0.35443979501724243,0.3523545265197754,1,0,TEMP_TEST\REAL\0452.jpg
TEMP_TEST\0454 (8).jpg,REAL,0.31736499071121216,0.3181022107601166,0.5093439817428589,-0.0007372200489044189,-0.19197899103164673,0.1912417709827423,0,0,TEMP_TEST\REAL\0454 (8).jpg
TEMP_TEST\0455 (7).jpg,REAL,0.4824492633342743,0.48304277658462524,0.5108774304389954,-0.0005935132503509521,-0.02842816710472107,0.027834653854370117,0,0,TEMP_TEST\REAL\0455 (7).jpg
TEMP_TEST\0455.jpg,REAL,0.8847655057907104,0.8837961554527283,0.5081779956817627,0.0009693503379821777,0.37658751010894775,0.3756181597709656,1,0,TEMP_TEST\REAL\0455.jpg
TEMP_TEST\0459.jpg,REAL,0.9636992812156677,0.9633198976516724,0.5093399286270142,0.00037938356399536133,0.45435935258865356,0.4539799690246582,1,0,TEMP_TEST\REAL\0459.jpg
TEMP_TEST\0460 (2).jpg,REAL,0.537909209728241,0.5390339493751526,0.5095274448394775,-0.001124739646911621,0.028381764888763428,0.02950650453567505,0,0,TEMP_TEST\REAL\0460 (2).jpg
TEMP_TEST\0460 (9).jpg,REAL,0.40509286522865295,0.4040088951587677,0.5101826190948486,0.001083970069885254,-0.10508975386619568,0.10617372393608093,0,0,TEMP_TEST\REAL\0460 (9).jpg
TEMP_TEST\0460.jpg,REAL,0.7866448163986206,0.7855534553527832,0.5082597136497498,0.0010913610458374023,0.27838510274887085,0.27729374170303345,1,0,TEMP_TEST\REAL\0460.jpg
TEMP_TEST\0463.jpg,REAL,0.4994523525238037,0.4987342357635498,0.5099655389785767,0.0007181167602539062,-0.01051318645477295,0.011231303215026855,0,0,TEMP_TEST\REAL\0463.jpg
TEMP_TEST\0464 (10).jpg,REAL,0.9124099612236023,0.9114087820053101,0.5094513893127441,0.0010011792182922363,0.40295857191085815,0.4019573926925659,1,0,TEMP_TEST\REAL\0464 (10).jpg
TEMP_TEST\0467 (4).jpg,REAL,0.9926451444625854,0.9925574064254761,0.5105660557746887,8.7738037109375e-05,0.48207908868789673,0.48199135065078735,1,0,TEMP_TEST\REAL\0467 (4).jpg
TEMP_TEST\0467 (8).jpg,REAL,0.019305674359202385,0.01936742477118969,0.5091465711593628,-6.175041198730469e-05,-0.4898408968001604,0.4897791463881731,0,0,TEMP_TEST\REAL\0467 (8).jpg
TEMP_TEST\0472 (7).jpg,REAL,0.9379709362983704,0.9372173547744751,0.5105685591697693,0.0007535815238952637,0.4274023771286011,0.4266487956047058,1,0,TEMP_TEST\REAL\0472 (7).jpg
TEMP_TEST\0474 (9).jpg,REAL,0.5551764369010925,0.5556179285049438,0.5094777345657349,-0.00044149160385131836,0.045698702335357666,0.046140193939208984,0,0,TEMP_TEST\REAL\0474 (9).jpg
TEMP_TEST\0475 (4).jpg,REAL,0.15387697517871857,0.15405438840389252,0.5086275339126587,-0.0001774132251739502,-0.3547505587339401,0.3545731455087662,0,0,TEMP_TEST\REAL\0475 (4).jpg
TEMP_TEST\0476 (3).jpg,REAL,0.6284618377685547,0.627887487411499,0.5079705119132996,0.0005743503570556641,0.12049132585525513,0.11991697549819946,1,0,TEMP_TEST\REAL\0476 (3).jpg
TEMP_TEST\0476.jpg,REAL,0.7299648523330688,0.7280304431915283,0.5103393793106079,0.0019344091415405273,0.21962547302246094,0.2176910638809204,1,0,TEMP_TEST\REAL\0476.jpg
TEMP_TEST\0478 (3).jpg,REAL,0.7625584602355957,0.761432945728302,0.5094043612480164,0.0011255145072937012,0.25315409898757935,0.25202858448028564,1,0,TEMP_TEST\REAL\0478 (3).jpg
TEMP_TEST\0479 (2).jpg,REAL,0.1865386962890625,0.1858460009098053,0.5106533169746399,0.0006926953792572021,-0.3241146206855774,0.3248073160648346,0,0,TEMP_TEST\REAL\0479 (2).jpg
TEMP_TEST\0479 (3).jpg,REAL,0.278011292219162,0.27769848704338074,0.5092910528182983,0.00031280517578125,-0.23127976059913635,0.2315925657749176,0,0,TEMP_TEST\REAL\0479 (3).jpg
TEMP_TEST\0481 (2).jpg,REAL,0.6809961795806885,0.6778719425201416,0.5109939575195312,0.003124237060546875,0.17000222206115723,0.16687798500061035,1,0,TEMP_TEST\REAL\0481 (2).jpg
TEMP_TEST\0481 (9).jpg,REAL,0.3518684208393097,0.35412290692329407,0.5065096616744995,-0.002254486083984375,-0.15464124083518982,0.15238675475120544,0,0,TEMP_TEST\REAL\0481 (9).jpg
TEMP_TEST\0482 (3).jpg,REAL,0.9569383859634399,0.9565451145172119,0.5081870555877686,0.00039327144622802734,0.4487513303756714,0.44835805892944336,1,0,TEMP_TEST\REAL\0482 (3).jpg
TEMP_TEST\0482 (9).jpg,REAL,0.9840795397758484,0.9838826656341553,0.5092228055000305,0.00019687414169311523,0.47485673427581787,0.47465986013412476,1,0,TEMP_TEST\REAL\0482 (9).jpg
TEMP_TEST\0485.jpg,REAL,0.4003775417804718,0.3990650475025177,0.50994873046875,0.0013124942779541016,-0.1095711886882782,0.1108836829662323,0,0,TEMP_TEST\REAL\0485.jpg
TEMP_TEST\0487.jpg,REAL,0.30814018845558167,0.30671244859695435,0.5107932686805725,0.0014277398586273193,-0.20265308022499084,0.20408082008361816,0,0,TEMP_TEST\REAL\0487.jpg
TEMP_TEST\0488 (5).jpg,REAL,0.8317212462425232,0.8300910592079163,0.5102308988571167,0.0016301870346069336,0.3214903473854065,0.31986016035079956,1,0,TEMP_TEST\REAL\0488 (5).jpg
TEMP_TEST\0489 (4).jpg,REAL,0.8357338905334473,0.8341745734214783,0.5093584656715393,0.0015593171119689941,0.32637542486190796,0.32481610774993896,1,0,TEMP_TEST\REAL\0489 (4).jpg
TEMP_TEST\0490 (5).jpg,REAL,0.18575908243656158,0.18535955250263214,0.5099724531173706,0.00039952993392944336,-0.324213370680809,0.32461290061473846,0,0,TEMP_TEST\REAL\0490 (5).jpg
TEMP_TEST\0492 (2).jpg,REAL,0.9117404222488403,0.9106242060661316,0.5105438828468323,0.0011162161827087402,0.40119653940200806,0.4000803232192993,1,0,TEMP_TEST\REAL\0492 (2).jpg
TEMP_TEST\0495.jpg,REAL,0.8022037148475647,0.8008167743682861,0.5094307661056519,0.0013869404792785645,0.29277294874191284,0.2913860082626343,1,0,TEMP_TEST\REAL\0495.jpg
TEMP_TEST\0496 (10).jpg,REAL,0.7679224014282227,0.765697181224823,0.5105482339859009,0.002225220203399658,0.2573741674423218,0.2551489472389221,1,0,TEMP_TEST\REAL\0496 (10).jpg
TEMP_TEST\0499 (2).jpg,REAL,0.04869351163506508,0.04839273542165756,0.5101909637451172,0.0003007762134075165,-0.4614974521100521,0.4617982283234596,0,0,TEMP_TEST\REAL\0499 (2).jpg
TEMP_TEST\0500.jpg,REAL,0.09890837222337723,0.09881631284952164,0.508832573890686,9.205937385559082e-05,-0.4099242016673088,0.4100162610411644,0,0,TEMP_TEST\REAL\0500.jpg
TEMP_TEST\0501 (10).jpg,REAL,0.350931316614151,0.3554634749889374,0.5074818134307861,-0.004532158374786377,-0.15655049681663513,0.15201833844184875,0,0,TEMP_TEST\REAL\0501 (10).jpg
TEMP_TEST\0501 (4).jpg,REAL,0.17034682631492615,0.1699272096157074,0.5098171830177307,0.00041961669921875,-0.33947035670280457,0.3398899734020233,0,0,TEMP_TEST\REAL\0501 (4).jpg
TEMP_TEST\0503 (3).jpg,REAL,0.8981277346611023,0.8969560861587524,0.5073054432868958,0.0011716485023498535,0.39082229137420654,0.3896506428718567,1,0,TEMP_TEST\REAL\0503 (3).jpg
TEMP_TEST\0504 (3).jpg,REAL,0.9886504411697388,0.9885551333427429,0.50697261095047,9.530782699584961e-05,0.4816778302192688,0.48158252239227295,1,0,TEMP_TEST\REAL\0504 (3).jpg
TEMP_TEST\0505.jpg,REAL,0.37418118119239807,0.37349751591682434,0.5091300010681152,0.0006836652755737305,-0.13494881987571716,0.1356324851512909,0,0,TEMP_TEST\REAL\0505.jpg
TEMP_TEST\0507 (2).jpg,REAL,0.49137169122695923,0.49236953258514404,0.5104632377624512,-0.0009978413581848145,-0.019091546535491943,0.01809370517730713,0,0,TEMP_TEST\REAL\0507 (2).jpg
TEMP_TEST\0507.jpg,REAL,0.3069109320640564,0.3071126639842987,0.5075446367263794,-0.00020173192024230957,-0.200633704662323,0.2004319727420807,0,0,TEMP_TEST\REAL\0507.jpg
TEMP_TEST\0510.jpg,REAL,0.6239957213401794,0.6225250363349915,0.5089328289031982,0.0014706850051879883,0.1150628924369812,0.11359220743179321,1,0,TEMP_TEST\REAL\0510.jpg
TEMP_TEST\0511 (2).jpg,REAL,0.9386669993400574,0.9381089806556702,0.5087223649024963,0.000558018684387207,0.42994463443756104,0.42938661575317383,1,0,TEMP_TEST\REAL\0511 (2).jpg
TEMP_TEST\0512 (9).jpg,REAL,0.36749812960624695,0.3665558099746704,0.5090816617012024,0.0009423196315765381,-0.14158353209495544,0.14252585172653198,0,0,TEMP_TEST\REAL\0512 (9).jpg
TEMP_TEST\0513.jpg,REAL,0.6475159525871277,0.646295428276062,0.5090926289558411,0.0012205243110656738,0.13842332363128662,0.13720279932022095,1,0,TEMP_TEST\REAL\0513.jpg
TEMP_TEST\0517 (9).jpg,REAL,0.11116687953472137,0.11064797639846802,0.510125994682312,0.0005189031362533569,-0.39895911514759064,0.399478018283844,0,0,TEMP_TEST\REAL\0517 (9).jpg
TEMP_TEST\0518.jpg,REAL,0.23540784418582916,0.23482955992221832,0.5098459720611572,0.0005782842636108398,-0.27443812787532806,0.2750164121389389,0,0,TEMP_TEST\REAL\0518.jpg
TEMP_TEST\0523 (10).jpg,REAL,0.6674846410751343,0.6661476492881775,0.5100992321968079,0.0013369917869567871,0.15738540887832642,0.15604841709136963,1,0,TEMP_TEST\REAL\0523 (10).jpg
TEMP_TEST\0525.jpg,REAL,0.21607676148414612,0.2155929058790207,0.5099247097969055,0.00048385560512542725,-0.2938479483127594,0.2943318039178848,0,0,TEMP_TEST\REAL\0525.jpg
TEMP_TEST\0528 (3).jpg,REAL,0.9441335797309875,0.9436116814613342,0.509157657623291,0.0005218982696533203,0.43497592210769653,0.4344540238380432,1,0,TEMP_TEST\REAL\0528 (3).jpg
TEMP_TEST\0528 (6).jpg,REAL,0.14640623331069946,0.14663727581501007,0.5093275308609009,-0.0002310425043106079,-0.3629212975502014,0.3626902550458908,0,0,TEMP_TEST\REAL\0528 (6).jpg
TEMP_TEST\0531 (2).jpg,REAL,0.9295769333839417,0.9286046028137207,0.5099431872367859,0.0009723305702209473,0.41963374614715576,0.4186614155769348,1,0,TEMP_TEST\REAL\0531 (2).jpg
TEMP_TEST\0533 (4).jpg,REAL,0.9902162551879883,0.9900750517845154,0.5103862285614014,0.0001412034034729004,0.4798300266265869,0.479688823223114,1,0,TEMP_TEST\REAL\0533 (4).jpg
TEMP_TEST\0533 (8).jpg,REAL,0.46439579129219055,0.46547892689704895,0.5098010301589966,-0.0010831356048583984,-0.04540523886680603,0.04432210326194763,0,0,TEMP_TEST\REAL\0533 (8).jpg
TEMP_TEST\0540 (2).jpg,REAL,0.7658696174621582,0.7636988162994385,0.510753870010376,0.0021708011627197266,0.2551157474517822,0.2529449462890625,1,0,TEMP_TEST\REAL\0540 (2).jpg
TEMP_TEST\0541 (2).jpg,REAL,0.7766458988189697,0.7749240398406982,0.5103983879089355,0.0017218589782714844,0.2662475109100342,0.2645256519317627,1,0,TEMP_TEST\REAL\0541 (2).jpg
TEMP_TEST\0543 (3).jpg,REAL,0.29444465041160583,0.2953909933567047,0.508607029914856,-0.000946342945098877,-0.21416237950325012,0.21321603655815125,0,0,TEMP_TEST\REAL\0543 (3).jpg
TEMP_TEST\0544 (3).jpg,REAL,0.7294166684150696,0.7278055548667908,0.5088799595832825,0.0016111135482788086,0.2205367088317871,0.2189255952835083,1,0,TEMP_TEST\REAL\0544 (3).jpg
TEMP_TEST\0550 (10).jpg,REAL,0.9916219711303711,0.9915403723716736,0.5098071098327637,8.159875869750977e-05,0.4818148612976074,0.4817332625389099,1,0,TEMP_TEST\REAL\0550 (10).jpg
TEMP_TEST\0550 (8).jpg,REAL,0.3126174807548523,0.3121943473815918,0.509545624256134,0.00042313337326049805,-0.19692814350128174,0.19735127687454224,0,0,TEMP_TEST\REAL\0550 (8).jpg
TEMP_TEST\0554 (8).jpg,REAL,0.9344754815101624,0.9338447451591492,0.5091416239738464,0.0006307363510131836,0.4253338575363159,0.42470312118530273,1,0,TEMP_TEST\REAL\0554 (8).jpg
TEMP_TEST\0554.jpg,REAL,0.3548976480960846,0.3547154664993286,0.50824373960495,0.00018218159675598145,-0.15334609150886536,0.15352827310562134,0,0,TEMP_TEST\REAL\0554.jpg
TEMP_TEST\0555 (8).jpg,REAL,0.8034474849700928,0.8020301461219788,0.5097460150718689,0.0014173388481140137,0.2937014698982239,0.29228413105010986,1,0,TEMP_TEST\REAL\0555 (8).jpg
TEMP_TEST\0555.jpg,REAL,0.818579912185669,0.8170033693313599,0.5092006921768188,0.001576542854309082,0.3093792200088501,0.307802677154541,1,0,TEMP_TEST\REAL\0555.jpg
TEMP_TEST\0556 (3).jpg,REAL,0.22290952503681183,0.22308777272701263,0.509811520576477,-0.00017824769020080566,-0.2869019955396652,0.2867237478494644,0,0,TEMP_TEST\REAL\0556 (3).jpg
TEMP_TEST\0562 (4).jpg,REAL,0.7315362691879272,0.7296516299247742,0.5089076161384583,0.0018846392631530762,0.222628653049469,0.22074401378631592,1,0,TEMP_TEST\REAL\0562 (4).jpg
TEMP_TEST\0563 (2).jpg,REAL,0.9765506386756897,0.9761245250701904,0.5119501352310181,0.0004261136054992676,0.46460050344467163,0.46417438983917236,1,0,TEMP_TEST\REAL\0563 (2).jpg
TEMP_TEST\0565 (3).jpg,REAL,0.6720027923583984,0.6719480752944946,0.5081747174263,5.4717063903808594e-05,0.1638280749320984,0.16377335786819458,1,0,TEMP_TEST\REAL\0565 (3).jpg
TEMP_TEST\0566 (5).jpg,REAL,0.44286102056503296,0.4420012831687927,0.5094610452651978,0.0008597373962402344,-0.0666000247001648,0.06745976209640503,0,0,TEMP_TEST\REAL\0566 (5).jpg
TEMP_TEST\0566.jpg,REAL,0.45824965834617615,0.4582524597644806,0.5089933276176453,-2.8014183044433594e-06,-0.050743669271469116,0.05074086785316467,0,0,TEMP_TEST\REAL\0566.jpg
TEMP_TEST\0568 (5).jpg,REAL,0.44768112897872925,0.4462202191352844,0.5096295475959778,0.0014609098434448242,-0.061948418617248535,0.06340932846069336,0,0,TEMP_TEST\REAL\0568 (5).jpg
TEMP_TEST\0568 (9).jpg,REAL,0.9658899307250977,0.9655086994171143,0.5091871619224548,0.00038123130798339844,0.4567027688026428,0.4563215374946594,1,0,TEMP_TEST\REAL\0568 (9).jpg
TEMP_TEST\0574 (3).jpg,REAL,0.447879433631897,0.44999969005584717,0.5082736611366272,-0.0021202564239501953,-0.060394227504730225,0.05827397108078003,0,0,TEMP_TEST\REAL\0574 (3).jpg
TEMP_TEST\0574 (7).jpg,REAL,0.09075810760259628,0.09120223671197891,0.5079749226570129,-0.0004441291093826294,-0.41721681505441666,0.416772685945034,0,0,TEMP_TEST\REAL\0574 (7).jpg
TEMP_TEST\0577.jpg,REAL,0.2143206000328064,0.21411268413066864,0.5095708966255188,0.00020791590213775635,-0.2952502965927124,0.29545821249485016,0,0,TEMP_TEST\REAL\0577.jpg
TEMP_TEST\0578.jpg,REAL,0.9208218455314636,0.9198622107505798,0.5107134580612183,0.0009596347808837891,0.41010838747024536,0.4091487526893616,1,0,TEMP_TEST\REAL\0578.jpg
TEMP_TEST\0579.jpg,REAL,0.7737289071083069,0.772601842880249,0.5090520977973938,0.0011270642280578613,0.2646768093109131,0.2635497450828552,1,0,TEMP_TEST\REAL\0579.jpg
TEMP_TEST\0581 (2).jpg,REAL,0.7642197608947754,0.7625521421432495,0.509687602519989,0.001667618751525879,0.2545321583747864,0.2528645396232605,1,0,TEMP_TEST\REAL\0581 (2).jpg
TEMP_TEST\0582 (4).jpg,REAL,0.7379394769668579,0.7368835210800171,0.509253740310669,0.0010559558868408203,0.22868573665618896,0.22762978076934814,1,0,TEMP_TEST\REAL\0582 (4).jpg
TEMP_TEST\0583.jpg,REAL,0.5177097320556641,0.5188806056976318,0.5074220895767212,-0.0011708736419677734,0.010287642478942871,0.011458516120910645,0,0,TEMP_TEST\REAL\0583.jpg
TEMP_TEST\0592 (10).jpg,REAL,0.9596776962280273,0.9594093561172485,0.5079154372215271,0.0002683401107788086,0.45176225900650024,0.45149391889572144,1,0,TEMP_TEST\REAL\0592 (10).jpg
TEMP_TEST\0592.jpg,REAL,0.9866204261779785,0.9864880442619324,0.5083988904953003,0.00013238191604614258,0.4782215356826782,0.4780891537666321,1,0,TEMP_TEST\REAL\0592.jpg
TEMP_TEST\0593 (2).jpg,REAL,0.9391559958457947,0.9384279847145081,0.5089494585990906,0.0007280111312866211,0.4302065372467041,0.4294785261154175,1,0,TEMP_TEST\REAL\0593 (2).jpg
TEMP_TEST\0594 (9).jpg,REAL,0.8292825818061829,0.8277231454849243,0.5087981820106506,0.001559436321258545,0.3204843997955322,0.3189249634742737,1,0,TEMP_TEST\REAL\0594 (9).jpg
TEMP_TEST\0597 (2).jpg,REAL,0.43821051716804504,0.43706196546554565,0.5100758075714111,0.0011485517024993896,-0.07186529040336609,0.07301384210586548,0,0,TEMP_TEST\REAL\0597 (2).jpg
TEMP_TEST\0598 (9).jpg,REAL,0.4720502197742462,0.4748919904232025,0.5075597167015076,-0.002841770648956299,-0.03550949692726135,0.032667726278305054,0,0,TEMP_TEST\REAL\0598 (9).jpg
TEMP_TEST\0601 (8).jpg,REAL,0.5156255960464478,0.5168429613113403,0.5078224539756775,-0.0012173652648925781,0.007803142070770264,0.009020507335662842,0,0,TEMP_TEST\REAL\0601 (8).jpg
TEMP_TEST\0603 (3).jpg,REAL,0.7782256007194519,0.7780017852783203,0.5067914724349976,0.0002238154411315918,0.27143412828445435,0.27121031284332275,1,0,TEMP_TEST\REAL\0603 (3).jpg
TEMP_TEST\0603 (9).jpg,REAL,0.15489161014556885,0.15437383949756622,0.5084937810897827,0.0005177706480026245,-0.35360217094421387,0.3541199415922165,0,0,TEMP_TEST\REAL\0603 (9).jpg
TEMP_TEST\0604 (3).jpg,REAL,0.20058995485305786,0.19899263978004456,0.5110521912574768,0.0015973150730133057,-0.31046223640441895,0.31205955147743225,0,0,TEMP_TEST\REAL\0604 (3).jpg
TEMP_TEST\0606 (2).jpg,REAL,0.9002427458763123,0.8989589214324951,0.5103128552436829,0.0012838244438171387,0.3899298906326294,0.38864606618881226,1,0,TEMP_TEST\REAL\0606 (2).jpg
TEMP_TEST\0606.jpg,REAL,0.08051547408103943,0.08052462339401245,0.5096080899238586,-9.149312973022461e-06,-0.4290926158428192,0.4290834665298462,0,0,TEMP_TEST\REAL\0606.jpg
TEMP_TEST\0609 (3).jpg,REAL,0.04014872759580612,0.040303055197000504,0.508760392665863,-0.00015432760119438171,-0.4686116650700569,0.46845733746886253,0,0,TEMP_TEST\REAL\0609 (3).jpg
TEMP_TEST\0610 (5).jpg,REAL,0.4932200014591217,0.49440842866897583,0.5094109177589417,-0.001188427209854126,-0.016190916299819946,0.01500248908996582,0,0,TEMP_TEST\REAL\0610 (5).jpg
TEMP_TEST\0613.jpg,REAL,0.9829355478286743,0.9827614426612854,0.5094786882400513,0.00017410516738891602,0.47345685958862305,0.47328275442123413,1,0,TEMP_TEST\REAL\0613.jpg
TEMP_TEST\0614 (9).jpg,REAL,0.28897878527641296,0.2878556549549103,0.5095371603965759,0.0011231303215026855,-0.22055837512016296,0.22168150544166565,0,0,TEMP_TEST\REAL\0614 (9).jpg
TEMP_TEST\0615 (2).jpg,REAL,0.9712713956832886,0.9709194302558899,0.5091692805290222,0.00035196542739868164,0.46210211515426636,0.4617501497268677,1,0,TEMP_TEST\REAL\0615 (2).jpg
TEMP_TEST\0618 (3).jpg,REAL,0.5828344225883484,0.5848627686500549,0.5081436634063721,-0.002028346061706543,0.07469075918197632,0.07671910524368286,1,0,TEMP_TEST\REAL\0618 (3).jpg
TEMP_TEST\0619 (9).jpg,REAL,0.524724006652832,0.5278428196907043,0.5078234076499939,-0.0031188130378723145,0.016900599002838135,0.02001941204071045,0,0,TEMP_TEST\REAL\0619 (9).jpg
TEMP_TEST\0620 (3).jpg,REAL,0.7136724591255188,0.713352620601654,0.5078161358833313,0.0003198385238647461,0.2058563232421875,0.20553648471832275,1,0,TEMP_TEST\REAL\0620 (3).jpg
TEMP_TEST\0624 (10).jpg,REAL,0.24326470494270325,0.24168065190315247,0.5114929676055908,0.0015840530395507812,-0.2682282626628876,0.26981231570243835,0,0,TEMP_TEST\REAL\0624 (10).jpg
TEMP_TEST\0625 (10).jpg,REAL,0.1469419002532959,0.14714692533016205,0.5097312927246094,-0.0002050250768661499,-0.3627893924713135,0.3625843673944473,0,0,TEMP_TEST\REAL\0625 (10).jpg
TEMP_TEST\0625 (4).jpg,REAL,0.1328466832637787,0.13258510828018188,0.5085121989250183,0.00026157498359680176,-0.3756655156612396,0.3759270906448364,0,0,TEMP_TEST\REAL\0625 (4).jpg
TEMP_TEST\0625.jpg,REAL,0.4010160565376282,0.400540292263031,0.5099042057991028,0.00047576427459716797,-0.10888814926147461,0.10936391353607178,0,0,TEMP_TEST\REAL\0625.jpg
TEMP_TEST\0628.jpg,REAL,0.8532562851905823,0.8519013524055481,0.5093645453453064,0.0013549327850341797,0.3438917398452759,0.3425368070602417,1,0,TEMP_TEST\REAL\0628.jpg
TEMP_TEST\0634 (9).jpg,REAL,0.6136366128921509,0.6136026382446289,0.5076212286949158,3.3974647521972656e-05,0.10601538419723511,0.10598140954971313,1,0,TEMP_TEST\REAL\0634 (9).jpg
TEMP_TEST\0635 (9).jpg,REAL,0.4265366792678833,0.4286835193634033,0.5103052258491516,-0.0021468400955200195,-0.08376854658126831,0.08162170648574829,0,0,TEMP_TEST\REAL\0635 (9).jpg
TEMP_TEST\0637 (3).jpg,REAL,0.897569477558136,0.8960737586021423,0.5091355443000793,0.0014957189559936523,0.38843393325805664,0.386938214302063,1,0,TEMP_TEST\REAL\0637 (3).jpg
TEMP_TEST\0639 (9).jpg,REAL,0.540163516998291,0.5388095378875732,0.5104382634162903,0.0013539791107177734,0.029725253582000732,0.02837127447128296,0,0,TEMP_TEST\REAL\0639 (9).jpg
TEMP_TEST\0642 (4).jpg,REAL,0.3336450755596161,0.33538946509361267,0.5074462294578552,-0.001744389533996582,-0.17380115389823914,0.17205676436424255,0,0,TEMP_TEST\REAL\0642 (4).jpg
TEMP_TEST\0644 (2).jpg,REAL,0.8698499798774719,0.8683785796165466,0.5099809765815735,0.001471400260925293,0.35986900329589844,0.35839760303497314,1,0,TEMP_TEST\REAL\0644 (2).jpg
TEMP_TEST\0645 (7).jpg,REAL,0.4264810383319855,0.4270165264606476,0.508722722530365,-0.0005354881286621094,-0.08224168419837952,0.08170619606971741,0,0,TEMP_TEST\REAL\0645 (7).jpg
TEMP_TEST\0645 (8).jpg,REAL,0.3404044210910797,0.34006789326667786,0.5100129842758179,0.00033652782440185547,-0.16960856318473816,0.16994509100914001,0,0,TEMP_TEST\REAL\0645 (8).jpg
TEMP_TEST\0651 (10).jpg,REAL,0.9855399131774902,0.9853862524032593,0.5090104937553406,0.00015366077423095703,0.47652941942214966,0.4763757586479187,1,0,TEMP_TEST\REAL\0651 (10).jpg
TEMP_TEST\0651 (9).jpg,REAL,0.9933666586875916,0.9933062195777893,0.5090925693511963,6.0439109802246094e-05,0.48427408933639526,0.484213650226593,1,0,TEMP_TEST\REAL\0651 (9).jpg
TEMP_TEST\0654.jpg,REAL,0.7535861134529114,0.7511605620384216,0.5098820924758911,0.002425551414489746,0.24370402097702026,0.24127846956253052,1,0,TEMP_TEST\REAL\0654.jpg
TEMP_TEST\0657.jpg,REAL,0.2743418514728546,0.27358493208885193,0.5097677111625671,0.0007569193840026855,-0.23542585968971252,0.2361827790737152,0,0,TEMP_TEST\REAL\0657.jpg
TEMP_TEST\0658.jpg,REAL,0.9103776812553406,0.9095227122306824,0.5094723105430603,0.0008549690246582031,0.4009053707122803,0.40005040168762207,1,0,TEMP_TEST\REAL\0658.jpg
TEMP_TEST\0661 (9).jpg,REAL,0.8011914491653442,0.7994909286499023,0.5098651647567749,0.0017005205154418945,0.29132628440856934,0.28962576389312744,1,0,TEMP_TEST\REAL\0661 (9).jpg
TEMP_TEST\0662 (2).jpg,REAL,0.13262665271759033,0.1324560046195984,0.5095365643501282,0.00017064809799194336,-0.37690991163253784,0.3770805597305298,0,0,TEMP_TEST\REAL\0662 (2).jpg
TEMP_TEST\0664 (10).jpg,REAL,0.5110408067703247,0.5102205276489258,0.5100533962249756,0.0008202791213989258,0.000987410545349121,0.0001671314239501953,0,0,TEMP_TEST\REAL\0664 (10).jpg
TEMP_TEST\0664 (3).jpg,REAL,0.5684822797775269,0.5671966671943665,0.5097111463546753,0.0012856125831604004,0.05877113342285156,0.05748552083969116,1,0,TEMP_TEST\REAL\0664 (3).jpg
TEMP_TEST\0666.jpg,REAL,0.9028383493423462,0.9021492004394531,0.5087094306945801,0.0006891489028930664,0.3941289186477661,0.39343976974487305,1,0,TEMP_TEST\REAL\0666.jpg
TEMP_TEST\0669 (2).jpg,REAL,0.990571916103363,0.9904228448867798,0.5112677216529846,0.00014907121658325195,0.4793041944503784,0.47915512323379517,1,0,TEMP_TEST\REAL\0669 (2).jpg
TEMP_TEST\0669 (8).jpg,REAL,0.8387623429298401,0.8378036618232727,0.509175717830658,0.0009586811065673828,0.32958662509918213,0.32862794399261475,1,0,TEMP_TEST\REAL\0669 (8).jpg
TEMP_TEST\0673 (2).jpg,REAL,0.1154809221625328,0.11633255332708359,0.5092096328735352,-0.0008516311645507812,-0.39372871071100235,0.39287707954645157,0,0,TEMP_TEST\REAL\0673 (2).jpg
TEMP_TEST\0673 (9).jpg,REAL,0.9652376174926758,0.9647548198699951,0.5105959177017212,0.00048279762268066406,0.4546416997909546,0.4541589021682739,1,0,TEMP_TEST\REAL\0673 (9).jpg
TEMP_TEST\0677 (8).jpg,REAL,0.8561259508132935,0.8546321988105774,0.5087909698486328,0.0014937520027160645,0.34733498096466064,0.3458412289619446,1,0,TEMP_TEST\REAL\0677 (8).jpg
TEMP_TEST\0679 (8).jpg,REAL,0.9480116367340088,0.9472153186798096,0.5110242366790771,0.0007963180541992188,0.43698740005493164,0.4361910820007324,1,0,TEMP_TEST\REAL\0679 (8).jpg
TEMP_TEST\0679.jpg,REAL,0.7509943842887878,0.7501112222671509,0.5082366466522217,0.0008831620216369629,0.24275773763656616,0.2418745756149292,1,0,TEMP_TEST\REAL\0679.jpg
TEMP_TEST\0680 (10).jpg,REAL,0.25136327743530273,0.2516128718852997,0.5091379880905151,-0.00024959444999694824,-0.2577747106552124,0.25752511620521545,0,0,TEMP_TEST\REAL\0680 (10).jpg
TEMP_TEST\0681 (10).jpg,REAL,0.9571214914321899,0.9566171169281006,0.5101335048675537,0.0005043745040893555,0.44698798656463623,0.4464836120605469,1,0,TEMP_TEST\REAL\0681 (10).jpg
TEMP_TEST\0685 (10).jpg,REAL,0.049588777124881744,0.050288163125514984,0.5081700086593628,-0.0006993860006332397,-0.45858123153448105,0.4578818455338478,0,0,TEMP_TEST\REAL\0685 (10).jpg
TEMP_TEST\0687 (3).jpg,REAL,0.6058154702186584,0.6041899919509888,0.5088054537773132,0.0016254782676696777,0.09701001644134521,0.09538453817367554,1,0,TEMP_TEST\REAL\0687 (3).jpg
TEMP_TEST\0689 (4).jpg,REAL,0.9804291725158691,0.9802080988883972,0.51020747423172,0.00022107362747192383,0.47022169828414917,0.47000062465667725,1,0,TEMP_TEST\REAL\0689 (4).jpg
TEMP_TEST\0689.jpg,REAL,0.6550872921943665,0.6536561250686646,0.51175457239151,0.0014311671257019043,0.14333271980285645,0.14190155267715454,1,0,TEMP_TEST\REAL\0689.jpg
TEMP_TEST\0690 (3).jpg,REAL,0.3671146035194397,0.36739736795425415,0.509218692779541,-0.0002827644348144531,-0.14210408926010132,0.14182132482528687,0,0,TEMP_TEST\REAL\0690 (3).jpg
TEMP_TEST\0690 (7).jpg,REAL,0.9870263934135437,0.9868293404579163,0.510456383228302,0.0001970529556274414,0.4765700101852417,0.47637295722961426,1,0,TEMP_TEST\REAL\0690 (7).jpg
TEMP_TEST\0691 (2).jpg,REAL,0.9552251696586609,0.9546870589256287,0.5098447203636169,0.0005381107330322266,0.44538044929504395,0.4448423385620117,1,0,TEMP_TEST\REAL\0691 (2).jpg
TEMP_TEST\0691 (4).jpg,REAL,0.9039039015769958,0.9028226137161255,0.5080145597457886,0.0010812878608703613,0.3958893418312073,0.3948080539703369,1,0,TEMP_TEST\REAL\0691 (4).jpg
TEMP_TEST\0694 (3).jpg,REAL,0.8534878492355347,0.8519687056541443,0.5092716813087463,0.0015191435813903809,0.34421616792678833,0.34269702434539795,1,0,TEMP_TEST\REAL\0694 (3).jpg
TEMP_TEST\0694 (8).jpg,REAL,0.1921365112066269,0.19114501774311066,0.5107367634773254,0.0009914934635162354,-0.31860025227069855,0.3195917457342148,0,0,TEMP_TEST\REAL\0694 (8).jpg
TEMP_TEST\0695 (2).jpg,REAL,0.7416724562644958,0.739359438419342,0.5102447867393494,0.0023130178451538086,0.23142766952514648,0.22911465167999268,1,0,TEMP_TEST\REAL\0695 (2).jpg
TEMP_TEST\0696.jpg,REAL,0.41215017437934875,0.41149085760116577,0.5096930265426636,0.0006593167781829834,-0.09754285216331482,0.0982021689414978,0,0,TEMP_TEST\REAL\0696.jpg
TEMP_TEST\0697 (3).jpg,REAL,0.27710872888565063,0.2758747637271881,0.5111329555511475,0.0012339651584625244,-0.23402422666549683,0.23525819182395935,0,0,TEMP_TEST\REAL\0697 (3).jpg
TEMP_TEST\0703 (9).jpg,REAL,0.714626669883728,0.710488498210907,0.5092533230781555,0.004138171672821045,0.2053733468055725,0.20123517513275146,1,0,TEMP_TEST\REAL\0703 (9).jpg
TEMP_TEST\0704 (2).jpg,REAL,0.9280908107757568,0.9272374510765076,0.5105224847793579,0.0008533596992492676,0.4175683259963989,0.41671496629714966,1,0,TEMP_TEST\REAL\0704 (2).jpg
TEMP_TEST\0704 (3).jpg,REAL,0.37314969301223755,0.374320924282074,0.50836580991745,-0.0011712312698364258,-0.1352161169052124,0.13404488563537598,0,0,TEMP_TEST\REAL\0704 (3).jpg
TEMP_TEST\0706.jpg,REAL,0.4174686670303345,0.4169370234012604,0.5098541378974915,0.0005316436290740967,-0.09238547086715698,0.09291711449623108,0,0,TEMP_TEST\REAL\0706.jpg
TEMP_TEST\0710 (3).jpg,REAL,0.34925931692123413,0.3490920066833496,0.5106382966041565,0.00016731023788452148,-0.16137897968292236,0.16154628992080688,0,0,TEMP_TEST\REAL\0710 (3).jpg
TEMP_TEST\0710.jpg,REAL,0.40206292271614075,0.40068820118904114,0.5093411803245544,0.0013747215270996094,-0.1072782576084137,0.1086529791355133,0,0,TEMP_TEST\REAL\0710.jpg
TEMP_TEST\0712.jpg,REAL,0.28776460886001587,0.2866344153881073,0.5096883177757263,0.0011301934719085693,-0.22192370891571045,0.22305390238761902,0,0,TEMP_TEST\REAL\0712.jpg
TEMP_TEST\0713 (8).jpg,REAL,0.08478660136461258,0.0845264419913292,0.5108991861343384,0.00026015937328338623,-0.4261125847697258,0.4263727441430092,0,0,TEMP_TEST\REAL\0713 (8).jpg
TEMP_TEST\0719 (3).jpg,REAL,0.973236083984375,0.9728890061378479,0.5083187818527222,0.0003470778465270996,0.46491730213165283,0.46457022428512573,1,0,TEMP_TEST\REAL\0719 (3).jpg
TEMP_TEST\0721 (4).jpg,REAL,0.1147332414984703,0.11404331028461456,0.5104709267616272,0.0006899312138557434,-0.3957376852631569,0.39642761647701263,0,0,TEMP_TEST\REAL\0721 (4).jpg
TEMP_TEST\0723.jpg,REAL,0.2872496247291565,0.2885822653770447,0.5077913403511047,-0.0013326406478881836,-0.22054171562194824,0.21920907497406006,0,0,TEMP_TEST\REAL\0723.jpg
TEMP_TEST\0727.jpg,REAL,0.9711848497390747,0.9709364175796509,0.5089753270149231,0.0002484321594238281,0.4622095227241516,0.4619610905647278,1,0,TEMP_TEST\REAL\0727.jpg
TEMP_TEST\0732 (6).jpg,REAL,0.9525766372680664,0.9519820809364319,0.5100287199020386,0.0005945563316345215,0.44254791736602783,0.4419533610343933,1,0,TEMP_TEST\REAL\0732 (6).jpg
TEMP_TEST\0735 (3).jpg,REAL,0.44356250762939453,0.44251900911331177,0.5107576251029968,0.0010434985160827637,-0.0671951174736023,0.06823861598968506,0,0,TEMP_TEST\REAL\0735 (3).jpg
TEMP_TEST\0738 (9).jpg,REAL,0.7641016244888306,0.7635217308998108,0.50776207447052,0.0005798935890197754,0.25633955001831055,0.25575965642929077,1,0,TEMP_TEST\REAL\0738 (9).jpg
TEMP_TEST\0740 (9).jpg,REAL,0.9334920644760132,0.9328271746635437,0.5089988708496094,0.0006648898124694824,0.4244931936264038,0.4238283038139343,1,0,TEMP_TEST\REAL\0740 (9).jpg
TEMP_TEST\0742 (6).jpg,REAL,0.10970205068588257,0.11018200218677521,0.5090111494064331,-0.00047995150089263916,-0.39930909872055054,0.3988291472196579,0,0,TEMP_TEST\REAL\0742 (6).jpg
TEMP_TEST\0745 (8).jpg,REAL,0.9984830021858215,0.9984588623046875,0.5101962089538574,2.4139881134033203e-05,0.4882867932319641,0.4882626533508301,1,0,TEMP_TEST\REAL\0745 (8).jpg
TEMP_TEST\0748.jpg,REAL,0.7417171597480774,0.739996612071991,0.5098534822463989,0.0017205476760864258,0.23186367750167847,0.23014312982559204,1,0,TEMP_TEST\REAL\0748.jpg
TEMP_TEST\0754 (8).jpg,REAL,0.5539349913597107,0.5530190467834473,0.5102073550224304,0.0009159445762634277,0.04372763633728027,0.042811691761016846,0,0,TEMP_TEST\REAL\0754 (8).jpg
TEMP_TEST\0755 (3).jpg,REAL,0.3132370412349701,0.3130800127983093,0.5096232891082764,0.0001570284366607666,-0.19638624787330627,0.19654327630996704,0,0,TEMP_TEST\REAL\0755 (3).jpg
TEMP_TEST\0756 (3).jpg,REAL,0.9986104965209961,0.9985944628715515,0.5073378086090088,1.6033649444580078e-05,0.4912726879119873,0.4912566542625427,1,0,TEMP_TEST\REAL\0756 (3).jpg
TEMP_TEST\0756 (8).jpg,REAL,0.9273389577865601,0.9265974164009094,0.5088469386100769,0.0007415413856506348,0.41849201917648315,0.4177504777908325,1,0,TEMP_TEST\REAL\0756 (8).jpg
TEMP_TEST\0760 (9).jpg,REAL,0.5211910009384155,0.5212474465370178,0.5087473392486572,-5.644559860229492e-05,0.0124436616897583,0.012500107288360596,0,0,TEMP_TEST\REAL\0760 (9).jpg
TEMP_TEST\0763 (3).jpg,REAL,0.9474566578865051,0.946972668170929,0.5065265893936157,0.0004839897155761719,0.4409300684928894,0.44044607877731323,1,0,TEMP_TEST\REAL\0763 (3).jpg
TEMP_TEST\0765 (2).jpg,REAL,0.8003481030464172,0.7984862327575684,0.5102265477180481,0.001861870288848877,0.29012155532836914,0.28825968503952026,1,0,TEMP_TEST\REAL\0765 (2).jpg
TEMP_TEST\0765 (9).jpg,REAL,0.8641713261604309,0.8629952669143677,0.5100507140159607,0.0011760592460632324,0.3541206121444702,0.352944552898407,1,0,TEMP_TEST\REAL\0765 (9).jpg
TEMP_TEST\0767.jpg,REAL,0.6252239346504211,0.623410701751709,0.5093173384666443,0.0018132328987121582,0.11590659618377686,0.1140933632850647,1,0,TEMP_TEST\REAL\0767.jpg
TEMP_TEST\0770 (10).jpg,REAL,0.09262207895517349,0.09287673979997635,0.508965015411377,-0.00025466084480285645,-0.41634293645620346,0.4160882756114006,0,0,TEMP_TEST\REAL\0770 (10).jpg
TEMP_TEST\0772.jpg,REAL,0.720508873462677,0.7192946076393127,0.5081425905227661,0.0012142658233642578,0.2123662829399109,0.21115201711654663,1,0,TEMP_TEST\REAL\0772.jpg
TEMP_TEST\0773.jpg,REAL,0.1599626988172531,0.1597146838903427,0.5110422372817993,0.0002480149269104004,-0.3510795384645462,0.3513275533914566,0,0,TEMP_TEST\REAL\0773.jpg
TEMP_TEST\0775.jpg,REAL,0.2903521955013275,0.28979742527008057,0.5089012384414673,0.0005547702312469482,-0.21854904294013977,0.21910381317138672,0,0,TEMP_TEST\REAL\0775.jpg
TEMP_TEST\0779 (2).jpg,REAL,0.14401324093341827,0.1440255343914032,0.5106807351112366,-1.2293457984924316e-05,-0.3666674941778183,0.3666552007198334,0,0,TEMP_TEST\REAL\0779 (2).jpg
TEMP_TEST\0780 (3).jpg,REAL,0.6260372996330261,0.6281949877738953,0.5065202116966248,-0.0021576881408691406,0.11951708793640137,0.12167477607727051,1,0,TEMP_TEST\REAL\0780 (3).jpg
TEMP_TEST\0790 (8).jpg,REAL,0.7172776460647583,0.7161656022071838,0.5090316534042358,0.0011120438575744629,0.20824599266052246,0.207133948802948,1,0,TEMP_TEST\REAL\0790 (8).jpg
TEMP_TEST\0792 (7).jpg,REAL,0.82297283411026,0.8222170472145081,0.5082179307937622,0.0007557868957519531,0.3147549033164978,0.31399911642074585,1,0,TEMP_TEST\REAL\0792 (7).jpg
TEMP_TEST\0793 (9).jpg,REAL,0.20738112926483154,0.2071940153837204,0.5085087418556213,0.00018711388111114502,-0.3011276125907898,0.30131472647190094,0,0,TEMP_TEST\REAL\0793 (9).jpg
TEMP_TEST\0794 (3).jpg,REAL,0.8904849886894226,0.8895055055618286,0.5101275444030762,0.0009794831275939941,0.38035744428634644,0.37937796115875244,1,0,TEMP_TEST\REAL\0794 (3).jpg
TEMP_TEST\0795 (4).jpg,REAL,0.8995882272720337,0.8988984823226929,0.5087027549743652,0.0006897449493408203,0.39088547229766846,0.39019572734832764,1,0,TEMP_TEST\REAL\0795 (4).jpg
TEMP_TEST\0795 (6).jpg,REAL,0.24192391335964203,0.2421865612268448,0.5095827579498291,-0.0002626478672027588,-0.2676588445901871,0.2673961967229843,0,0,TEMP_TEST\REAL\0795 (6).jpg
TEMP_TEST\0796 (7).jpg,REAL,0.6693718433380127,0.6688785552978516,0.5086295008659363,0.0004932880401611328,0.16074234247207642,0.16024905443191528,1,0,TEMP_TEST\REAL\0796 (7).jpg
TEMP_TEST\0798 (3).jpg,REAL,0.1698451191186905,0.16895131766796112,0.5104621052742004,0.0008938014507293701,-0.34061698615550995,0.3415107876062393,0,0,TEMP_TEST\REAL\0798 (3).jpg
TEMP_TEST\0798.jpg,REAL,0.4321829080581665,0.43330061435699463,0.5084037184715271,-0.001117706298828125,-0.0762208104133606,0.07510310411453247,0,0,TEMP_TEST\REAL\0798.jpg
TEMP_TEST\0799 (10).jpg,REAL,0.7823688983917236,0.7798867225646973,0.5105751752853394,0.002482175827026367,0.2717937231063843,0.2693115472793579,1,0,TEMP_TEST\REAL\0799 (10).jpg
TEMP_TEST\0801 (2).jpg,REAL,0.9707328081130981,0.9703956842422485,0.5103853940963745,0.0003371238708496094,0.46034741401672363,0.460010290145874,1,0,TEMP_TEST\REAL\0801 (2).jpg
TEMP_TEST\0803.jpg,REAL,0.9444124698638916,0.9437885880470276,0.5089418888092041,0.0006238818168640137,0.4354705810546875,0.4348466992378235,1,0,TEMP_TEST\REAL\0803.jpg
TEMP_TEST\0806.jpg,REAL,0.0614161491394043,0.06116589531302452,0.5105466842651367,0.000250253826379776,-0.4491305351257324,0.4493807889521122,0,0,TEMP_TEST\REAL\0806.jpg
TEMP_TEST\0809 (3).jpg,REAL,0.9875484704971313,0.987405002117157,0.5100917816162109,0.00014346837997436523,0.4774566888809204,0.47731322050094604,1,0,TEMP_TEST\REAL\0809 (3).jpg
TEMP_TEST\0812 (2).jpg,REAL,0.8831971883773804,0.8820031881332397,0.5089769959449768,0.001194000244140625,0.37422019243240356,0.37302619218826294,1,0,TEMP_TEST\REAL\0812 (2).jpg
TEMP_TEST\0812 (9).jpg,REAL,0.6165091395378113,0.6153451800346375,0.5090445280075073,0.0011639595031738281,0.10746461153030396,0.10630065202713013,1,0,TEMP_TEST\REAL\0812 (9).jpg
TEMP_TEST\0813 (3).jpg,REAL,0.47730258107185364,0.47723448276519775,0.5085611343383789,6.809830665588379e-05,-0.03125855326652527,0.03132665157318115,0,0,TEMP_TEST\REAL\0813 (3).jpg
TEMP_TEST\0817 (10).jpg,REAL,0.5440781116485596,0.5454376339912415,0.5087552070617676,-0.0013595223426818848,0.03532290458679199,0.03668242692947388,0,0,TEMP_TEST\REAL\0817 (10).jpg
TEMP_TEST\0817 (2).jpg,REAL,0.9777917265892029,0.9775636792182922,0.5084244608879089,0.00022804737091064453,0.46936726570129395,0.4691392183303833,1,0,TEMP_TEST\REAL\0817 (2).jpg
TEMP_TEST\0820 (8).jpg,REAL,0.669264018535614,0.6667077541351318,0.5109820365905762,0.0025562644004821777,0.15828198194503784,0.15572571754455566,1,0,TEMP_TEST\REAL\0820 (8).jpg
TEMP_TEST\0822 (4).jpg,REAL,0.570621907711029,0.5710097551345825,0.5083804726600647,-0.0003878474235534668,0.062241435050964355,0.06262928247451782,1,0,TEMP_TEST\REAL\0822 (4).jpg
TEMP_TEST\0822 (8).jpg,REAL,0.030300773680210114,0.030234405770897865,0.51033616065979,6.636790931224823e-05,-0.4800353869795799,0.4801017548888922,0,0,TEMP_TEST\REAL\0822 (8).jpg
TEMP_TEST\0823.jpg,REAL,0.9988116025924683,0.9987983703613281,0.5097768306732178,1.3232231140136719e-05,0.4890347719192505,0.48902153968811035,1,0,TEMP_TEST\REAL\0823.jpg
TEMP_TEST\0825.jpg,REAL,0.7432733774185181,0.7411538362503052,0.5111238360404968,0.0021195411682128906,0.23214954137802124,0.23003000020980835,1,0,TEMP_TEST\REAL\0825.jpg
TEMP_TEST\0826 (9).jpg,REAL,0.2849973142147064,0.2861436903476715,0.5079683661460876,-0.0011463761329650879,-0.22297105193138123,0.22182467579841614,0,0,TEMP_TEST\REAL\0826 (9).jpg
TEMP_TEST\0827 (10).jpg,REAL,0.3516293168067932,0.3509634733200073,0.5099607706069946,0.0006658434867858887,-0.15833145380020142,0.1589972972869873,0,0,TEMP_TEST\REAL\0827 (10).jpg
TEMP_TEST\0828 (10).jpg,REAL,0.400242418050766,0.39907607436180115,0.5105712413787842,0.0011663436889648438,-0.11032882332801819,0.11149516701698303,0,0,TEMP_TEST\REAL\0828 (10).jpg
TEMP_TEST\0828 (3).jpg,REAL,0.6374388933181763,0.6391816735267639,0.5062704682350159,-0.0017427802085876465,0.1311684250831604,0.13291120529174805,1,0,TEMP_TEST\REAL\0828 (3).jpg
TEMP_TEST\0828 (9).jpg,REAL,0.5538620352745056,0.5541066527366638,0.5096521377563477,-0.0002446174621582031,0.04420989751815796,0.04445451498031616,0,0,TEMP_TEST\REAL\0828 (9).jpg
TEMP_TEST\0833 (9).jpg,REAL,0.13596013188362122,0.1349233239889145,0.5103108286857605,0.001036807894706726,-0.3743506968021393,0.375387504696846,0,0,TEMP_TEST\REAL\0833 (9).jpg
TEMP_TEST\0833.jpg,REAL,0.8544964790344238,0.8531655669212341,0.5090188980102539,0.0013309121131896973,0.3454775810241699,0.3441466689109802,1,0,TEMP_TEST\REAL\0833.jpg
TEMP_TEST\0834 (10).jpg,REAL,0.954314112663269,0.9537807106971741,0.5102912783622742,0.0005334019660949707,0.4440228343009949,0.4434894323348999,1,0,TEMP_TEST\REAL\0834 (10).jpg
TEMP_TEST\0835 (2).jpg,REAL,0.007035476621240377,0.0070082941092550755,0.5100608468055725,2.718251198530197e-05,-0.5030253701843321,0.5030525526963174,0,0,TEMP_TEST\REAL\0835 (2).jpg
TEMP_TEST\0838 (8).jpg,REAL,0.2762082517147064,0.27912163734436035,0.5067556500434875,-0.0029133856296539307,-0.23054739832878113,0.2276340126991272,0,0,TEMP_TEST\REAL\0838 (8).jpg
TEMP_TEST\0839 (6).jpg,REAL,0.6593095064163208,0.6568466424942017,0.5103709697723389,0.0024628639221191406,0.14893853664398193,0.1464756727218628,1,0,TEMP_TEST\REAL\0839 (6).jpg
TEMP_TEST\0839.jpg,REAL,0.643414318561554,0.6412703990936279,0.509397029876709,0.0021439194679260254,0.13401728868484497,0.13187336921691895,1,0,TEMP_TEST\REAL\0839.jpg
TEMP_TEST\0840 (8).jpg,REAL,0.5021973848342896,0.5016710758209229,0.5098426342010498,0.0005263090133666992,-0.007645249366760254,0.008171558380126953,0,0,TEMP_TEST\REAL\0840 (8).jpg
TEMP_TEST\0846.jpg,REAL,0.6233870387077332,0.6217647194862366,0.5088876485824585,0.001622319221496582,0.11449939012527466,0.11287707090377808,1,0,TEMP_TEST\REAL\0846.jpg
TEMP_TEST\0848 (9).jpg,REAL,0.7305634021759033,0.729067325592041,0.5091416835784912,0.0014960765838623047,0.2214217185974121,0.2199256420135498,1,0,TEMP_TEST\REAL\0848 (9).jpg
TEMP_TEST\0851 (3).jpg,REAL,0.6941788792610168,0.693171501159668,0.5080960392951965,0.001007378101348877,0.1860828399658203,0.18507546186447144,1,0,TEMP_TEST\REAL\0851 (3).jpg
TEMP_TEST\0851 (4).jpg,REAL,0.5170785188674927,0.5177521705627441,0.5090976357460022,-0.0006736516952514648,0.007980883121490479,0.008654534816741943,0,0,TEMP_TEST\REAL\0851 (4).jpg
TEMP_TEST\0855 (10).jpg,REAL,0.9717081785202026,0.9713464379310608,0.5101224184036255,0.0003617405891418457,0.46158576011657715,0.4612240195274353,1,0,TEMP_TEST\REAL\0855 (10).jpg
TEMP_TEST\0856 (8).jpg,REAL,0.431904137134552,0.43254730105400085,0.5092150568962097,-0.0006431639194488525,-0.07731091976165771,0.07666775584220886,0,0,TEMP_TEST\REAL\0856 (8).jpg
TEMP_TEST\0856.jpg,REAL,0.9354701638221741,0.934842586517334,0.5097814798355103,0.0006275773048400879,0.4256886839866638,0.42506110668182373,1,0,TEMP_TEST\REAL\0856.jpg
TEMP_TEST\0858.jpg,REAL,0.6836689114570618,0.6820117235183716,0.5089961886405945,0.0016571879386901855,0.17467272281646729,0.1730155348777771,1,0,TEMP_TEST\REAL\0858.jpg
TEMP_TEST\0859 (9).jpg,REAL,0.7879911065101624,0.7868584990501404,0.5089925527572632,0.0011326074600219727,0.27899855375289917,0.2778659462928772,1,0,TEMP_TEST\REAL\0859 (9).jpg
TEMP_TEST\0860 (2).jpg,REAL,0.8568972945213318,0.8552160263061523,0.5101465582847595,0.0016812682151794434,0.34675073623657227,0.3450694680213928,1,0,TEMP_TEST\REAL\0860 (2).jpg
TEMP_TEST\0861 (3).jpg,REAL,0.5004695653915405,0.4999929666519165,0.5095926523208618,0.00047659873962402344,-0.009123086929321289,0.009599685668945312,0,0,TEMP_TEST\REAL\0861 (3).jpg
TEMP_TEST\0863 (3).jpg,REAL,0.9009232521057129,0.9005743861198425,0.5065231919288635,0.00034886598587036133,0.39440006017684937,0.394051194190979,1,0,TEMP_TEST\REAL\0863 (3).jpg
TEMP_TEST\0864.jpg,REAL,0.5962702035903931,0.5956732630729675,0.508817732334137,0.0005969405174255371,0.0874524712562561,0.08685553073883057,1,0,TEMP_TEST\REAL\0864.jpg
TEMP_TEST\0865 (6).jpg,REAL,0.6266128420829773,0.6285021305084229,0.5074511766433716,-0.0018892884254455566,0.11916166543960571,0.12105095386505127,1,0,TEMP_TEST\REAL\0865 (6).jpg
TEMP_TEST\0867 (6).jpg,REAL,0.2933047115802765,0.2947230041027069,0.5080698728561401,-0.00141829252243042,-0.21476516127586365,0.21334686875343323,0,0,TEMP_TEST\REAL\0867 (6).jpg
TEMP_TEST\0868.jpg,REAL,0.23904387652873993,0.23878264427185059,0.5111686587333679,0.00026123225688934326,-0.272124782204628,0.27238601446151733,0,0,TEMP_TEST\REAL\0868.jpg
TEMP_TEST\0869 (6).jpg,REAL,0.380083292722702,0.3799378275871277,0.5098453164100647,0.00014546513557434082,-0.12976202368736267,0.129907488822937,0,0,TEMP_TEST\REAL\0869 (6).jpg
TEMP_TEST\0870 (3).jpg,REAL,0.6017488837242126,0.6020005345344543,0.5091765522956848,-0.0002516508102416992,0.09257233142852783,0.09282398223876953,1,0,TEMP_TEST\REAL\0870 (3).jpg
TEMP_TEST\0873 (4).jpg,REAL,0.7842410206794739,0.7834216356277466,0.5095584392547607,0.0008193850517272949,0.27468258142471313,0.27386319637298584,1,0,TEMP_TEST\REAL\0873 (4).jpg
TEMP_TEST\0876 (5).jpg,REAL,0.4203316867351532,0.41926729679107666,0.5098913311958313,0.001064389944076538,-0.0895596444606781,0.09062403440475464,0,0,TEMP_TEST\REAL\0876 (5).jpg
TEMP_TEST\0881 (10).jpg,REAL,0.7396460175514221,0.737769365310669,0.5097486972808838,0.0018766522407531738,0.22989732027053833,0.22802066802978516,1,0,TEMP_TEST\REAL\0881 (10).jpg
TEMP_TEST\0885 (3).jpg,REAL,0.44073250889778137,0.44124817848205566,0.5088436007499695,-0.000515669584274292,-0.06811109185218811,0.06759542226791382,0,0,TEMP_TEST\REAL\0885 (3).jpg
TEMP_TEST\0888 (9).jpg,REAL,0.8781698942184448,0.8770381808280945,0.5098686218261719,0.0011317133903503418,0.36830127239227295,0.3671695590019226,1,0,TEMP_TEST\REAL\0888 (9).jpg
TEMP_TEST\0891 (4).jpg,REAL,0.977044939994812,0.9768248200416565,0.5079905986785889,0.00022011995315551758,0.46905434131622314,0.4688342213630676,1,0,TEMP_TEST\REAL\0891 (4).jpg
TEMP_TEST\0894 (10).jpg,REAL,0.49620625376701355,0.4952649772167206,0.5101058483123779,0.0009412765502929688,-0.01389959454536438,0.014840871095657349,0,0,TEMP_TEST\REAL\0894 (10).jpg
TEMP_TEST\0894 (8).jpg,REAL,0.7255882620811462,0.7239165306091309,0.5087302327156067,0.0016717314720153809,0.21685802936553955,0.21518629789352417,1,0,TEMP_TEST\REAL\0894 (8).jpg
TEMP_TEST\0898 (10).jpg,REAL,0.1490338146686554,0.14813846349716187,0.5110034942626953,0.0008953511714935303,-0.3619696795940399,0.36286503076553345,0,0,TEMP_TEST\REAL\0898 (10).jpg
TEMP_TEST\0901 (3).jpg,REAL,0.617186427116394,0.6155750751495361,0.5105317831039429,0.0016113519668579102,0.10665464401245117,0.10504329204559326,1,0,TEMP_TEST\REAL\0901 (3).jpg
TEMP_TEST\0901 (9).jpg,REAL,0.33012232184410095,0.3299518823623657,0.5087364912033081,0.0001704394817352295,-0.17861416935920715,0.17878460884094238,0,0,TEMP_TEST\REAL\0901 (9).jpg
TEMP_TEST\0905 (10).jpg,REAL,0.023196233436465263,0.023379473015666008,0.5086084604263306,-0.00018323957920074463,-0.4854122269898653,0.48522898741066456,0,0,TEMP_TEST\REAL\0905 (10).jpg
TEMP_TEST\0905 (9).jpg,REAL,0.5630025267601013,0.5644345283508301,0.5091375708580017,-0.0014320015907287598,0.05386495590209961,0.05529695749282837,1,0,TEMP_TEST\REAL\0905 (9).jpg
TEMP_TEST\0907 (9).jpg,REAL,0.15501567721366882,0.15438255667686462,0.5093590617179871,0.0006331205368041992,-0.35434338450431824,0.35497650504112244,0,0,TEMP_TEST\REAL\0907 (9).jpg
TEMP_TEST\0909 (2).jpg,REAL,0.6464582085609436,0.6442803740501404,0.5093850493431091,0.0021778345108032227,0.13707315921783447,0.13489532470703125,1,0,TEMP_TEST\REAL\0909 (2).jpg
TEMP_TEST\0909 (3).jpg,REAL,0.5196691751480103,0.5214933156967163,0.5083716511726379,-0.0018241405487060547,0.011297523975372314,0.01312166452407837,0,0,TEMP_TEST\REAL\0909 (3).jpg
TEMP_TEST\0913 (10).jpg,REAL,0.7910764813423157,0.7897445559501648,0.5097193717956543,0.001331925392150879,0.2813571095466614,0.2800251841545105,1,0,TEMP_TEST\REAL\0913 (10).jpg
TEMP_TEST\0913.jpg,REAL,0.7508100271224976,0.7495055794715881,0.5095704197883606,0.0013044476509094238,0.24123960733413696,0.23993515968322754,1,0,TEMP_TEST\REAL\0913.jpg
TEMP_TEST\0919 (10).jpg,REAL,0.7207040786743164,0.7188138961791992,0.5109818577766418,0.0018901824951171875,0.20972222089767456,0.20783203840255737,1,0,TEMP_TEST\REAL\0919 (10).jpg
TEMP_TEST\0919.jpg,REAL,0.76542067527771,0.763401210308075,0.5107503533363342,0.0020194649696350098,0.25467032194137573,0.2526508569717407,1,0,TEMP_TEST\REAL\0919.jpg
TEMP_TEST\0924 (8).jpg,REAL,0.10205212235450745,0.10156533867120743,0.5101879835128784,0.0004867836833000183,-0.40813586115837097,0.408622644841671,0,0,TEMP_TEST\REAL\0924 (8).jpg
TEMP_TEST\0926 (3).jpg,REAL,0.2084866762161255,0.20798823237419128,0.5102681517601013,0.0004984438419342041,-0.30178147554397583,0.30227991938591003,0,0,TEMP_TEST\REAL\0926 (3).jpg
TEMP_TEST\0926 (5).jpg,REAL,0.7805265784263611,0.7801375389099121,0.5079649686813354,0.0003890395164489746,0.27256160974502563,0.27217257022857666,1,0,TEMP_TEST\REAL\0926 (5).jpg
TEMP_TEST\0927 (2).jpg,REAL,0.7181198596954346,0.717021644115448,0.5076059103012085,0.0010982155799865723,0.21051394939422607,0.2094157338142395,1,0,TEMP_TEST\REAL\0927 (2).jpg
TEMP_TEST\0928 (9).jpg,REAL,0.2671625316143036,0.266588419675827,0.5093836188316345,0.0005741119384765625,-0.24222108721733093,0.2427951991558075,0,0,TEMP_TEST\REAL\0928 (9).jpg
TEMP_TEST\0930 (9).jpg,REAL,0.9820815920829773,0.9819002151489258,0.507658839225769,0.00018137693405151367,0.47442275285720825,0.47424137592315674,1,0,TEMP_TEST\REAL\0930 (9).jpg
TEMP_TEST\0932 (10).jpg,REAL,0.9957343935966492,0.99569171667099,0.5095002055168152,4.267692565917969e-05,0.486234188079834,0.4861915111541748,1,0,TEMP_TEST\REAL\0932 (10).jpg
TEMP_TEST\0932 (3).jpg,REAL,0.7888758182525635,0.7871359586715698,0.511249303817749,0.0017398595809936523,0.27762651443481445,0.2758866548538208,1,0,TEMP_TEST\REAL\0932 (3).jpg
TEMP_TEST\0934 (3).jpg,REAL,0.7818465828895569,0.7813229560852051,0.5076717734336853,0.0005236268043518066,0.2741748094558716,0.2736511826515198,1,0,TEMP_TEST\REAL\0934 (3).jpg
TEMP_TEST\0937 (4).jpg,REAL,0.6613777279853821,0.6612802147865295,0.5087004899978638,9.751319885253906e-05,0.1526772379875183,0.15257972478866577,1,0,TEMP_TEST\REAL\0937 (4).jpg
TEMP_TEST\0946 (3).jpg,REAL,0.877225935459137,0.8759209513664246,0.508470892906189,0.0013049840927124023,0.368755042552948,0.3674500584602356,1,0,TEMP_TEST\REAL\0946 (3).jpg
TEMP_TEST\0947 (10).jpg,REAL,0.3793412446975708,0.38034072518348694,0.5094583630561829,-0.0009994804859161377,-0.13011711835861206,0.12911763787269592,0,0,TEMP_TEST\REAL\0947 (10).jpg
TEMP_TEST\0949 (3).jpg,REAL,0.9021351933479309,0.9009726047515869,0.5108183026313782,0.0011625885963439941,0.39131689071655273,0.39015430212020874,1,0,TEMP_TEST\REAL\0949 (3).jpg
TEMP_TEST\0951 (2).jpg,REAL,0.025151994079351425,0.025009771808981895,0.510518491268158,0.00014222227036952972,-0.48536649718880653,0.48550871945917606,0,0,TEMP_TEST\REAL\0951 (2).jpg
TEMP_TEST\0955 (2).jpg,REAL,0.9215034246444702,0.9204718470573425,0.5109358429908752,0.0010315775871276855,0.41056758165359497,0.4095360040664673,1,0,TEMP_TEST\REAL\0955 (2).jpg
TEMP_TEST\0956 (4).jpg,REAL,0.9959481358528137,0.9958963394165039,0.50885009765625,5.179643630981445e-05,0.4870980381965637,0.4870462417602539,1,0,TEMP_TEST\REAL\0956 (4).jpg
TEMP_TEST\0962 (3).jpg,REAL,0.9484133720397949,0.9478958249092102,0.5066594481468201,0.0005175471305847168,0.44175392389297485,0.44123637676239014,1,0,TEMP_TEST\REAL\0962 (3).jpg
TEMP_TEST\0962 (6).jpg,REAL,0.4950155019760132,0.4937061071395874,0.5121954679489136,0.0013093948364257812,-0.01717996597290039,0.018489360809326172,0,0,TEMP_TEST\REAL\0962 (6).jpg
TEMP_TEST\0962.jpg,REAL,0.9366841316223145,0.9360743761062622,0.50853431224823,0.0006097555160522461,0.4281498193740845,0.4275400638580322,1,0,TEMP_TEST\REAL\0962.jpg
TEMP_TEST\0965 (8).jpg,REAL,0.4425545334815979,0.44175124168395996,0.5105692744255066,0.0008032917976379395,-0.06801474094390869,0.06881803274154663,0,0,TEMP_TEST\REAL\0965 (8).jpg
TEMP_TEST\0965.jpg,REAL,0.8782542943954468,0.8767512440681458,0.510353147983551,0.0015030503273010254,0.36790114641189575,0.3663980960845947,1,0,TEMP_TEST\REAL\0965.jpg
TEMP_TEST\0967 (3).jpg,REAL,0.9980244636535645,0.9980040192604065,0.5092004537582397,2.0444393157958984e-05,0.4888240098953247,0.48880356550216675,1,0,TEMP_TEST\REAL\0967 (3).jpg
TEMP_TEST\0970 (9).jpg,REAL,0.38337838649749756,0.38413673639297485,0.5079924464225769,-0.0007583498954772949,-0.12461405992507935,0.12385571002960205,0,0,TEMP_TEST\REAL\0970 (9).jpg
TEMP_TEST\0972 (10).jpg,REAL,0.242873415350914,0.24186795949935913,0.5104964971542358,0.0010054558515548706,-0.26762308180332184,0.2686285376548767,0,0,TEMP_TEST\REAL\0972 (10).jpg
TEMP_TEST\0975 (4).jpg,REAL,0.5651096701622009,0.5648678541183472,0.5103611946105957,0.00024181604385375977,0.054748475551605225,0.054506659507751465,1,0,TEMP_TEST\REAL\0975 (4).jpg
TEMP_TEST\0977 (3).jpg,REAL,0.9814339280128479,0.9812288880348206,0.508611261844635,0.00020503997802734375,0.4728226661682129,0.47261762619018555,1,0,TEMP_TEST\REAL\0977 (3).jpg
TEMP_TEST\0978 (3).jpg,REAL,0.8592956066131592,0.8578428030014038,0.5110458135604858,0.001452803611755371,0.34824979305267334,0.34679698944091797,1,0,TEMP_TEST\REAL\0978 (3).jpg
TEMP_TEST\0978.jpg,REAL,0.5042895674705505,0.5080074667930603,0.5083249807357788,-0.0037178993225097656,-0.0040354132652282715,0.00031751394271850586,0,0,TEMP_TEST\REAL\0978.jpg
TEMP_TEST\0979.jpg,REAL,0.8791059851646423,0.8779918551445007,0.5098173022270203,0.0011141300201416016,0.36928868293762207,0.36817455291748047,1,0,TEMP_TEST\REAL\0979.jpg
TEMP_TEST\0980 (3).jpg,REAL,0.5531265735626221,0.553310751914978,0.5094138383865356,-0.00018417835235595703,0.043712735176086426,0.04389691352844238,0,0,TEMP_TEST\REAL\0980 (3).jpg
TEMP_TEST\0983.jpg,REAL,0.2514159679412842,0.25052323937416077,0.5096315741539001,0.0008927285671234131,-0.25821560621261597,0.2591083347797394,0,0,TEMP_TEST\REAL\0983.jpg
TEMP_TEST\0985 (10).jpg,REAL,0.8885015845298767,0.8875300288200378,0.5083895325660706,0.0009715557098388672,0.38011205196380615,0.3791404962539673,1,0,TEMP_TEST\REAL\0985 (10).jpg
TEMP_TEST\0986 (3).jpg,REAL,0.7167565822601318,0.7177532315254211,0.5055328607559204,-0.0009966492652893066,0.21122372150421143,0.21222037076950073,1,0,TEMP_TEST\REAL\0986 (3).jpg
TEMP_TEST\0986 (7).jpg,REAL,0.6996679902076721,0.6982322335243225,0.5086760520935059,0.0014357566833496094,0.19099193811416626,0.18955618143081665,1,0,TEMP_TEST\REAL\0986 (7).jpg
TEMP_TEST\0989.jpg,REAL,0.9311628937721252,0.9304988384246826,0.5100237131118774,0.000664055347442627,0.4211391806602478,0.4204751253128052,1,0,TEMP_TEST\REAL\0989.jpg
TEMP_TEST\0990 (2).jpg,REAL,0.21394602954387665,0.21335455775260925,0.5100492238998413,0.000591471791267395,-0.29610319435596466,0.29669466614723206,0,0,TEMP_TEST\REAL\0990 (2).jpg
TEMP_TEST\0996 (2).jpg,REAL,0.9447165727615356,0.9442038536071777,0.5086106061935425,0.0005127191543579102,0.43610596656799316,0.43559324741363525,1,0,TEMP_TEST\REAL\0996 (2).jpg
TEMP_TEST\0999.jpg,REAL,0.9512306451797485,0.9504073262214661,0.5115705132484436,0.0008233189582824707,0.43966013193130493,0.43883681297302246,1,0,TEMP_TEST\REAL\0999.jpg
TEMP_TEST\FAKE\10 (6).jpg,FAKE,0.3090439736843109,0.3087317645549774,0.5100672841072083,0.0003122091293334961,-0.20102331042289734,0.20133551955223083,0,0,TEMP_TEST\FAKE\10 (6).jpg
TEMP_TEST\FAKE\10.jpg,FAKE,0.5136938691139221,0.518418550491333,0.5068639516830444,-0.004724681377410889,0.0068299174308776855,0.011554598808288574,0,0,TEMP_TEST\FAKE\10.jpg
TEMP_TEST\FAKE\100 (9).jpg,FAKE,0.5222793221473694,0.5273005962371826,0.5074788331985474,-0.005021274089813232,0.014800488948822021,0.019821763038635254,0,0,TEMP_TEST\FAKE\100 (9).jpg
TEMP_TEST\FAKE\101 (3).jpg,FAKE,0.5351510643959045,0.533928394317627,0.510233461856842,0.0012226700782775879,0.0249176025390625,0.023694932460784912,0,0,TEMP_TEST\FAKE\101 (3).jpg
TEMP_TEST\FAKE\102 (10).jpg,FAKE,0.04576748609542847,0.046074267476797104,0.5077916383743286,-0.0003067813813686371,-0.46202415227890015,0.4617173708975315,0,0,TEMP_TEST\FAKE\102 (10).jpg
TEMP_TEST\FAKE\105 (2).jpg,FAKE,0.5378465056419373,0.5377081036567688,0.5092871189117432,0.00013840198516845703,0.028559386730194092,0.028420984745025635,0,0,TEMP_TEST\FAKE\105 (2).jpg
TEMP_TEST\FAKE\109 (4).jpg,FAKE,0.1691354364156723,0.1696263551712036,0.5090001821517944,-0.000490918755531311,-0.33986474573612213,0.3393738269805908,0,0,TEMP_TEST\FAKE\109 (4).jpg
TEMP_TEST\FAKE\112 (10).jpg,FAKE,0.013608546927571297,0.013589983806014061,0.5084704160690308,1.8563121557235718e-05,-0.49486186914145947,0.4948804322630167,0,0,TEMP_TEST\FAKE\112 (10).jpg
TEMP_TEST\FAKE\112 (6).jpg,FAKE,0.039228081703186035,0.03905555605888367,0.5101682543754578,0.00017252564430236816,-0.47094017267227173,0.4711126983165741,0,0,TEMP_TEST\FAKE\112 (6).jpg
TEMP_TEST\FAKE\115 (3).jpg,FAKE,0.07207909226417542,0.07206496596336365,0.5101558566093445,1.4126300811767578e-05,-0.43807676434516907,0.43809089064598083,0,0,TEMP_TEST\FAKE\115 (3).jpg
TEMP_TEST\FAKE\117 (3).jpg,FAKE,0.32293540239334106,0.3239400088787079,0.5098707675933838,-0.0010046064853668213,-0.18693536520004272,0.1859307587146759,0,0,TEMP_TEST\FAKE\117 (3).jpg
TEMP_TEST\FAKE\119 (10).jpg,FAKE,0.48678985238075256,0.4883333444595337,0.5099489092826843,-0.001543492078781128,-0.023159056901931763,0.021615564823150635,0,0,TEMP_TEST\FAKE\119 (10).jpg
TEMP_TEST\FAKE\12 (3).jpg,FAKE,0.3346138894557953,0.33337920904159546,0.5104947090148926,0.001234680414199829,-0.1758808195590973,0.17711549997329712,0,0,TEMP_TEST\FAKE\12 (3).jpg
TEMP_TEST\FAKE\124 (3).jpg,FAKE,0.5314946174621582,0.5314631462097168,0.5091008543968201,3.147125244140625e-05,0.022393763065338135,0.02236229181289673,0,0,TEMP_TEST\FAKE\124 (3).jpg
TEMP_TEST\FAKE\126 (10).jpg,FAKE,0.32354772090911865,0.32484638690948486,0.5088333487510681,-0.001298666000366211,-0.18528562784194946,0.18398696184158325,0,0,TEMP_TEST\FAKE\126 (10).jpg
TEMP_TEST\FAKE\126 (9).jpg,FAKE,0.019160447642207146,0.019109588116407394,0.5095129013061523,5.085952579975128e-05,-0.4903524536639452,0.49040331318974495,0,0,TEMP_TEST\FAKE\126 (9).jpg
TEMP_TEST\FAKE\128 (6).jpg,FAKE,0.3870905935764313,0.38481128215789795,0.5108824968338013,0.002279311418533325,-0.12379190325737,0.12607121467590332,0,0,TEMP_TEST\FAKE\128 (6).jpg
TEMP_TEST\FAKE\130 (10).jpg,FAKE,0.5471905469894409,0.5477920770645142,0.5099310278892517,-0.0006015300750732422,0.03725951910018921,0.03786104917526245,0,0,TEMP_TEST\FAKE\130 (10).jpg
TEMP_TEST\FAKE\133 (5).jpg,FAKE,0.3776610791683197,0.37506669759750366,0.5101622343063354,0.00259438157081604,-0.13250115513801575,0.1350955367088318,0,0,TEMP_TEST\FAKE\133 (5).jpg
TEMP_TEST\FAKE\137 (9).jpg,FAKE,0.4284137189388275,0.4297346770763397,0.5074334740638733,-0.001320958137512207,-0.07901975512504578,0.07769879698753357,0,0,TEMP_TEST\FAKE\137 (9).jpg
TEMP_TEST\FAKE\137.jpg,FAKE,0.00040766794700175524,0.00040761471609584987,0.5087202191352844,5.3230905905365944e-08,-0.5083125511882827,0.5083126044191886,0,0,TEMP_TEST\FAKE\137.jpg
TEMP_TEST\FAKE\139.jpg,FAKE,0.35122150182724,0.3497193455696106,0.5108372569084167,0.0015021562576293945,-0.15961575508117676,0.16111791133880615,0,0,TEMP_TEST\FAKE\139.jpg
TEMP_TEST\FAKE\149 (3).jpg,FAKE,0.5175898671150208,0.5164932012557983,0.509903073310852,0.0010966658592224121,0.007686793804168701,0.006590127944946289,0,0,TEMP_TEST\FAKE\149 (3).jpg
TEMP_TEST\FAKE\154 (4).jpg,FAKE,0.004268260672688484,0.004259233828634024,0.5103800892829895,9.026844054460526e-06,-0.506111828610301,0.5061208554543555,0,0,TEMP_TEST\FAKE\154 (4).jpg
TEMP_TEST\FAKE\155 (6).jpg,FAKE,0.07482254505157471,0.07602287828922272,0.5063047409057617,-0.0012003332376480103,-0.431482195854187,0.430281862616539,0,0,TEMP_TEST\FAKE\155 (6).jpg
TEMP_TEST\FAKE\158 (2).jpg,FAKE,0.25887417793273926,0.25893083214759827,0.5095834732055664,-5.665421485900879e-05,-0.25070929527282715,0.25065264105796814,0,0,TEMP_TEST\FAKE\158 (2).jpg
TEMP_TEST\FAKE\159 (9).jpg,FAKE,0.2621713876724243,0.26077550649642944,0.5097190141677856,0.001395881175994873,-0.24754762649536133,0.2489435076713562,0,0,TEMP_TEST\FAKE\159 (9).jpg
TEMP_TEST\FAKE\161 (6).jpg,FAKE,0.2403799444437027,0.2415630966424942,0.5085484981536865,-0.001183152198791504,-0.2681685537099838,0.2669854015111923,0,0,TEMP_TEST\FAKE\161 (6).jpg
TEMP_TEST\FAKE\165 (4).jpg,FAKE,0.18168537318706512,0.18153005838394165,0.509821891784668,0.00015531480312347412,-0.32813651859760284,0.3282918334007263,0,0,TEMP_TEST\FAKE\165 (4).jpg
TEMP_TEST\FAKE\181 (6).jpg,FAKE,0.24715879559516907,0.24722549319267273,0.5095441341400146,-6.669759750366211e-05,-0.2623853385448456,0.2623186409473419,0,0,TEMP_TEST\FAKE\181 (6).jpg
TEMP_TEST\FAKE\184 (3).jpg,FAKE,0.20100243389606476,0.20032906532287598,0.5107540488243103,0.0006733685731887817,-0.30975161492824554,0.3104249835014343,0,0,TEMP_TEST\FAKE\184 (3).jpg
TEMP_TEST\FAKE\185 (9).jpg,FAKE,0.5043577551841736,0.5088566541671753,0.5065529346466064,-0.004498898983001709,-0.0021951794624328613,0.0023037195205688477,0,0,TEMP_TEST\FAKE\185 (9).jpg
TEMP_TEST\FAKE\186 (5).jpg,FAKE,0.17431069910526276,0.1734430491924286,0.5106126070022583,0.0008676499128341675,-0.33630190789699554,0.3371695578098297,0,0,TEMP_TEST\FAKE\186 (5).jpg
TEMP_TEST\FAKE\19 (3).jpg,FAKE,0.4045848846435547,0.4032467305660248,0.5088558793067932,0.0013381540775299072,-0.10427099466323853,0.10560914874076843,0,0,TEMP_TEST\FAKE\19 (3).jpg
TEMP_TEST\FAKE\19 (4).jpg,FAKE,0.022350776940584183,0.02271832898259163,0.5065400004386902,-0.0003675520420074463,-0.484189223498106,0.48382167145609856,0,0,TEMP_TEST\FAKE\19 (4).jpg
TEMP_TEST\FAKE\190 (6).jpg,FAKE,0.0770227462053299,0.07666554301977158,0.5103482604026794,0.0003572031855583191,-0.43332551419734955,0.43368271738290787,0,0,TEMP_TEST\FAKE\190 (6).jpg
TEMP_TEST\FAKE\197 (9).jpg,FAKE,0.4973665475845337,0.49767348170280457,0.5087346434593201,-0.000306934118270874,-0.011368095874786377,0.011061161756515503,0,0,TEMP_TEST\FAKE\197 (9).jpg
TEMP_TEST\FAKE\20 (6).jpg,FAKE,0.4759674370288849,0.47575464844703674,0.5109278559684753,0.00021278858184814453,-0.034960418939590454,0.0351732075214386,0,0,TEMP_TEST\FAKE\20 (6).jpg
TEMP_TEST\FAKE\200 (6).jpg,FAKE,0.14226491749286652,0.14359375834465027,0.5079432129859924,-0.0013288408517837524,-0.3656782954931259,0.36434945464134216,0,0,TEMP_TEST\FAKE\200 (6).jpg
TEMP_TEST\FAKE\205 (2).jpg,FAKE,0.4592212438583374,0.45820048451423645,0.5099366903305054,0.0010207593441009521,-0.05071544647216797,0.05173620581626892,0,0,TEMP_TEST\FAKE\205 (2).jpg
TEMP_TEST\FAKE\211 (8).jpg,FAKE,0.2448616325855255,0.2437736988067627,0.5106266736984253,0.0010879337787628174,-0.2657650411128998,0.2668529748916626,0,0,TEMP_TEST\FAKE\211 (8).jpg
TEMP_TEST\FAKE\215 (3).jpg,FAKE,0.3128811717033386,0.3137813210487366,0.5105618834495544,-0.0009001493453979492,-0.19768071174621582,0.19678056240081787,0,0,TEMP_TEST\FAKE\215 (3).jpg
TEMP_TEST\FAKE\229 (8).jpg,FAKE,0.44278791546821594,0.44588321447372437,0.50829017162323,-0.003095299005508423,-0.06550225615501404,0.062406957149505615,0,0,TEMP_TEST\FAKE\229 (8).jpg
TEMP_TEST\FAKE\234.jpg,FAKE,0.40086543560028076,0.40286925435066223,0.5101252794265747,-0.0020038187503814697,-0.10925984382629395,0.10725602507591248,0,0,TEMP_TEST\FAKE\234.jpg
TEMP_TEST\FAKE\236.jpg,FAKE,0.4938526153564453,0.49585410952568054,0.5090669393539429,-0.0020014941692352295,-0.015214323997497559,0.013212829828262329,0,0,TEMP_TEST\FAKE\236.jpg
TEMP_TEST\FAKE\242 (9).jpg,FAKE,0.11156804114580154,0.11163560301065445,0.5083538293838501,-6.756186485290527e-05,-0.39678578823804855,0.39671822637319565,0,0,TEMP_TEST\FAKE\242 (9).jpg
TEMP_TEST\FAKE\243 (5).jpg,FAKE,0.0008277265005744994,0.0008430976886302233,0.5057891011238098,-1.5371188055723906e-05,-0.5049613746232353,0.5049460034351796,0,0,TEMP_TEST\FAKE\243 (5).jpg
TEMP_TEST\FAKE\247 (10).jpg,FAKE,0.5329121947288513,0.530794084072113,0.511595606803894,0.0021181106567382812,0.021316587924957275,0.019198477268218994,0,0,TEMP_TEST\FAKE\247 (10).jpg
TEMP_TEST\FAKE\259 (3).jpg,FAKE,0.45719489455223083,0.45735955238342285,0.5113085508346558,-0.0001646578311920166,-0.05411365628242493,0.05394899845123291,0,0,TEMP_TEST\FAKE\259 (3).jpg
TEMP_TEST\FAKE\259 (4).jpg,FAKE,0.4795033037662506,0.4811919033527374,0.5089073777198792,-0.0016885995864868164,-0.02940407395362854,0.027715474367141724,0,0,TEMP_TEST\FAKE\259 (4).jpg
TEMP_TEST\FAKE\259 (8).jpg,FAKE,0.5279144644737244,0.5326183438301086,0.5068420767784119,-0.004703879356384277,0.0210723876953125,0.025776267051696777,0,0,TEMP_TEST\FAKE\259 (8).jpg
TEMP_TEST\FAKE\26 (2).jpg,FAKE,0.031048551201820374,0.03105514869093895,0.5094242095947266,-6.59748911857605e-06,-0.4783756583929062,0.4783690609037876,0,0,TEMP_TEST\FAKE\26 (2).jpg
TEMP_TEST\FAKE\26 (3).jpg,FAKE,0.4597072899341583,0.46607086062431335,0.5051373243331909,-0.006363570690155029,-0.04543003439903259,0.039066463708877563,0,0,TEMP_TEST\FAKE\26 (3).jpg
TEMP_TEST\FAKE\261 (8).jpg,FAKE,0.4141917824745178,0.4130179286003113,0.5106305480003357,0.001173853874206543,-0.09643876552581787,0.09761261940002441,0,0,TEMP_TEST\FAKE\261 (8).jpg
TEMP_TEST\FAKE\264 (4).jpg,FAKE,0.22553406655788422,0.2258031815290451,0.5093262791633606,-0.00026911497116088867,-0.2837922126054764,0.2835230976343155,0,0,TEMP_TEST\FAKE\264 (4).jpg
TEMP_TEST\FAKE\264 (9).jpg,FAKE,0.4074859321117401,0.4087585210800171,0.5088639855384827,-0.0012725889682769775,-0.10137805342674255,0.10010546445846558,0,0,TEMP_TEST\FAKE\264 (9).jpg
TEMP_TEST\FAKE\266 (8).jpg,FAKE,0.4956241846084595,0.5030232071876526,0.5055081248283386,-0.007399022579193115,-0.00988394021987915,0.002484917640686035,0,0,TEMP_TEST\FAKE\266 (8).jpg
TEMP_TEST\FAKE\267 (2).jpg,FAKE,0.15000879764556885,0.1501816213130951,0.5089359879493713,-0.00017282366752624512,-0.3589271903038025,0.35875436663627625,0,0,TEMP_TEST\FAKE\267 (2).jpg
TEMP_TEST\FAKE\267 (8).jpg,FAKE,0.29709628224372864,0.2997046113014221,0.507203996181488,-0.0026083290576934814,-0.2101077139377594,0.20749938488006592,0,0,TEMP_TEST\FAKE\267 (8).jpg
TEMP_TEST\FAKE\27 (6).jpg,FAKE,0.030033323913812637,0.029904115945100784,0.5095558762550354,0.00012920796871185303,-0.47952255234122276,0.4796517603099346,0,0,TEMP_TEST\FAKE\27 (6).jpg
TEMP_TEST\FAKE\271 (3).jpg,FAKE,0.0772283524274826,0.07725890725851059,0.5103873610496521,-3.055483102798462e-05,-0.4331590086221695,0.4331284537911415,0,0,TEMP_TEST\FAKE\271 (3).jpg
TEMP_TEST\FAKE\275 (3).jpg,FAKE,0.3130090832710266,0.3125266432762146,0.510552704334259,0.0004824399948120117,-0.19754362106323242,0.19802606105804443,0,0,TEMP_TEST\FAKE\275 (3).jpg
TEMP_TEST\FAKE\275 (8).jpg,FAKE,0.4826870262622833,0.48457691073417664,0.5079730749130249,-0.0018898844718933105,-0.025286048650741577,0.023396164178848267,0,0,TEMP_TEST\FAKE\275 (8).jpg
TEMP_TEST\FAKE\285 (10).jpg,FAKE,0.013485455885529518,0.013388539664447308,0.5111113786697388,9.691622108221054e-05,-0.49762592278420925,0.49772283900529146,0,0,TEMP_TEST\FAKE\285 (10).jpg
TEMP_TEST\FAKE\290 (2).jpg,FAKE,0.23029232025146484,0.22936348617076874,0.5099523067474365,0.000928834080696106,-0.2796599864959717,0.2805888205766678,0,0,TEMP_TEST\FAKE\290 (2).jpg
TEMP_TEST\FAKE\291 (9).jpg,FAKE,0.20699822902679443,0.20720438659191132,0.5084531903266907,-0.00020615756511688232,-0.30145496129989624,0.30124880373477936,0,0,TEMP_TEST\FAKE\291 (9).jpg
TEMP_TEST\FAKE\292 (3).jpg,FAKE,0.023381683975458145,0.023283399641513824,0.5104824900627136,9.828433394432068e-05,-0.4871008060872555,0.4871990904211998,0,0,TEMP_TEST\FAKE\292 (3).jpg
TEMP_TEST\FAKE\295 (3).jpg,FAKE,0.003977047745138407,0.004005840979516506,0.5085471272468567,-2.879323437809944e-05,-0.5045700795017183,0.5045412862673402,0,0,TEMP_TEST\FAKE\295 (3).jpg
TEMP_TEST\FAKE\30 (6).jpg,FAKE,0.47689783573150635,0.47718605399131775,0.5094985961914062,-0.00028821825981140137,-0.0326007604598999,0.0323125422000885,0,0,TEMP_TEST\FAKE\30 (6).jpg
TEMP_TEST\FAKE\301 (8).jpg,FAKE,0.18871386349201202,0.18859507143497467,0.5096011161804199,0.00011879205703735352,-0.3208872526884079,0.32100604474544525,0,0,TEMP_TEST\FAKE\301 (8).jpg
TEMP_TEST\FAKE\302 (3).jpg,FAKE,0.4272218644618988,0.42655080556869507,0.5089797377586365,0.0006710588932037354,-0.08175787329673767,0.0824289321899414,0,0,TEMP_TEST\FAKE\302 (3).jpg
TEMP_TEST\FAKE\302 (5).jpg,FAKE,0.5428253412246704,0.5457495450973511,0.507112979888916,-0.002924203872680664,0.035712361335754395,0.03863656520843506,0,0,TEMP_TEST\FAKE\302 (5).jpg
TEMP_TEST\FAKE\306 (6).jpg,FAKE,0.32081976532936096,0.3225957751274109,0.5085797309875488,-0.0017760097980499268,-0.18775996565818787,0.18598395586013794,0,0,TEMP_TEST\FAKE\306 (6).jpg
TEMP_TEST\FAKE\309 (10).jpg,FAKE,0.5049960017204285,0.5050879716873169,0.5094035863876343,-9.196996688842773e-05,-0.0044075846672058105,0.004315614700317383,0,0,TEMP_TEST\FAKE\309 (10).jpg
TEMP_TEST\FAKE\312 (8).jpg,FAKE,0.5416247844696045,0.5433135032653809,0.5075251460075378,-0.0016887187957763672,0.03409963846206665,0.03578835725784302,0,0,TEMP_TEST\FAKE\312 (8).jpg
TEMP_TEST\FAKE\315 (9).jpg,FAKE,0.01954692229628563,0.019612736999988556,0.5076628923416138,-6.581470370292664e-05,-0.48811597004532814,0.4880501553416252,0,0,TEMP_TEST\FAKE\315 (9).jpg
TEMP_TEST\FAKE\317 (3).jpg,FAKE,0.24009394645690918,0.24117115139961243,0.5094208121299744,-0.001077204942703247,-0.2693268656730652,0.26824966073036194,0,0,TEMP_TEST\FAKE\317 (3).jpg
TEMP_TEST\FAKE\319 (9).jpg,FAKE,0.42969810962677,0.4332522749900818,0.5073652863502502,-0.0035541653633117676,-0.07766717672348022,0.07411301136016846,0,0,TEMP_TEST\FAKE\319 (9).jpg
TEMP_TEST\FAKE\32 (4).jpg,FAKE,0.0072292243130505085,0.007272837217897177,0.5082353353500366,-4.3612904846668243e-05,-0.5010061110369861,0.5009624981321394,0,0,TEMP_TEST\FAKE\32 (4).jpg
TEMP_TEST\FAKE\323 (3).jpg,FAKE,0.21874262392520905,0.2185717225074768,0.5095853805541992,0.00017090141773223877,-0.2908427566289902,0.2910136580467224,0,0,TEMP_TEST\FAKE\323 (3).jpg
TEMP_TEST\FAKE\323 (8).jpg,FAKE,0.35797345638275146,0.35705938935279846,0.5093069672584534,0.0009140670299530029,-0.1513335108757019,0.1522475779056549,0,0,TEMP_TEST\FAKE\323 (8).jpg
TEMP_TEST\FAKE\324 (3).jpg,FAKE,0.0005720144836232066,0.0005703260540030897,0.5093263983726501,1.688429620116949e-06,-0.5087543838890269,0.5087560723186471,0,0,TEMP_TEST\FAKE\324 (3).jpg
TEMP_TEST\FAKE\326 (2).jpg,FAKE,0.5256680250167847,0.5265119671821594,0.5089753270149231,-0.0008439421653747559,0.016692698001861572,0.017536640167236328,0,0,TEMP_TEST\FAKE\326 (2).jpg
TEMP_TEST\FAKE\329 (9).jpg,FAKE,0.0805787593126297,0.08097910135984421,0.5075645446777344,-0.00040034204721450806,-0.4269857853651047,0.42658544331789017,0,0,TEMP_TEST\FAKE\329 (9).jpg
TEMP_TEST\FAKE\334.jpg,FAKE,0.38686683773994446,0.38596847653388977,0.5113879442214966,0.0008983612060546875,-0.12452110648155212,0.1254194676876068,0,0,TEMP_TEST\FAKE\334.jpg
TEMP_TEST\FAKE\336 (2).jpg,FAKE,0.52577143907547,0.5270475745201111,0.5089141726493835,-0.0012761354446411133,0.016857266426086426,0.01813340187072754,0,0,TEMP_TEST\FAKE\336 (2).jpg
TEMP_TEST\FAKE\336 (4).jpg,FAKE,0.34195801615715027,0.3441115915775299,0.5079187750816345,-0.0021535754203796387,-0.16596075892448425,0.16380718350410461,0,0,TEMP_TEST\FAKE\336 (4).jpg
TEMP_TEST\FAKE\339 (6).jpg,FAKE,0.02628617361187935,0.026251791045069695,0.5091129541397095,3.4382566809654236e-05,-0.4828267805278301,0.4828611630946398,0,0,TEMP_TEST\FAKE\339 (6).jpg
TEMP_TEST\FAKE\349 (3).jpg,FAKE,0.5126373767852783,0.5119422078132629,0.5101121664047241,0.0006951689720153809,0.0025252103805541992,0.0018300414085388184,0,0,TEMP_TEST\FAKE\349 (3).jpg
TEMP_TEST\FAKE\350 (6).jpg,FAKE,0.06871356070041656,0.06878411024808884,0.5097659826278687,-7.054954767227173e-05,-0.4410524219274521,0.4409818723797798,0,0,TEMP_TEST\FAKE\350 (6).jpg
TEMP_TEST\FAKE\353 (9).jpg,FAKE,0.2697628438472748,0.2725861668586731,0.5077414512634277,-0.0028233230113983154,-0.23797860741615295,0.23515528440475464,0,0,TEMP_TEST\FAKE\353 (9).jpg
TEMP_TEST\FAKE\358 (9).jpg,FAKE,0.38569626212120056,0.3866036534309387,0.5089757442474365,-0.0009073913097381592,-0.12327948212623596,0.1223720908164978,0,0,TEMP_TEST\FAKE\358 (9).jpg
TEMP_TEST\FAKE\366 (2).jpg,FAKE,0.5203421115875244,0.5194030404090881,0.5101803541183472,0.0009390711784362793,0.010161757469177246,0.009222686290740967,0,0,TEMP_TEST\FAKE\366 (2).jpg
TEMP_TEST\FAKE\367 (10).jpg,FAKE,0.2692332863807678,0.26947203278541565,0.5092272162437439,-0.00023874640464782715,-0.23999392986297607,0.23975518345832825,0,0,TEMP_TEST\FAKE\367 (10).jpg
TEMP_TEST\FAKE\369 (3).jpg,FAKE,0.5079545378684998,0.5069296360015869,0.510966956615448,0.0010249018669128418,-0.003012418746948242,0.004037320613861084,0,0,TEMP_TEST\FAKE\369 (3).jpg
TEMP_TEST\FAKE\374 (3).jpg,FAKE,0.29661935567855835,0.29654985666275024,0.5090025663375854,6.949901580810547e-05,-0.2123832106590271,0.2124527096748352,0,0,TEMP_TEST\FAKE\374 (3).jpg
TEMP_TEST\FAKE\375 (10).jpg,FAKE,0.4956207871437073,0.4970698952674866,0.5092871785163879,-0.0014491081237792969,-0.013666391372680664,0.012217283248901367,0,0,TEMP_TEST\FAKE\375 (10).jpg
TEMP_TEST\FAKE\377 (3).jpg,FAKE,0.3984401226043701,0.3974178731441498,0.5100618600845337,0.001022249460220337,-0.11162173748016357,0.11264398694038391,0,0,TEMP_TEST\FAKE\377 (3).jpg
TEMP_TEST\FAKE\378 (2).jpg,FAKE,0.4262863099575043,0.4252507984638214,0.5111886858940125,0.0010355114936828613,-0.08490237593650818,0.08593788743019104,0,0,TEMP_TEST\FAKE\378 (2).jpg
TEMP_TEST\FAKE\382 (9).jpg,FAKE,0.3182591199874878,0.3184181749820709,0.5093523859977722,-0.00015905499458312988,-0.19109326601028442,0.1909342110157013,0,0,TEMP_TEST\FAKE\382 (9).jpg
TEMP_TEST\FAKE\384 (2).jpg,FAKE,0.00886768288910389,0.008824674412608147,0.5100101232528687,4.30084764957428e-05,-0.5011424403637648,0.5011854488402605,0,0,TEMP_TEST\FAKE\384 (2).jpg
TEMP_TEST\FAKE\384 (3).jpg,FAKE,0.09184006601572037,0.09138720482587814,0.5102390646934509,0.0004528611898422241,-0.41839899867773056,0.4188518598675728,0,0,TEMP_TEST\FAKE\384 (3).jpg
TEMP_TEST\FAKE\392 (10).jpg,FAKE,0.5467015504837036,0.5523102283477783,0.5072451829910278,-0.005608677864074707,0.03945636749267578,0.04506504535675049,0,0,TEMP_TEST\FAKE\392 (10).jpg
TEMP_TEST\FAKE\393 (3).jpg,FAKE,0.11374296993017197,0.113495834171772,0.5109614729881287,0.0002471357583999634,-0.3972185030579567,0.39746563881635666,0,0,TEMP_TEST\FAKE\393 (3).jpg
TEMP_TEST\FAKE\4 (2).jpg,FAKE,0.064997598528862,0.06512275338172913,0.5093113780021667,-0.00012515485286712646,-0.44431377947330475,0.4441886246204376,0,0,TEMP_TEST\FAKE\4 (2).jpg
TEMP_TEST\FAKE\402 (9).jpg,FAKE,0.10171163082122803,0.10242147743701935,0.5081341862678528,-0.0007098466157913208,-0.40642255544662476,0.40571270883083344,0,0,TEMP_TEST\FAKE\402 (9).jpg
TEMP_TEST\FAKE\403 (6).jpg,FAKE,0.4410433769226074,0.44437363743782043,0.506930410861969,-0.0033302605152130127,-0.06588703393936157,0.06255677342414856,0,0,TEMP_TEST\FAKE\403 (6).jpg
TEMP_TEST\FAKE\408 (9).jpg,FAKE,0.034559398889541626,0.03501547873020172,0.5064110159873962,-0.0004560798406600952,-0.4718516170978546,0.4713955372571945,0,0,TEMP_TEST\FAKE\408 (9).jpg
TEMP_TEST\FAKE\408.jpg,FAKE,0.04187718778848648,0.04199405014514923,0.5074165463447571,-0.00011686235666275024,-0.4655393585562706,0.46542249619960785,0,0,TEMP_TEST\FAKE\408.jpg
TEMP_TEST\FAKE\41 (9).jpg,FAKE,0.492040753364563,0.4910900592803955,0.5104174017906189,0.0009506940841674805,-0.018376648426055908,0.01932734251022339,0,0,TEMP_TEST\FAKE\41 (9).jpg
TEMP_TEST\FAKE\419 (3).jpg,FAKE,0.42485564947128296,0.4262593388557434,0.5105140209197998,-0.0014036893844604492,-0.08565837144851685,0.0842546820640564,0,0,TEMP_TEST\FAKE\419 (3).jpg
TEMP_TEST\FAKE\419 (6).jpg,FAKE,0.4826474189758301,0.4826040267944336,0.508455216884613,4.3392181396484375e-05,-0.02580779790878296,0.025851190090179443,0,0,TEMP_TEST\FAKE\419 (6).jpg
TEMP_TEST\FAKE\425 (8).jpg,FAKE,0.5126618146896362,0.5139170289039612,0.5086194276809692,-0.0012552142143249512,0.004042387008666992,0.005297601222991943,0,0,TEMP_TEST\FAKE\425 (8).jpg
TEMP_TEST\FAKE\428 (2).jpg,FAKE,0.24152715504169464,0.2418052703142166,0.5086299180984497,-0.00027811527252197266,-0.26710276305675507,0.2668246477842331,0,0,TEMP_TEST\FAKE\428 (2).jpg
TEMP_TEST\FAKE\429 (4).jpg,FAKE,0.45322278141975403,0.453278124332428,0.5087859034538269,-5.5342912673950195e-05,-0.055563122034072876,0.055507779121398926,0,0,TEMP_TEST\FAKE\429 (4).jpg
TEMP_TEST\FAKE\430 (8).jpg,FAKE,0.14773237705230713,0.148397296667099,0.5077828168869019,-0.0006649196147918701,-0.3600504398345947,0.35938552021980286,0,0,TEMP_TEST\FAKE\430 (8).jpg
TEMP_TEST\FAKE\431 (9).jpg,FAKE,0.4461708068847656,0.44540125131607056,0.5100787878036499,0.0007695555686950684,-0.06390798091888428,0.06467753648757935,0,0,TEMP_TEST\FAKE\431 (9).jpg
TEMP_TEST\FAKE\432 (3).jpg,FAKE,0.41048839688301086,0.4130839407444,0.5081557631492615,-0.00259554386138916,-0.09766736626625061,0.09507182240486145,0,0,TEMP_TEST\FAKE\432 (3).jpg
TEMP_TEST\FAKE\437 (7).jpg,FAKE,0.26165780425071716,0.2623077929019928,0.5086570382118225,-0.0006499886512756348,-0.24699923396110535,0.2463492453098297,0,0,TEMP_TEST\FAKE\437 (7).jpg
TEMP_TEST\FAKE\438 (8).jpg,FAKE,0.41042420268058777,0.40965157747268677,0.5097469687461853,0.000772625207901001,-0.09932276606559753,0.10009539127349854,0,0,TEMP_TEST\FAKE\438 (8).jpg
TEMP_TEST\FAKE\439 (2).jpg,FAKE,0.5411971807479858,0.5398818254470825,0.5105015635490417,0.0013153553009033203,0.030695617198944092,0.02938026189804077,0,0,TEMP_TEST\FAKE\439 (2).jpg
TEMP_TEST\FAKE\44 (8).jpg,FAKE,0.3924877345561981,0.39260995388031006,0.5085550546646118,-0.00012221932411193848,-0.1160673201084137,0.11594510078430176,0,0,TEMP_TEST\FAKE\44 (8).jpg
TEMP_TEST\FAKE\440 (8).jpg,FAKE,0.23636981844902039,0.23563124239444733,0.5103320479393005,0.0007385760545730591,-0.27396222949028015,0.2747008055448532,0,0,TEMP_TEST\FAKE\440 (8).jpg
TEMP_TEST\FAKE\444 (10).jpg,FAKE,0.41685453057289124,0.4161829352378845,0.5101776719093323,0.0006715953350067139,-0.09332314133644104,0.09399473667144775,0,0,TEMP_TEST\FAKE\444 (10).jpg
TEMP_TEST\FAKE\452 (3).jpg,FAKE,0.20142874121665955,0.20091773569583893,0.5108779072761536,0.0005110055208206177,-0.309449166059494,0.30996017158031464,0,0,TEMP_TEST\FAKE\452 (3).jpg
TEMP_TEST\FAKE\452 (4).jpg,FAKE,0.45016467571258545,0.4495464265346527,0.5094856023788452,0.0006182491779327393,-0.059320926666259766,0.059939175844192505,0,0,TEMP_TEST\FAKE\452 (4).jpg
TEMP_TEST\FAKE\453 (3).jpg,FAKE,0.006312833167612553,0.00644517969340086,0.5062952637672424,-0.0001323465257883072,-0.4999824305996299,0.49985008407384157,0,0,TEMP_TEST\FAKE\453 (3).jpg
TEMP_TEST\FAKE\46 (5).jpg,FAKE,0.27805495262145996,0.27772489190101624,0.5094366669654846,0.0003300607204437256,-0.23138171434402466,0.23171177506446838,0,0,TEMP_TEST\FAKE\46 (5).jpg
TEMP_TEST\FAKE\460 (9).jpg,FAKE,0.02933068946003914,0.02955046109855175,0.5068466663360596,-0.0002197716385126114,-0.47751597687602043,0.4772962052375078,0,0,TEMP_TEST\FAKE\460 (9).jpg
TEMP_TEST\FAKE\474 (4).jpg,FAKE,0.47731778025627136,0.4766387641429901,0.5092903971672058,0.00067901611328125,-0.03197261691093445,0.0326516330242157,0,0,TEMP_TEST\FAKE\474 (4).jpg
TEMP_TEST\FAKE\477 (9).jpg,FAKE,0.280946284532547,0.2818543314933777,0.5081570744514465,-0.0009080469608306885,-0.22721078991889954,0.22630274295806885,0,0,TEMP_TEST\FAKE\477 (9).jpg
TEMP_TEST\FAKE\48 (6).jpg,FAKE,0.45101991295814514,0.45345959067344666,0.5078273415565491,-0.0024396777153015137,-0.05680742859840393,0.05436775088310242,0,0,TEMP_TEST\FAKE\48 (6).jpg
TEMP_TEST\FAKE\481 (3).jpg,FAKE,0.23072278499603271,0.23698332905769348,0.5042670369148254,-0.006260544061660767,-0.2735442519187927,0.26728370785713196,0,0,TEMP_TEST\FAKE\481 (3).jpg
TEMP_TEST\FAKE\483 (10).jpg,FAKE,0.5264557600021362,0.5279558897018433,0.5106014013290405,-0.0015001296997070312,0.015854358673095703,0.017354488372802734,0,0,TEMP_TEST\FAKE\483 (10).jpg
TEMP_TEST\FAKE\484 (5).jpg,FAKE,0.44905588030815125,0.44948339462280273,0.5092531442642212,-0.00042751431465148926,-0.060197263956069946,0.05976974964141846,0,0,TEMP_TEST\FAKE\484 (5).jpg
TEMP_TEST\FAKE\486 (3).jpg,FAKE,0.5449942350387573,0.5442230105400085,0.510082483291626,0.0007712244987487793,0.03491175174713135,0.03414052724838257,0,0,TEMP_TEST\FAKE\486 (3).jpg
TEMP_TEST\FAKE\489 (10).jpg,FAKE,0.5003632307052612,0.49939918518066406,0.5102270245552063,0.000964045524597168,-0.009863793849945068,0.010827839374542236,0,0,TEMP_TEST\FAKE\489 (10).jpg
TEMP_TEST\FAKE\49 (9).jpg,FAKE,0.38818228244781494,0.3867426812648773,0.5092464089393616,0.001439601182937622,-0.12106412649154663,0.12250372767448425,0,0,TEMP_TEST\FAKE\49 (9).jpg
TEMP_TEST\FAKE\490 (3).jpg,FAKE,0.07324860990047455,0.0738048329949379,0.5071465373039246,-0.0005562230944633484,-0.43389792740345,0.43334170430898666,0,0,TEMP_TEST\FAKE\490 (3).jpg
TEMP_TEST\FAKE\491 (3).jpg,FAKE,0.5413184762001038,0.540417492389679,0.5109121203422546,0.0009009838104248047,0.03040635585784912,0.029505372047424316,0,0,TEMP_TEST\FAKE\491 (3).jpg
TEMP_TEST\FAKE\493 (10).jpg,FAKE,0.45730236172676086,0.4568256437778473,0.5097748041152954,0.0004767179489135742,-0.052472442388534546,0.05294916033744812,0,0,TEMP_TEST\FAKE\493 (10).jpg
TEMP_TEST\FAKE\497 (6).jpg,FAKE,0.4137372374534607,0.4161461889743805,0.5079001784324646,-0.0024089515209198,-0.0941629409790039,0.0917539894580841,0,0,TEMP_TEST\FAKE\497 (6).jpg
TEMP_TEST\FAKE\498 (2).jpg,FAKE,0.10052883625030518,0.10022018849849701,0.5097518563270569,0.0003086477518081665,-0.4092230200767517,0.4095316678285599,0,0,TEMP_TEST\FAKE\498 (2).jpg
TEMP_TEST\FAKE\500 (3).jpg,FAKE,0.353726863861084,0.354006826877594,0.5091466903686523,-0.00027996301651000977,-0.15541982650756836,0.15513986349105835,0,0,TEMP_TEST\FAKE\500 (3).jpg
TEMP_TEST\FAKE\505 (9).jpg,FAKE,0.3830142617225647,0.38428956270217896,0.5080130696296692,-0.0012753009796142578,-0.12499880790710449,0.12372350692749023,0,0,TEMP_TEST\FAKE\505 (9).jpg
TEMP_TEST\FAKE\506 (9).jpg,FAKE,0.42174679040908813,0.4258251488208771,0.5069820880889893,-0.00407835841178894,-0.08523529767990112,0.08115693926811218,0,0,TEMP_TEST\FAKE\506 (9).jpg
TEMP_TEST\FAKE\51 (3).jpg,FAKE,0.46041139960289,0.4607580602169037,0.508422315120697,-0.0003466606140136719,-0.04801091551780701,0.047664254903793335,0,0,TEMP_TEST\FAKE\51 (3).jpg
TEMP_TEST\FAKE\510.jpg,FAKE,0.03675480931997299,0.037052832543849945,0.5069217085838318,-0.0002980232238769531,-0.4701668992638588,0.46986887603998184,0,0,TEMP_TEST\FAKE\510.jpg
TEMP_TEST\FAKE\513 (3).jpg,FAKE,0.2287922203540802,0.230840265750885,0.5074464678764343,-0.0020480453968048096,-0.2786542475223541,0.2766062021255493,0,0,TEMP_TEST\FAKE\513 (3).jpg
TEMP_TEST\FAKE\515 (3).jpg,FAKE,0.04397723451256752,0.04428898170590401,0.5072181820869446,-0.0003117471933364868,-0.46324094757437706,0.4629292003810406,0,0,TEMP_TEST\FAKE\515 (3).jpg
TEMP_TEST\FAKE\516 (3).jpg,FAKE,0.26435351371765137,0.2646115720272064,0.5095375776290894,-0.0002580583095550537,-0.245184063911438,0.24492600560188293,0,0,TEMP_TEST\FAKE\516 (3).jpg
TEMP_TEST\FAKE\517 (9).jpg,FAKE,0.11240342259407043,0.1124199777841568,0.5087335705757141,-1.6555190086364746e-05,-0.3963301479816437,0.3963135927915573,0,0,TEMP_TEST\FAKE\517 (9).jpg
TEMP_TEST\FAKE\518 (3).jpg,FAKE,0.12318293750286102,0.1244477704167366,0.5091856718063354,-0.0012648329138755798,-0.3860027343034744,0.38473790138959885,0,0,TEMP_TEST\FAKE\518 (3).jpg
TEMP_TEST\FAKE\523 (10).jpg,FAKE,0.5330637693405151,0.5334171652793884,0.5099208950996399,-0.000353395938873291,0.023142874240875244,0.023496270179748535,0,0,TEMP_TEST\FAKE\523 (10).jpg
TEMP_TEST\FAKE\530 (5).jpg,FAKE,0.541132926940918,0.5418539047241211,0.5082710385322571,-0.000720977783203125,0.03286188840866089,0.033582866191864014,0,0,TEMP_TEST\FAKE\530 (5).jpg
TEMP_TEST\FAKE\531.jpg,FAKE,0.5542629361152649,0.5552242398262024,0.50804603099823,-0.0009613037109375,0.04621690511703491,0.04717820882797241,0,0,TEMP_TEST\FAKE\531.jpg
TEMP_TEST\FAKE\532 (2).jpg,FAKE,0.21409480273723602,0.2145194113254547,0.5079100131988525,-0.00042460858821868896,-0.2938152104616165,0.2933906018733978,0,0,TEMP_TEST\FAKE\532 (2).jpg
TEMP_TEST\FAKE\549 (6).jpg,FAKE,0.5122463703155518,0.5114386081695557,0.5099515318870544,0.0008077621459960938,0.0022948384284973145,0.0014870762825012207,0,0,TEMP_TEST\FAKE\549 (6).jpg
TEMP_TEST\FAKE\552 (3).jpg,FAKE,0.2667374908924103,0.26725295186042786,0.5085437297821045,-0.0005154609680175781,-0.2418062388896942,0.24129077792167664,0,0,TEMP_TEST\FAKE\552 (3).jpg
TEMP_TEST\FAKE\552.jpg,FAKE,0.07454225420951843,0.07514156401157379,0.5070134997367859,-0.0005993098020553589,-0.43247124552726746,0.4318719357252121,0,0,TEMP_TEST\FAKE\552.jpg
TEMP_TEST\FAKE\560 (9).jpg,FAKE,0.22836866974830627,0.22785857319831848,0.509332001209259,0.000510096549987793,-0.28096333146095276,0.28147342801094055,0,0,TEMP_TEST\FAKE\560 (9).jpg
TEMP_TEST\FAKE\561.jpg,FAKE,0.533775269985199,0.5334384441375732,0.5100075602531433,0.0003368258476257324,0.023767709732055664,0.02343088388442993,0,0,TEMP_TEST\FAKE\561.jpg
TEMP_TEST\FAKE\564 (3).jpg,FAKE,0.42483627796173096,0.425508975982666,0.5106754899024963,-0.0006726980209350586,-0.08583921194076538,0.08516651391983032,0,0,TEMP_TEST\FAKE\564 (3).jpg
TEMP_TEST\FAKE\565.jpg,FAKE,0.42152801156044006,0.42234525084495544,0.5091590285301208,-0.0008172392845153809,-0.08763101696968079,0.0868137776851654,0,0,TEMP_TEST\FAKE\565.jpg
TEMP_TEST\FAKE\566 (3).jpg,FAKE,0.06416168063879013,0.06397537142038345,0.5107098817825317,0.00018630921840667725,-0.4465482011437416,0.4467345103621483,0,0,TEMP_TEST\FAKE\566 (3).jpg
TEMP_TEST\FAKE\567 (3).jpg,FAKE,0.510331392288208,0.5086864829063416,0.510685920715332,0.001644909381866455,-0.00035452842712402344,0.0019994378089904785,0,0,TEMP_TEST\FAKE\567 (3).jpg
TEMP_TEST\FAKE\568 (10).jpg,FAKE,0.4903339743614197,0.49094200134277344,0.5096843838691711,-0.0006080269813537598,-0.019350409507751465,0.018742382526397705,0,0,TEMP_TEST\FAKE\568 (10).jpg
TEMP_TEST\FAKE\569 (8).jpg,FAKE,0.3511786162853241,0.35378381609916687,0.5082923769950867,-0.0026051998138427734,-0.15711376070976257,0.1545085608959198,0,0,TEMP_TEST\FAKE\569 (8).jpg
TEMP_TEST\FAKE\57 (8).jpg,FAKE,0.20348580181598663,0.20301863551139832,0.5091231465339661,0.00046716630458831787,-0.30563734471797943,0.30610451102256775,0,0,TEMP_TEST\FAKE\57 (8).jpg
TEMP_TEST\FAKE\574 (8).jpg,FAKE,0.31964120268821716,0.31889548897743225,0.510132372379303,0.0007457137107849121,-0.19049116969108582,0.19123688340187073,0,0,TEMP_TEST\FAKE\574 (8).jpg
TEMP_TEST\FAKE\578 (7).jpg,FAKE,0.3806852400302887,0.38453203439712524,0.5061396956443787,-0.003846794366836548,-0.12545445561408997,0.12160766124725342,0,0,TEMP_TEST\FAKE\578 (7).jpg
TEMP_TEST\FAKE\581 (10).jpg,FAKE,0.26056966185569763,0.2614821791648865,0.5083410739898682,-0.0009125173091888428,-0.24777141213417053,0.2468588948249817,0,0,TEMP_TEST\FAKE\581 (10).jpg
TEMP_TEST\FAKE\589 (3).jpg,FAKE,0.07573175430297852,0.07540899515151978,0.5100354552268982,0.00032275915145874023,-0.4343037009239197,0.4346264600753784,0,0,TEMP_TEST\FAKE\589 (3).jpg
TEMP_TEST\FAKE\594 (3).jpg,FAKE,0.3715876340866089,0.371128648519516,0.5105242729187012,0.0004589855670928955,-0.13893663883209229,0.13939562439918518,0,0,TEMP_TEST\FAKE\594 (3).jpg
TEMP_TEST\FAKE\599 (3).jpg,FAKE,0.08154185861349106,0.0818554162979126,0.5096615552902222,-0.0003135576844215393,-0.4281196966767311,0.42780613899230957,0,0,TEMP_TEST\FAKE\599 (3).jpg
TEMP_TEST\FAKE\599.jpg,FAKE,0.26343438029289246,0.26411235332489014,0.5071896910667419,-0.0006779730319976807,-0.2437553107738495,0.2430773377418518,0,0,TEMP_TEST\FAKE\599.jpg
TEMP_TEST\FAKE\601 (5).jpg,FAKE,0.5268657803535461,0.5272728204727173,0.5088234543800354,-0.0004070401191711426,0.018042325973510742,0.018449366092681885,0,0,TEMP_TEST\FAKE\601 (5).jpg
TEMP_TEST\FAKE\605 (8).jpg,FAKE,0.30811432003974915,0.30763480067253113,0.5083593726158142,0.0004795193672180176,-0.20024505257606506,0.20072457194328308,0,0,TEMP_TEST\FAKE\605 (8).jpg
TEMP_TEST\FAKE\609 (3).jpg,FAKE,0.3623836040496826,0.3604024350643158,0.5101147294044495,0.0019811689853668213,-0.14773112535476685,0.14971229434013367,0,0,TEMP_TEST\FAKE\609 (3).jpg
TEMP_TEST\FAKE\614 (5).jpg,FAKE,0.4712965786457062,0.4717878997325897,0.5082438588142395,-0.0004913210868835449,-0.036947280168533325,0.03645595908164978,0,0,TEMP_TEST\FAKE\614 (5).jpg
TEMP_TEST\FAKE\615 (9).jpg,FAKE,0.4559159278869629,0.4545775055885315,0.5115253925323486,0.0013384222984313965,-0.05560946464538574,0.05694788694381714,0,0,TEMP_TEST\FAKE\615 (9).jpg
TEMP_TEST\FAKE\621 (4).jpg,FAKE,0.3288281261920929,0.3297893702983856,0.5090572237968445,-0.0009612441062927246,-0.1802290976047516,0.17926785349845886,0,0,TEMP_TEST\FAKE\621 (4).jpg
TEMP_TEST\FAKE\628 (6).jpg,FAKE,0.2335885614156723,0.23262344300746918,0.5098223686218262,0.000965118408203125,-0.27623380720615387,0.277198925614357,0,0,TEMP_TEST\FAKE\628 (6).jpg
TEMP_TEST\FAKE\632 (9).jpg,FAKE,0.21415024995803833,0.21312996745109558,0.5105333924293518,0.001020282506942749,-0.2963831424713135,0.2974034249782562,0,0,TEMP_TEST\FAKE\632 (9).jpg
TEMP_TEST\FAKE\634 (2).jpg,FAKE,0.5159909725189209,0.5169806480407715,0.508339524269104,-0.000989675521850586,0.0076514482498168945,0.00864112377166748,0,0,TEMP_TEST\FAKE\634 (2).jpg
TEMP_TEST\FAKE\64 (3).jpg,FAKE,0.275646448135376,0.27534934878349304,0.5111784338951111,0.00029709935188293457,-0.2355319857597351,0.23582908511161804,0,0,TEMP_TEST\FAKE\64 (3).jpg
TEMP_TEST\FAKE\640 (3).jpg,FAKE,0.09184006601572037,0.09138720482587814,0.5102390646934509,0.0004528611898422241,-0.41839899867773056,0.4188518598675728,0,0,TEMP_TEST\FAKE\640 (3).jpg
TEMP_TEST\FAKE\646 (3).jpg,FAKE,0.08381155133247375,0.08344244956970215,0.5118975043296814,0.00036910176277160645,-0.42808595299720764,0.42845505475997925,0,0,TEMP_TEST\FAKE\646 (3).jpg
TEMP_TEST\FAKE\648 (8).jpg,FAKE,0.335556298494339,0.334892600774765,0.5094817876815796,0.0006636977195739746,-0.1739254891872406,0.17458918690681458,0,0,TEMP_TEST\FAKE\648 (8).jpg
TEMP_TEST\FAKE\651 (8).jpg,FAKE,0.27634090185165405,0.2785208225250244,0.5074446201324463,-0.0021799206733703613,-0.23110371828079224,0.22892379760742188,0,0,TEMP_TEST\FAKE\651 (8).jpg
TEMP_TEST\FAKE\653 (6).jpg,FAKE,0.03130160644650459,0.031383879482746124,0.5088145732879639,-8.227303624153137e-05,-0.4775129668414593,0.47743069380521774,0,0,TEMP_TEST\FAKE\653 (6).jpg
TEMP_TEST\FAKE\657 (3).jpg,FAKE,0.005769229959696531,0.005833936855196953,0.5069139003753662,-6.470689550042152e-05,-0.5011446704156697,0.5010799635201693,0,0,TEMP_TEST\FAKE\657 (3).jpg
TEMP_TEST\FAKE\659.jpg,FAKE,0.012981250882148743,0.013061094097793102,0.5074211359024048,-7.984321564435959e-05,-0.49443988502025604,0.4943600418046117,0,0,TEMP_TEST\FAKE\659.jpg
TEMP_TEST\FAKE\66 (10).jpg,FAKE,0.41142675280570984,0.41076594591140747,0.5099800825119019,0.0006608068943023682,-0.09855332970619202,0.09921413660049438,0,0,TEMP_TEST\FAKE\66 (10).jpg
TEMP_TEST\FAKE\661 (9).jpg,FAKE,0.34539127349853516,0.3460715413093567,0.5095994472503662,-0.0006802678108215332,-0.16420817375183105,0.16352790594100952,0,0,TEMP_TEST\FAKE\661 (9).jpg
TEMP_TEST\FAKE\664 (5).jpg,FAKE,0.2898878753185272,0.29031112790107727,0.5080257654190063,-0.00042325258255004883,-0.21813789010047913,0.21771463751792908,0,0,TEMP_TEST\FAKE\664 (5).jpg
TEMP_TEST\FAKE\668 (9).jpg,FAKE,0.3226865828037262,0.32414448261260986,0.5084870457649231,-0.001457899808883667,-0.1858004629611969,0.18434256315231323,0,0,TEMP_TEST\FAKE\668 (9).jpg
TEMP_TEST\FAKE\67 (3).jpg,FAKE,0.003947780001908541,0.004025816917419434,0.5062804222106934,-7.803691551089287e-05,-0.5023326422087848,0.5022546052932739,0,0,TEMP_TEST\FAKE\67 (3).jpg
TEMP_TEST\FAKE\672 (3).jpg,FAKE,0.015757810324430466,0.01591721922159195,0.507053792476654,-0.00015940889716148376,-0.4912959821522236,0.4911365732550621,0,0,TEMP_TEST\FAKE\672 (3).jpg
TEMP_TEST\FAKE\675 (3).jpg,FAKE,0.5179650187492371,0.5179615020751953,0.5105156302452087,3.516674041748047e-06,0.00744938850402832,0.007445871829986572,0,0,TEMP_TEST\FAKE\675 (3).jpg
TEMP_TEST\FAKE\675 (8).jpg,FAKE,0.1685592085123062,0.16845740377902985,0.5087793469429016,0.00010180473327636719,-0.3402201384305954,0.34032194316387177,0,0,TEMP_TEST\FAKE\675 (8).jpg
TEMP_TEST\FAKE\676 (10).jpg,FAKE,0.46217843890190125,0.46263912320137024,0.5094071626663208,-0.00046068429946899414,-0.047228723764419556,0.04676803946495056,0,0,TEMP_TEST\FAKE\676 (10).jpg
TEMP_TEST\FAKE\676 (3).jpg,FAKE,0.39781782031059265,0.39905846118927,0.5101984143257141,-0.0012406408786773682,-0.11238059401512146,0.11113995313644409,0,0,TEMP_TEST\FAKE\676 (3).jpg
TEMP_TEST\FAKE\679 (3).jpg,FAKE,0.03259536623954773,0.03229118511080742,0.5125504732131958,0.00030418112874031067,-0.47995510697364807,0.4802592881023884,0,0,TEMP_TEST\FAKE\679 (3).jpg
TEMP_TEST\FAKE\680.jpg,FAKE,0.5225748419761658,0.523434042930603,0.509589672088623,-0.0008592009544372559,0.012985169887542725,0.01384437084197998,0,0,TEMP_TEST\FAKE\680.jpg
TEMP_TEST\FAKE\688 (5).jpg,FAKE,0.2953871786594391,0.2986782193183899,0.5070573091506958,-0.0032910406589508057,-0.2116701304912567,0.2083790898323059,0,0,TEMP_TEST\FAKE\688 (5).jpg
TEMP_TEST\FAKE\701 (2).jpg,FAKE,0.3370742201805115,0.3363020718097687,0.5090771913528442,0.0007721483707427979,-0.17200297117233276,0.17277511954307556,0,0,TEMP_TEST\FAKE\701 (2).jpg
TEMP_TEST\FAKE\703 (7).jpg,FAKE,0.532719612121582,0.5325743556022644,0.5097675919532776,0.00014525651931762695,0.022952020168304443,0.022806763648986816,0,0,TEMP_TEST\FAKE\703 (7).jpg
TEMP_TEST\FAKE\707 (3).jpg,FAKE,0.5454869270324707,0.551723837852478,0.5038332343101501,-0.006236910820007324,0.04165369272232056,0.04789060354232788,0,0,TEMP_TEST\FAKE\707 (3).jpg
TEMP_TEST\FAKE\709 (4).jpg,FAKE,0.0036763898096978664,0.0037219792138785124,0.5068848729133606,-4.558940418064594e-05,-0.5032084831036627,0.5031628936994821,0,0,TEMP_TEST\FAKE\709 (4).jpg
TEMP_TEST\FAKE\71 (10).jpg,FAKE,0.450207382440567,0.44879862666130066,0.5098775625228882,0.0014087557792663574,-0.05967018008232117,0.061078935861587524,0,0,TEMP_TEST\FAKE\71 (10).jpg
TEMP_TEST\FAKE\711 (2).jpg,FAKE,0.34717822074890137,0.3457803726196289,0.5101152658462524,0.001397848129272461,-0.16293704509735107,0.16433489322662354,0,0,TEMP_TEST\FAKE\711 (2).jpg
TEMP_TEST\FAKE\715 (6).jpg,FAKE,0.12915004789829254,0.12902815639972687,0.5094400644302368,0.00012189149856567383,-0.3802900165319443,0.38041190803050995,0,0,TEMP_TEST\FAKE\715 (6).jpg
TEMP_TEST\FAKE\719 (3).jpg,FAKE,0.5562230348587036,0.5580896735191345,0.5084330439567566,-0.0018666386604309082,0.04778999090194702,0.04965662956237793,0,0,TEMP_TEST\FAKE\719 (3).jpg
TEMP_TEST\FAKE\722 (3).jpg,FAKE,0.37312015891075134,0.3790242671966553,0.503795325756073,-0.005904108285903931,-0.13067516684532166,0.12477105855941772,0,0,TEMP_TEST\FAKE\722 (3).jpg
TEMP_TEST\FAKE\73 (8).jpg,FAKE,0.1919722706079483,0.19421081244945526,0.5079345107078552,-0.002238541841506958,-0.3159622400999069,0.31372369825839996,0,0,TEMP_TEST\FAKE\73 (8).jpg
TEMP_TEST\FAKE\730 (7).jpg,FAKE,0.4352300465106964,0.43608173727989197,0.5106862783432007,-0.0008516907691955566,-0.07545623183250427,0.07460454106330872,0,0,TEMP_TEST\FAKE\730 (7).jpg
TEMP_TEST\FAKE\733 (9).jpg,FAKE,0.5307926535606384,0.5333312749862671,0.5094025731086731,-0.002538621425628662,0.021390080451965332,0.023928701877593994,0,0,TEMP_TEST\FAKE\733 (9).jpg
TEMP_TEST\FAKE\736.jpg,FAKE,0.28537580370903015,0.28416863083839417,0.5113793015480042,0.0012071728706359863,-0.226003497838974,0.22721067070960999,0,0,TEMP_TEST\FAKE\736.jpg
TEMP_TEST\FAKE\743 (3).jpg,FAKE,0.5542445182800293,0.5567163825035095,0.5081334114074707,-0.0024718642234802246,0.046111106872558594,0.04858297109603882,0,0,TEMP_TEST\FAKE\743 (3).jpg
TEMP_TEST\FAKE\744 (2).jpg,FAKE,0.23446054756641388,0.23480290174484253,0.5088626742362976,-0.0003423541784286499,-0.27440212666988373,0.2740597724914551,0,0,TEMP_TEST\FAKE\744 (2).jpg
TEMP_TEST\FAKE\746 (3).jpg,FAKE,0.002565674250945449,0.002543651731684804,0.5111384391784668,2.2022519260644913e-05,-0.5085727649275213,0.508594787446782,0,0,TEMP_TEST\FAKE\746 (3).jpg
TEMP_TEST\FAKE\749 (4).jpg,FAKE,0.06297829002141953,0.06276749819517136,0.5107343196868896,0.00021079182624816895,-0.4477560296654701,0.4479668214917183,0,0,TEMP_TEST\FAKE\749 (4).jpg
TEMP_TEST\FAKE\75 (3).jpg,FAKE,0.22217753529548645,0.22433161735534668,0.5078550577163696,-0.0021540820598602295,-0.2856775224208832,0.28352344036102295,0,0,TEMP_TEST\FAKE\75 (3).jpg
TEMP_TEST\FAKE\754 (4).jpg,FAKE,0.32845616340637207,0.3287324607372284,0.5102593898773193,-0.00027629733085632324,-0.18180322647094727,0.18152692914009094,0,0,TEMP_TEST\FAKE\754 (4).jpg
TEMP_TEST\FAKE\757 (3).jpg,FAKE,0.1276206523180008,0.12710990011692047,0.5110793709754944,0.0005107522010803223,-0.3834587186574936,0.3839694708585739,0,0,TEMP_TEST\FAKE\757 (3).jpg
TEMP_TEST\FAKE\765 (9).jpg,FAKE,0.4474462568759918,0.44903799891471863,0.5082955360412598,-0.0015917420387268066,-0.060849279165267944,0.05925753712654114,0,0,TEMP_TEST\FAKE\765 (9).jpg
TEMP_TEST\FAKE\772 (3).jpg,FAKE,0.03737562894821167,0.03756653144955635,0.5082793831825256,-0.00019090250134468079,-0.47090375423431396,0.4707128517329693,0,0,TEMP_TEST\FAKE\772 (3).jpg
TEMP_TEST\FAKE\78 (4).jpg,FAKE,0.3302237093448639,0.3297578692436218,0.5105370283126831,0.00046584010124206543,-0.1803133189678192,0.18077915906906128,0,0,TEMP_TEST\FAKE\78 (4).jpg
TEMP_TEST\FAKE\787.jpg,FAKE,0.5205382108688354,0.5195491313934326,0.5102308988571167,0.000989079475402832,0.01030731201171875,0.009318232536315918,0,0,TEMP_TEST\FAKE\787.jpg
TEMP_TEST\FAKE\793 (10).jpg,FAKE,0.5230651497840881,0.5229426622390747,0.5104380249977112,0.00012248754501342773,0.012627124786376953,0.012504637241363525,0,0,TEMP_TEST\FAKE\793 (10).jpg
TEMP_TEST\FAKE\80 (6).jpg,FAKE,0.3788401782512665,0.37939393520355225,0.5091874003410339,-0.0005537569522857666,-0.13034722208976746,0.1297934651374817,0,0,TEMP_TEST\FAKE\80 (6).jpg
TEMP_TEST\FAKE\80 (8).jpg,FAKE,0.001405081246048212,0.0014025878626853228,0.5102594494819641,2.49338336288929e-06,-0.5088543682359159,0.5088568616192788,0,0,TEMP_TEST\FAKE\80 (8).jpg
TEMP_TEST\FAKE\801 (9).jpg,FAKE,0.2709202170372009,0.2712884843349457,0.508708655834198,-0.000368267297744751,-0.23778843879699707,0.23742017149925232,0,0,TEMP_TEST\FAKE\801 (9).jpg
TEMP_TEST\FAKE\808 (9).jpg,FAKE,0.07309671491384506,0.07318677753210068,0.5088948607444763,-9.006261825561523e-05,-0.43579814583063126,0.43570808321237564,0,0,TEMP_TEST\FAKE\808 (9).jpg
TEMP_TEST\FAKE\809 (3).jpg,FAKE,0.3753034174442291,0.3755287528038025,0.5099062323570251,-0.00022533535957336426,-0.13460281491279602,0.13437747955322266,0,0,TEMP_TEST\FAKE\809 (3).jpg
TEMP_TEST\FAKE\814 (3).jpg,FAKE,0.21501819789409637,0.21517257392406464,0.5094389319419861,-0.00015437602996826172,-0.2944207340478897,0.29426635801792145,0,0,TEMP_TEST\FAKE\814 (3).jpg
TEMP_TEST\FAKE\817 (10).jpg,FAKE,0.3893706798553467,0.38779687881469727,0.510762095451355,0.001573801040649414,-0.1213914155960083,0.12296521663665771,0,0,TEMP_TEST\FAKE\817 (10).jpg
TEMP_TEST\FAKE\817 (3).jpg,FAKE,0.482393354177475,0.4904385507106781,0.5053451061248779,-0.008045196533203125,-0.022951751947402954,0.014906555414199829,0,0,TEMP_TEST\FAKE\817 (3).jpg
TEMP_TEST\FAKE\82 (10).jpg,FAKE,0.142438605427742,0.14198222756385803,0.5104386806488037,0.00045637786388397217,-0.3680000752210617,0.3684564530849457,0,0,TEMP_TEST\FAKE\82 (10).jpg
TEMP_TEST\FAKE\820 (4).jpg,FAKE,0.21861520409584045,0.21944476664066315,0.5087224841117859,-0.0008295625448226929,-0.29010728001594543,0.28927771747112274,0,0,TEMP_TEST\FAKE\820 (4).jpg
TEMP_TEST\FAKE\820 (5).jpg,FAKE,0.13260629773139954,0.13185417652130127,0.5102819204330444,0.0007521212100982666,-0.3776756227016449,0.37842774391174316,0,0,TEMP_TEST\FAKE\820 (5).jpg
TEMP_TEST\FAKE\822 (8).jpg,FAKE,0.03439360857009888,0.03452076017856598,0.5092042684555054,-0.00012715160846710205,-0.4748106598854065,0.4746835082769394,0,0,TEMP_TEST\FAKE\822 (8).jpg
TEMP_TEST\FAKE\823 (3).jpg,FAKE,0.4914973974227905,0.4965686798095703,0.506148636341095,-0.005071282386779785,-0.014651238918304443,0.009579956531524658,0,0,TEMP_TEST\FAKE\823 (3).jpg
TEMP_TEST\FAKE\829 (3).jpg,FAKE,0.115630142390728,0.11639197170734406,0.5070777535438538,-0.0007618293166160583,-0.39144761115312576,0.3906857818365097,0,0,TEMP_TEST\FAKE\829 (3).jpg
TEMP_TEST\FAKE\830 (3).jpg,FAKE,0.5376647114753723,0.5358946919441223,0.5116882920265198,0.00177001953125,0.02597641944885254,0.02420639991760254,0,0,TEMP_TEST\FAKE\830 (3).jpg
TEMP_TEST\FAKE\832 (3).jpg,FAKE,0.031074855476617813,0.031187154352664948,0.5084587931632996,-0.0001122988760471344,-0.47738393768668175,0.4772716388106346,0,0,TEMP_TEST\FAKE\832 (3).jpg
TEMP_TEST\FAKE\844 (10).jpg,FAKE,0.05712725967168808,0.05660254880785942,0.5112357139587402,0.0005247108638286591,-0.45410845428705215,0.4546331651508808,0,0,TEMP_TEST\FAKE\844 (10).jpg
TEMP_TEST\FAKE\844 (9).jpg,FAKE,0.2530585825443268,0.2546972930431366,0.5074302554130554,-0.0016387104988098145,-0.25437167286872864,0.2527329623699188,0,0,TEMP_TEST\FAKE\844 (9).jpg
TEMP_TEST\FAKE\852 (8).jpg,FAKE,0.2923945486545563,0.2951028048992157,0.5066186189651489,-0.002708256244659424,-0.21422407031059265,0.21151581406593323,0,0,TEMP_TEST\FAKE\852 (8).jpg
TEMP_TEST\FAKE\854.jpg,FAKE,0.2686040699481964,0.26751837134361267,0.5100895166397095,0.0010856986045837402,-0.24148544669151306,0.2425711452960968,0,0,TEMP_TEST\FAKE\854.jpg
TEMP_TEST\FAKE\855 (5).jpg,FAKE,0.03403254598379135,0.034009166061878204,0.5091638565063477,2.3379921913146973e-05,-0.4751313105225563,0.47515469044446945,0,0,TEMP_TEST\FAKE\855 (5).jpg
TEMP_TEST\FAKE\858 (2).jpg,FAKE,0.5437056422233582,0.5418959259986877,0.5127682685852051,0.0018097162246704102,0.030937373638153076,0.029127657413482666,0,0,TEMP_TEST\FAKE\858 (2).jpg
TEMP_TEST\FAKE\86 (10).jpg,FAKE,0.4333198666572571,0.4320391118526459,0.5104488134384155,0.001280754804611206,-0.07712894678115845,0.07840970158576965,0,0,TEMP_TEST\FAKE\86 (10).jpg
TEMP_TEST\FAKE\86.jpg,FAKE,0.05019819736480713,0.050139911472797394,0.5095626711845398,5.828589200973511e-05,-0.45936447381973267,0.4594227597117424,0,0,TEMP_TEST\FAKE\86.jpg
TEMP_TEST\FAKE\864 (9).jpg,FAKE,0.005846395622938871,0.005812581162899733,0.5098772048950195,3.3814460039138794e-05,-0.5040308092720807,0.5040646237321198,0,0,TEMP_TEST\FAKE\864 (9).jpg
TEMP_TEST\FAKE\873 (3).jpg,FAKE,0.4248584806919098,0.42567333579063416,0.5085633397102356,-0.0008148550987243652,-0.0837048590183258,0.08289000391960144,0,0,TEMP_TEST\FAKE\873 (3).jpg
TEMP_TEST\FAKE\873 (9).jpg,FAKE,0.19294953346252441,0.19323576986789703,0.509585976600647,-0.00028623640537261963,-0.31663644313812256,0.31635020673274994,0,0,TEMP_TEST\FAKE\873 (9).jpg
TEMP_TEST\FAKE\874 (3).jpg,FAKE,0.4382229745388031,0.4375411868095398,0.510750412940979,0.0006817877292633057,-0.0725274384021759,0.07320922613143921,0,0,TEMP_TEST\FAKE\874 (3).jpg
TEMP_TEST\FAKE\876 (3).jpg,FAKE,0.28190672397613525,0.2832871973514557,0.5080631375312805,-0.0013804733753204346,-0.22615641355514526,0.22477594017982483,0,0,TEMP_TEST\FAKE\876 (3).jpg
TEMP_TEST\FAKE\880 (9).jpg,FAKE,0.20898722112178802,0.20848405361175537,0.5085835456848145,0.0005031675100326538,-0.29959632456302643,0.3000994920730591,0,0,TEMP_TEST\FAKE\880 (9).jpg
TEMP_TEST\FAKE\884.jpg,FAKE,0.4844181537628174,0.48246535658836365,0.5114933252334595,0.0019527971744537354,-0.02707517147064209,0.029027968645095825,0,0,TEMP_TEST\FAKE\884.jpg
TEMP_TEST\FAKE\887 (3).jpg,FAKE,0.10709487646818161,0.10827630758285522,0.5067843794822693,-0.0011814311146736145,-0.3996895030140877,0.39850807189941406,0,0,TEMP_TEST\FAKE\887 (3).jpg
TEMP_TEST\FAKE\888 (9).jpg,FAKE,0.035358112305402756,0.035441264510154724,0.5079824924468994,-8.315220475196838e-05,-0.47262438014149666,0.4725412279367447,0,0,TEMP_TEST\FAKE\888 (9).jpg
TEMP_TEST\FAKE\889 (4).jpg,FAKE,0.4896546006202698,0.4916608929634094,0.507392942905426,-0.0020062923431396484,-0.01773834228515625,0.0157320499420166,0,0,TEMP_TEST\FAKE\889 (4).jpg
TEMP_TEST\FAKE\89 (3).jpg,FAKE,0.29159799218177795,0.29260146617889404,0.5083304047584534,-0.0010034739971160889,-0.21673241257667542,0.21572893857955933,0,0,TEMP_TEST\FAKE\89 (3).jpg
TEMP_TEST\FAKE\891 (5).jpg,FAKE,0.29881834983825684,0.2968846261501312,0.5101767182350159,0.0019337236881256104,-0.21135836839675903,0.21329209208488464,0,0,TEMP_TEST\FAKE\891 (5).jpg
TEMP_TEST\FAKE\9 (5).jpg,FAKE,0.14558236300945282,0.14726142585277557,0.5077849626541138,-0.001679062843322754,-0.36220259964466095,0.3605235368013382,0,0,TEMP_TEST\FAKE\9 (5).jpg
TEMP_TEST\FAKE\911 (8).jpg,FAKE,0.4859561324119568,0.4865979552268982,0.5095569491386414,-0.0006418228149414062,-0.02360081672668457,0.022958993911743164,0,0,TEMP_TEST\FAKE\911 (8).jpg
TEMP_TEST\FAKE\912 (8).jpg,FAKE,0.5085519552230835,0.5093736052513123,0.5097270607948303,-0.0008216500282287598,-0.0011751055717468262,0.0003534555435180664,0,0,TEMP_TEST\FAKE\912 (8).jpg
TEMP_TEST\FAKE\912 (9).jpg,FAKE,0.3808881640434265,0.3799586296081543,0.5102081298828125,0.0009295344352722168,-0.129319965839386,0.1302495002746582,0,0,TEMP_TEST\FAKE\912 (9).jpg
TEMP_TEST\FAKE\913 (4).jpg,FAKE,0.05869448930025101,0.059222228825092316,0.5087233781814575,-0.0005277395248413086,-0.4500288888812065,0.4495011493563652,0,0,TEMP_TEST\FAKE\913 (4).jpg
TEMP_TEST\FAKE\920 (2).jpg,FAKE,0.10452118515968323,0.10388971120119095,0.5106138586997986,0.000631473958492279,-0.40609267354011536,0.40672414749860764,0,0,TEMP_TEST\FAKE\920 (2).jpg
TEMP_TEST\FAKE\922 (3).jpg,FAKE,0.27299758791923523,0.27182719111442566,0.5101305246353149,0.0011703968048095703,-0.2371329367160797,0.23830333352088928,0,0,TEMP_TEST\FAKE\922 (3).jpg
TEMP_TEST\FAKE\927 (6).jpg,FAKE,0.4404562711715698,0.4391964375972748,0.5105417966842651,0.001259833574295044,-0.07008552551269531,0.07134535908699036,0,0,TEMP_TEST\FAKE\927 (6).jpg
TEMP_TEST\FAKE\930 (10).jpg,FAKE,0.14736813306808472,0.14807510375976562,0.5090858340263367,-0.0007069706916809082,-0.36171770095825195,0.36101073026657104,0,0,TEMP_TEST\FAKE\930 (10).jpg
TEMP_TEST\FAKE\930 (6).jpg,FAKE,0.5384092330932617,0.537053644657135,0.5104599595069885,0.001355588436126709,0.027949273586273193,0.026593685150146484,0,0,TEMP_TEST\FAKE\930 (6).jpg
TEMP_TEST\FAKE\934 (8).jpg,FAKE,0.3649911880493164,0.365130215883255,0.509804904460907,-0.00013902783393859863,-0.14481371641159058,0.14467468857765198,0,0,TEMP_TEST\FAKE\934 (8).jpg
TEMP_TEST\FAKE\935 (3).jpg,FAKE,0.30192095041275024,0.30218085646629333,0.5085447430610657,-0.0002599060535430908,-0.20662379264831543,0.20636388659477234,0,0,TEMP_TEST\FAKE\935 (3).jpg
TEMP_TEST\FAKE\938 (10).jpg,FAKE,0.4498444199562073,0.45046132802963257,0.5098655819892883,-0.000616908073425293,-0.060021162033081055,0.05940425395965576,0,0,TEMP_TEST\FAKE\938 (10).jpg
TEMP_TEST\FAKE\94 (6).jpg,FAKE,0.4811691641807556,0.48073795437812805,0.510429322719574,0.0004312098026275635,-0.02926015853881836,0.029691368341445923,0,0,TEMP_TEST\FAKE\94 (6).jpg
TEMP_TEST\FAKE\940 (9).jpg,FAKE,0.2640109956264496,0.2642914950847626,0.5081784725189209,-0.0002804994583129883,-0.2441674768924713,0.24388697743415833,0,0,TEMP_TEST\FAKE\940 (9).jpg
TEMP_TEST\FAKE\944 (2).jpg,FAKE,0.005287650506943464,0.00526946596801281,0.5099645256996155,1.8184538930654526e-05,-0.504676875192672,0.5046950597316027,0,0,TEMP_TEST\FAKE\944 (2).jpg
TEMP_TEST\FAKE\944 (8).jpg,FAKE,0.4990677237510681,0.5019721388816833,0.5080406069755554,-0.0029044151306152344,-0.008972883224487305,0.00606846809387207,0,0,TEMP_TEST\FAKE\944 (8).jpg
TEMP_TEST\FAKE\945 (6).jpg,FAKE,0.1961369514465332,0.19669003784656525,0.5098555684089661,-0.0005530864000320435,-0.31371861696243286,0.3131655305624008,0,0,TEMP_TEST\FAKE\945 (6).jpg
TEMP_TEST\FAKE\956 (3).jpg,FAKE,0.03531498834490776,0.035151753574609756,0.5101162791252136,0.00016323477029800415,-0.47480129078030586,0.47496452555060387,0,0,TEMP_TEST\FAKE\956 (3).jpg
TEMP_TEST\FAKE\957 (5).jpg,FAKE,0.5071475505828857,0.5071887373924255,0.5089390277862549,-4.118680953979492e-05,-0.0017914772033691406,0.0017502903938293457,0,0,TEMP_TEST\FAKE\957 (5).jpg
TEMP_TEST\FAKE\959 (10).jpg,FAKE,0.5219847559928894,0.520969033241272,0.510758638381958,0.0010157227516174316,0.011226117610931396,0.010210394859313965,0,0,TEMP_TEST\FAKE\959 (10).jpg
TEMP_TEST\FAKE\97 (2).jpg,FAKE,0.4793618619441986,0.47922950983047485,0.5098536610603333,0.00013235211372375488,-0.030491799116134644,0.0306241512298584,0,0,TEMP_TEST\FAKE\97 (2).jpg
TEMP_TEST\FAKE\971 (10).jpg,FAKE,0.40505853295326233,0.4035757780075073,0.5106649994850159,0.0014827549457550049,-0.10560646653175354,0.10708922147750854,0,0,TEMP_TEST\FAKE\971 (10).jpg
TEMP_TEST\FAKE\971 (8).jpg,FAKE,0.08910202980041504,0.08914510905742645,0.5094766020774841,-4.3079257011413574e-05,-0.4203745722770691,0.4203314930200577,0,0,TEMP_TEST\FAKE\971 (8).jpg
TEMP_TEST\FAKE\975 (9).jpg,FAKE,0.2524434030056,0.25223538279533386,0.5083972811698914,0.00020802021026611328,-0.2559538781642914,0.2561618983745575,0,0,TEMP_TEST\FAKE\975 (9).jpg
TEMP_TEST\FAKE\977 (9).jpg,FAKE,0.32090336084365845,0.32228100299835205,0.5090029835700989,-0.0013776421546936035,-0.18809962272644043,0.18672198057174683,0,0,TEMP_TEST\FAKE\977 (9).jpg
TEMP_TEST\FAKE\978.jpg,FAKE,0.42827123403549194,0.42957860231399536,0.5083935260772705,-0.001307368278503418,-0.08012229204177856,0.07881492376327515,0,0,TEMP_TEST\FAKE\978.jpg
TEMP_TEST\FAKE\979 (3).jpg,FAKE,0.4128848612308502,0.4116130769252777,0.5114763975143433,0.0012717843055725098,-0.09859153628349304,0.09986332058906555,0,0,TEMP_TEST\FAKE\979 (3).jpg
TEMP_TEST\FAKE\982 (3).jpg,FAKE,0.1273600161075592,0.12937457859516144,0.5063782334327698,-0.002014562487602234,-0.37901821732521057,0.37700365483760834,0,0,TEMP_TEST\FAKE\982 (3).jpg
TEMP_TEST\FAKE\985 (8).jpg,FAKE,0.41510623693466187,0.4126723110675812,0.5109759569168091,0.0024339258670806885,-0.09586971998214722,0.0983036458492279,0,0,TEMP_TEST\FAKE\985 (8).jpg
TEMP_TEST\FAKE\989 (6).jpg,FAKE,0.001744463574141264,0.001753513002768159,0.5086630582809448,-9.049428626894951e-06,-0.5069185947068036,0.5069095452781767,0,0,TEMP_TEST\FAKE\989 (6).jpg
TEMP_TEST\FAKE\99 (9).jpg,FAKE,0.5287502408027649,0.5360409617424011,0.5049107074737549,-0.0072907209396362305,0.02383953332901001,0.03113025426864624,0,0,TEMP_TEST\FAKE\99 (9).jpg
TEMP_TEST\FAKE\993 (8).jpg,FAKE,0.04013483226299286,0.040062908083200455,0.5095902681350708,7.192417979240417e-05,-0.46945543587207794,0.46952736005187035,0,0,TEMP_TEST\FAKE\993 (8).jpg
TEMP_TEST\FAKE\995 (9).jpg,FAKE,0.22492536902427673,0.22405220568180084,0.510087251663208,0.0008731633424758911,-0.2851618826389313,0.28603504598140717,0,0,TEMP_TEST\FAKE\995 (9).jpg
