image,true_class,attack,original_probability,attacked_probability,probability_delta,original_prediction,attacked_prediction,prediction_flipped,original_strength,attacked_strength,strength_delta
TEMP_TEST\REAL\0000 (10).jpg,REAL,jpeg_70,7.904761150712147e-05,6.77660500514321e-05,-1.128156145568937e-05,0,0,0,0.9999209523884929,0.9999322339499486,1.128156145568937e-05
TEMP_TEST\REAL\0000 (10).jpg,REAL,jpeg_50,7.904761150712147e-05,0.00027538201538845897,0.0001963344038813375,0,0,0,0.9999209523884929,0.9997246179846115,-0.0001963344038813375
TEMP_TEST\REAL\0000 (10).jpg,REAL,resize_16_roundtrip,7.904761150712147e-05,0.01651512272655964,0.016436075115052518,0,0,0,0.9999209523884929,0.9834848772734404,-0.016436075115052518
TEMP_TEST\REAL\0000 (10).jpg,REAL,resize_8_roundtrip,7.904761150712147e-05,0.27399441599845886,0.27391536838695174,0,0,0,0.9999209523884929,0.7260055840015411,-0.27391536838695174
TEMP_TEST\REAL\0000 (10).jpg,REAL,gaussian_blur,7.904761150712147e-05,0.0029445411637425423,0.002865493552235421,0,0,0,0.9999209523884929,0.9970554588362575,-0.002865493552235421
TEMP_TEST\REAL\0000 (10).jpg,REAL,contrast_low,7.904761150712147e-05,0.00021034527162555605,0.00013129766011843458,0,0,0,0.9999209523884929,0.9997896547283744,-0.00013129766011843458
TEMP_TEST\REAL\0000 (10).jpg,REAL,contrast_high,7.904761150712147e-05,0.0005678004235960543,0.0004887528120889328,0,0,0,0.9999209523884929,0.999432199576404,-0.0004887528120889328
TEMP_TEST\REAL\0000 (10).jpg,REAL,brightness_low,7.904761150712147e-05,0.000664754188619554,0.0005857065771124326,0,0,0,0.9999209523884929,0.9993352458113804,-0.0005857065771124326
TEMP_TEST\REAL\0000 (10).jpg,REAL,brightness_high,7.904761150712147e-05,3.0576175049645826e-05,-4.847143645747565e-05,0,0,0,0.9999209523884929,0.9999694238249504,4.847143645747565e-05
TEMP_TEST\REAL\0000 (10).jpg,REAL,gaussian_noise,7.904761150712147e-05,0.00012542442709673196,4.637681558961049e-05,0,0,0,0.9999209523884929,0.9998745755729033,-4.637681558961049e-05
TEMP_TEST\REAL\0000 (2).jpg,REAL,jpeg_70,0.045471303164958954,0.03475860506296158,-0.010712698101997375,0,0,0,0.954528696835041,0.9652413949370384,0.010712698101997375
TEMP_TEST\REAL\0000 (2).jpg,REAL,jpeg_50,0.045471303164958954,0.10056400299072266,0.0550926998257637,0,0,0,0.954528696835041,0.8994359970092773,-0.0550926998257637
TEMP_TEST\REAL\0000 (2).jpg,REAL,resize_16_roundtrip,0.045471303164958954,0.30393457412719727,0.2584632709622383,0,0,0,0.954528696835041,0.6960654258728027,-0.2584632709622383
TEMP_TEST\REAL\0000 (2).jpg,REAL,resize_8_roundtrip,0.045471303164958954,0.7563853859901428,0.7109140828251839,0,1,1,0.954528696835041,0.7563853859901428,-0.19814331084489822
TEMP_TEST\REAL\0000 (2).jpg,REAL,gaussian_blur,0.045471303164958954,0.2687295079231262,0.22325820475816727,0,0,0,0.954528696835041,0.7312704920768738,-0.22325820475816727
TEMP_TEST\REAL\0000 (2).jpg,REAL,contrast_low,0.045471303164958954,0.01628389023244381,-0.029187412932515144,0,0,0,0.954528696835041,0.9837161097675562,0.029187412932515144
TEMP_TEST\REAL\0000 (2).jpg,REAL,contrast_high,0.045471303164958954,0.07892720401287079,0.033455900847911835,0,0,0,0.954528696835041,0.9210727959871292,-0.033455900847911835
TEMP_TEST\REAL\0000 (2).jpg,REAL,brightness_low,0.045471303164958954,0.04130490496754646,-0.004166398197412491,0,0,0,0.954528696835041,0.9586950950324535,0.004166398197412491
TEMP_TEST\REAL\0000 (2).jpg,REAL,brightness_high,0.045471303164958954,0.10347308218479156,0.05800177901983261,0,0,0,0.954528696835041,0.8965269178152084,-0.05800177901983261
TEMP_TEST\REAL\0000 (2).jpg,REAL,gaussian_noise,0.045471303164958954,0.09611018747091293,0.05063888430595398,0,0,0,0.954528696835041,0.9038898125290871,-0.05063888430595398
TEMP_TEST\REAL\0000 (3).jpg,REAL,jpeg_70,0.0061159864999353886,0.006247967481613159,0.00013198098167777061,0,0,0,0.9938840135000646,0.9937520325183868,-0.00013198098167777061
TEMP_TEST\REAL\0000 (3).jpg,REAL,jpeg_50,0.0061159864999353886,0.03628448024392128,0.03016849374398589,0,0,0,0.9938840135000646,0.9637155197560787,-0.03016849374398589
TEMP_TEST\REAL\0000 (3).jpg,REAL,resize_16_roundtrip,0.0061159864999353886,0.12110304087400436,0.11498705437406898,0,0,0,0.9938840135000646,0.8788969591259956,-0.11498705437406898
TEMP_TEST\REAL\0000 (3).jpg,REAL,resize_8_roundtrip,0.0061159864999353886,0.36746013164520264,0.36134414514526725,0,0,0,0.9938840135000646,0.6325398683547974,-0.36134414514526725
TEMP_TEST\REAL\0000 (3).jpg,REAL,gaussian_blur,0.0061159864999353886,0.03192821517586708,0.025812228675931692,0,0,0,0.9938840135000646,0.9680717848241329,-0.025812228675931692
TEMP_TEST\REAL\0000 (3).jpg,REAL,contrast_low,0.0061159864999353886,0.005849646870046854,-0.00026633962988853455,0,0,0,0.9938840135000646,0.9941503531299531,0.00026633962988853455
TEMP_TEST\REAL\0000 (3).jpg,REAL,contrast_high,0.0061159864999353886,0.02451399900019169,0.0183980125002563,0,0,0,0.9938840135000646,0.9754860009998083,-0.0183980125002563
TEMP_TEST\REAL\0000 (3).jpg,REAL,brightness_low,0.0061159864999353886,0.0073186131194233894,0.0012026266194880009,0,0,0,0.9938840135000646,0.9926813868805766,-0.0012026266194880009
TEMP_TEST\REAL\0000 (3).jpg,REAL,brightness_high,0.0061159864999353886,0.008910057134926319,0.0027940706349909306,0,0,0,0.9938840135000646,0.9910899428650737,-0.0027940706349909306
TEMP_TEST\REAL\0000 (3).jpg,REAL,gaussian_noise,0.0061159864999353886,0.01818942464888096,0.01207343814894557,0,0,0,0.9938840135000646,0.981810575351119,-0.01207343814894557
TEMP_TEST\REAL\0000 (4).jpg,REAL,jpeg_70,0.003001987235620618,0.004445056896656752,0.0014430696610361338,0,0,0,0.9969980127643794,0.9955549431033432,-0.0014430696610361338
TEMP_TEST\REAL\0000 (4).jpg,REAL,jpeg_50,0.003001987235620618,0.0017071780748665333,-0.0012948091607540846,0,0,0,0.9969980127643794,0.9982928219251335,0.0012948091607540846
TEMP_TEST\REAL\0000 (4).jpg,REAL,resize_16_roundtrip,0.003001987235620618,0.09622853994369507,0.09322655270807445,0,0,0,0.9969980127643794,0.9037714600563049,-0.09322655270807445
TEMP_TEST\REAL\0000 (4).jpg,REAL,resize_8_roundtrip,0.003001987235620618,0.6973336935043335,0.6943317062687129,0,1,1,0.9969980127643794,0.6973336935043335,-0.2996643192600459
TEMP_TEST\REAL\0000 (4).jpg,REAL,gaussian_blur,0.003001987235620618,0.032512884587049484,0.029510897351428866,0,0,0,0.9969980127643794,0.9674871154129505,-0.029510897351428866
TEMP_TEST\REAL\0000 (4).jpg,REAL,contrast_low,0.003001987235620618,0.004226952791213989,0.0012249655555933714,0,0,0,0.9969980127643794,0.995773047208786,-0.0012249655555933714
TEMP_TEST\REAL\0000 (4).jpg,REAL,contrast_high,0.003001987235620618,0.005872560665011406,0.002870573429390788,0,0,0,0.9969980127643794,0.9941274393349886,-0.002870573429390788
TEMP_TEST\REAL\0000 (4).jpg,REAL,brightness_low,0.003001987235620618,0.003624324221163988,0.0006223369855433702,0,0,0,0.9969980127643794,0.996375675778836,-0.0006223369855433702
TEMP_TEST\REAL\0000 (4).jpg,REAL,brightness_high,0.003001987235620618,0.0025622195098549128,-0.0004397677257657051,0,0,0,0.9969980127643794,0.9974377804901451,0.0004397677257657051
TEMP_TEST\REAL\0000 (4).jpg,REAL,gaussian_noise,0.003001987235620618,0.005254256073385477,0.002252268837764859,0,0,0,0.9969980127643794,0.9947457439266145,-0.002252268837764859
TEMP_TEST\REAL\0000 (5).jpg,REAL,jpeg_70,0.00038995835348032415,0.0001913021260406822,-0.00019865622743964195,0,0,0,0.9996100416465197,0.9998086978739593,0.00019865622743964195
TEMP_TEST\REAL\0000 (5).jpg,REAL,jpeg_50,0.00038995835348032415,0.0006628825212828815,0.00027292416780255735,0,0,0,0.9996100416465197,0.9993371174787171,-0.00027292416780255735
TEMP_TEST\REAL\0000 (5).jpg,REAL,resize_16_roundtrip,0.00038995835348032415,0.12669287621974945,0.12630291786626913,0,0,0,0.9996100416465197,0.8733071237802505,-0.12630291786626913
TEMP_TEST\REAL\0000 (5).jpg,REAL,resize_8_roundtrip,0.00038995835348032415,0.25524789094924927,0.25485793259576894,0,0,0,0.9996100416465197,0.7447521090507507,-0.25485793259576894
TEMP_TEST\REAL\0000 (5).jpg,REAL,gaussian_blur,0.00038995835348032415,0.010262488387525082,0.009872530034044757,0,0,0,0.9996100416465197,0.9897375116124749,-0.009872530034044757
TEMP_TEST\REAL\0000 (5).jpg,REAL,contrast_low,0.00038995835348032415,0.0007790186209604144,0.00038906026748009026,0,0,0,0.9996100416465197,0.9992209813790396,-0.00038906026748009026
TEMP_TEST\REAL\0000 (5).jpg,REAL,contrast_high,0.00038995835348032415,0.00026286565116606653,-0.00012709270231425762,0,0,0,0.9996100416465197,0.9997371343488339,0.00012709270231425762
TEMP_TEST\REAL\0000 (5).jpg,REAL,brightness_low,0.00038995835348032415,0.0008992797811515629,0.0005093214276712388,0,0,0,0.9996100416465197,0.9991007202188484,-0.0005093214276712388
TEMP_TEST\REAL\0000 (5).jpg,REAL,brightness_high,0.00038995835348032415,0.000274850579444319,-0.00011510777403600514,0,0,0,0.9996100416465197,0.9997251494205557,0.00011510777403600514
TEMP_TEST\REAL\0000 (5).jpg,REAL,gaussian_noise,0.00038995835348032415,0.007772353012114763,0.007382394658634439,0,0,0,0.9996100416465197,0.9922276469878852,-0.007382394658634439
TEMP_TEST\REAL\0000 (6).jpg,REAL,jpeg_70,0.0007565428386442363,0.0005670829559676349,-0.0001894598826766014,0,0,0,0.9992434571613558,0.9994329170440324,0.0001894598826766014
TEMP_TEST\REAL\0000 (6).jpg,REAL,jpeg_50,0.0007565428386442363,0.0003139757609460503,-0.00044256707769818604,0,0,0,0.9992434571613558,0.999686024239054,0.00044256707769818604
TEMP_TEST\REAL\0000 (6).jpg,REAL,resize_16_roundtrip,0.0007565428386442363,0.3141031861305237,0.31334664329187945,0,0,0,0.9992434571613558,0.6858968138694763,-0.31334664329187945
TEMP_TEST\REAL\0000 (6).jpg,REAL,resize_8_roundtrip,0.0007565428386442363,0.6237480640411377,0.6229915212024935,0,1,1,0.9992434571613558,0.6237480640411377,-0.37549539312021807
TEMP_TEST\REAL\0000 (6).jpg,REAL,gaussian_blur,0.0007565428386442363,0.04332314804196358,0.04256660520331934,0,0,0,0.9992434571613558,0.9566768519580364,-0.04256660520331934
TEMP_TEST\REAL\0000 (6).jpg,REAL,contrast_low,0.0007565428386442363,0.0024460917338728905,0.0016895488952286541,0,0,0,0.9992434571613558,0.9975539082661271,-0.0016895488952286541
TEMP_TEST\REAL\0000 (6).jpg,REAL,contrast_high,0.0007565428386442363,0.0006710843299515545,-8.545850869268179e-05,0,0,0,0.9992434571613558,0.9993289156700484,8.545850869268179e-05
TEMP_TEST\REAL\0000 (6).jpg,REAL,brightness_low,0.0007565428386442363,0.0012720786035060883,0.0005155357648618519,0,0,0,0.9992434571613558,0.9987279213964939,-0.0005155357648618519
TEMP_TEST\REAL\0000 (6).jpg,REAL,brightness_high,0.0007565428386442363,0.0006391905480995774,-0.0001173522905446589,0,0,0,0.9992434571613558,0.9993608094519004,0.0001173522905446589
TEMP_TEST\REAL\0000 (6).jpg,REAL,gaussian_noise,0.0007565428386442363,0.0014056406216695905,0.0006490977830253541,0,0,0,0.9992434571613558,0.9985943593783304,-0.0006490977830253541
TEMP_TEST\REAL\0000 (7).jpg,REAL,jpeg_70,0.0022101830691099167,0.002848209347575903,0.0006380262784659863,0,0,0,0.9977898169308901,0.9971517906524241,-0.0006380262784659863
TEMP_TEST\REAL\0000 (7).jpg,REAL,jpeg_50,0.0022101830691099167,0.02218702621757984,0.019976843148469925,0,0,0,0.9977898169308901,0.9778129737824202,-0.019976843148469925
TEMP_TEST\REAL\0000 (7).jpg,REAL,resize_16_roundtrip,0.0022101830691099167,0.07329227030277252,0.0710820872336626,0,0,0,0.9977898169308901,0.9267077296972275,-0.0710820872336626
TEMP_TEST\REAL\0000 (7).jpg,REAL,resize_8_roundtrip,0.0022101830691099167,0.33548417687416077,0.33327399380505085,0,0,0,0.9977898169308901,0.6645158231258392,-0.33327399380505085
TEMP_TEST\REAL\0000 (7).jpg,REAL,gaussian_blur,0.0022101830691099167,0.03645734861493111,0.03424716554582119,0,0,0,0.9977898169308901,0.9635426513850689,-0.03424716554582119
TEMP_TEST\REAL\0000 (7).jpg,REAL,contrast_low,0.0022101830691099167,0.010319218039512634,0.008109034970402718,0,0,0,0.9977898169308901,0.9896807819604874,-0.008109034970402718
TEMP_TEST\REAL\0000 (7).jpg,REAL,contrast_high,0.0022101830691099167,0.0012011765502393246,-0.0010090065188705921,0,0,0,0.9977898169308901,0.9987988234497607,0.0010090065188705921
TEMP_TEST\REAL\0000 (7).jpg,REAL,brightness_low,0.0022101830691099167,0.012479929253458977,0.01026974618434906,0,0,0,0.9977898169308901,0.987520070746541,-0.01026974618434906
TEMP_TEST\REAL\0000 (7).jpg,REAL,brightness_high,0.0022101830691099167,0.00039910388295538723,-0.0018110791861545295,0,0,0,0.9977898169308901,0.9996008961170446,0.0018110791861545295
TEMP_TEST\REAL\0000 (7).jpg,REAL,gaussian_noise,0.0022101830691099167,0.0032614402007311583,0.0010512571316212416,0,0,0,0.9977898169308901,0.9967385597992688,-0.0010512571316212416
TEMP_TEST\REAL\0000 (8).jpg,REAL,jpeg_70,0.0032639149576425552,0.007977720350027084,0.004713805392384529,0,0,0,0.9967360850423574,0.9920222796499729,-0.004713805392384529
TEMP_TEST\REAL\0000 (8).jpg,REAL,jpeg_50,0.0032639149576425552,0.01870405487716198,0.015440139919519424,0,0,0,0.9967360850423574,0.981295945122838,-0.015440139919519424
TEMP_TEST\REAL\0000 (8).jpg,REAL,resize_16_roundtrip,0.0032639149576425552,0.08806278556585312,0.08479887060821056,0,0,0,0.9967360850423574,0.9119372144341469,-0.08479887060821056
TEMP_TEST\REAL\0000 (8).jpg,REAL,resize_8_roundtrip,0.0032639149576425552,0.1952957659959793,0.19203185103833675,0,0,0,0.9967360850423574,0.8047042340040207,-0.19203185103833675
TEMP_TEST\REAL\0000 (8).jpg,REAL,gaussian_blur,0.0032639149576425552,0.011109637096524239,0.007845722138881683,0,0,0,0.9967360850423574,0.9888903629034758,-0.007845722138881683
TEMP_TEST\REAL\0000 (8).jpg,REAL,contrast_low,0.0032639149576425552,0.005013530142605305,0.0017496151849627495,0,0,0,0.9967360850423574,0.9949864698573947,-0.0017496151849627495
TEMP_TEST\REAL\0000 (8).jpg,REAL,contrast_high,0.0032639149576425552,0.06923552602529526,0.0659716110676527,0,0,0,0.9967360850423574,0.9307644739747047,-0.0659716110676527
TEMP_TEST\REAL\0000 (8).jpg,REAL,brightness_low,0.0032639149576425552,0.0026084946002811193,-0.0006554203573614359,0,0,0,0.9967360850423574,0.9973915053997189,0.0006554203573614359
TEMP_TEST\REAL\0000 (8).jpg,REAL,brightness_high,0.0032639149576425552,0.10905732214450836,0.1057934071868658,0,0,0,0.9967360850423574,0.8909426778554916,-0.1057934071868658
TEMP_TEST\REAL\0000 (8).jpg,REAL,gaussian_noise,0.0032639149576425552,0.003682775655761361,0.0004188606981188059,0,0,0,0.9967360850423574,0.9963172243442386,-0.0004188606981188059
TEMP_TEST\REAL\0000 (9).jpg,REAL,jpeg_70,0.0030252221040427685,0.0010819435119628906,-0.0019432785920798779,0,0,0,0.9969747778959572,0.9989180564880371,0.0019432785920798779
TEMP_TEST\REAL\0000 (9).jpg,REAL,jpeg_50,0.0030252221040427685,0.00010460071644047275,-0.0029206213876022957,0,0,0,0.9969747778959572,0.9998953992835595,0.0029206213876022957
TEMP_TEST\REAL\0000 (9).jpg,REAL,resize_16_roundtrip,0.0030252221040427685,0.05629327893257141,0.05326805682852864,0,0,0,0.9969747778959572,0.9437067210674286,-0.05326805682852864
TEMP_TEST\REAL\0000 (9).jpg,REAL,resize_8_roundtrip,0.0030252221040427685,0.07561133056879044,0.07258610846474767,0,0,0,0.9969747778959572,0.9243886694312096,-0.07258610846474767
TEMP_TEST\REAL\0000 (9).jpg,REAL,gaussian_blur,0.0030252221040427685,0.027258776128292084,0.024233554024249315,0,0,0,0.9969747778959572,0.9727412238717079,-0.024233554024249315
TEMP_TEST\REAL\0000 (9).jpg,REAL,contrast_low,0.0030252221040427685,0.005380179733037949,0.00235495762899518,0,0,0,0.9969747778959572,0.994619820266962,-0.00235495762899518
TEMP_TEST\REAL\0000 (9).jpg,REAL,contrast_high,0.0030252221040427685,0.000447648111730814,-0.0025775739923119545,0,0,0,0.9969747778959572,0.9995523518882692,0.0025775739923119545
TEMP_TEST\REAL\0000 (9).jpg,REAL,brightness_low,0.0030252221040427685,0.03805370628833771,0.03502848418429494,0,0,0,0.9969747778959572,0.9619462937116623,-0.03502848418429494
TEMP_TEST\REAL\0000 (9).jpg,REAL,brightness_high,0.0030252221040427685,0.00037786352913826704,-0.0026473585749045014,0,0,0,0.9969747778959572,0.9996221364708617,0.0026473585749045014
TEMP_TEST\REAL\0000 (9).jpg,REAL,gaussian_noise,0.0030252221040427685,0.0005801704828627408,-0.0024450516211800277,0,0,0,0.9969747778959572,0.9994198295171373,0.0024450516211800277
TEMP_TEST\REAL\0000.jpg,REAL,jpeg_70,0.004845533985644579,0.0023952012415975332,-0.0024503327440470457,0,0,0,0.9951544660143554,0.9976047987584025,0.0024503327440470457
TEMP_TEST\REAL\0000.jpg,REAL,jpeg_50,0.004845533985644579,0.005159873049706221,0.0003143390640616417,0,0,0,0.9951544660143554,0.9948401269502938,-0.0003143390640616417
TEMP_TEST\REAL\0000.jpg,REAL,resize_16_roundtrip,0.004845533985644579,0.4962790012359619,0.49143346725031734,0,0,0,0.9951544660143554,0.5037209987640381,-0.49143346725031734
TEMP_TEST\REAL\0000.jpg,REAL,resize_8_roundtrip,0.004845533985644579,0.8110900521278381,0.8062445181421936,0,1,1,0.9951544660143554,0.8110900521278381,-0.1840644138865173
TEMP_TEST\REAL\0000.jpg,REAL,gaussian_blur,0.004845533985644579,0.13220100104808807,0.1273554670624435,0,0,0,0.9951544660143554,0.8677989989519119,-0.1273554670624435
TEMP_TEST\REAL\0000.jpg,REAL,contrast_low,0.004845533985644579,0.008162226527929306,0.003316692542284727,0,0,0,0.9951544660143554,0.9918377734720707,-0.003316692542284727
TEMP_TEST\REAL\0000.jpg,REAL,contrast_high,0.004845533985644579,0.003281298326328397,-0.0015642356593161821,0,0,0,0.9951544660143554,0.9967187016736716,0.0015642356593161821
TEMP_TEST\REAL\0000.jpg,REAL,brightness_low,0.004845533985644579,0.02290095016360283,0.01805541617795825,0,0,0,0.9951544660143554,0.9770990498363972,-0.01805541617795825
TEMP_TEST\REAL\0000.jpg,REAL,brightness_high,0.004845533985644579,0.00040992486174218357,-0.004435609123902395,0,0,0,0.9951544660143554,0.9995900751382578,0.004435609123902395
TEMP_TEST\REAL\0000.jpg,REAL,gaussian_noise,0.004845533985644579,0.0018543342594057322,-0.0029911997262388468,0,0,0,0.9951544660143554,0.9981456657405943,0.0029911997262388468
TEMP_TEST\REAL\0001 (10).jpg,REAL,jpeg_70,0.04703835770487785,0.09269010275602341,0.045651745051145554,0,0,0,0.9529616422951221,0.9073098972439766,-0.045651745051145554
TEMP_TEST\REAL\0001 (10).jpg,REAL,jpeg_50,0.04703835770487785,0.034793153405189514,-0.01224520429968834,0,0,0,0.9529616422951221,0.9652068465948105,0.01224520429968834
TEMP_TEST\REAL\0001 (10).jpg,REAL,resize_16_roundtrip,0.04703835770487785,0.08993299305438995,0.0428946353495121,0,0,0,0.9529616422951221,0.91006700694561,-0.0428946353495121
TEMP_TEST\REAL\0001 (10).jpg,REAL,resize_8_roundtrip,0.04703835770487785,0.5848870277404785,0.5378486700356007,0,1,1,0.9529616422951221,0.5848870277404785,-0.36807461455464363
TEMP_TEST\REAL\0001 (10).jpg,REAL,gaussian_blur,0.04703835770487785,0.11157194525003433,0.06453358754515648,0,0,0,0.9529616422951221,0.8884280547499657,-0.06453358754515648
TEMP_TEST\REAL\0001 (10).jpg,REAL,contrast_low,0.04703835770487785,0.01916731894016266,-0.027871038764715195,0,0,0,0.9529616422951221,0.9808326810598373,0.027871038764715195
TEMP_TEST\REAL\0001 (10).jpg,REAL,contrast_high,0.04703835770487785,0.5097910761833191,0.46275271847844124,0,0,0,0.9529616422951221,0.4902089238166809,-0.46275271847844124
TEMP_TEST\REAL\0001 (10).jpg,REAL,brightness_low,0.04703835770487785,0.0822397992014885,0.03520144149661064,0,0,0,0.9529616422951221,0.9177602007985115,-0.03520144149661064
TEMP_TEST\REAL\0001 (10).jpg,REAL,brightness_high,0.04703835770487785,0.08559239655733109,0.03855403885245323,0,0,0,0.9529616422951221,0.9144076034426689,-0.03855403885245323
TEMP_TEST\REAL\0001 (10).jpg,REAL,gaussian_noise,0.04703835770487785,0.20345212519168854,0.15641376748681068,0,0,0,0.9529616422951221,0.7965478748083115,-0.15641376748681068
TEMP_TEST\REAL\0001 (2).jpg,REAL,jpeg_70,0.0002758734335657209,0.0002642899926286191,-1.1583440937101841e-05,0,0,0,0.9997241265664343,0.9997357100073714,1.1583440937101841e-05
TEMP_TEST\REAL\0001 (2).jpg,REAL,jpeg_50,0.0002758734335657209,0.0006021133158355951,0.0003262398822698742,0,0,0,0.9997241265664343,0.9993978866841644,-0.0003262398822698742
TEMP_TEST\REAL\0001 (2).jpg,REAL,resize_16_roundtrip,0.0002758734335657209,0.029057495296001434,0.028781621862435713,0,0,0,0.9997241265664343,0.9709425047039986,-0.028781621862435713
TEMP_TEST\REAL\0001 (2).jpg,REAL,resize_8_roundtrip,0.0002758734335657209,0.12921686470508575,0.12894099127152003,0,0,0,0.9997241265664343,0.8707831352949142,-0.12894099127152003
TEMP_TEST\REAL\0001 (2).jpg,REAL,gaussian_blur,0.0002758734335657209,0.0028854471165686846,0.0026095736830029637,0,0,0,0.9997241265664343,0.9971145528834313,-0.0026095736830029637
TEMP_TEST\REAL\0001 (2).jpg,REAL,contrast_low,0.0002758734335657209,0.0004549423756543547,0.00017906894208863378,0,0,0,0.9997241265664343,0.9995450576243456,-0.00017906894208863378
TEMP_TEST\REAL\0001 (2).jpg,REAL,contrast_high,0.0002758734335657209,0.00029070634627714753,1.4832912711426616e-05,0,0,0,0.9997241265664343,0.9997092936537229,-1.4832912711426616e-05
TEMP_TEST\REAL\0001 (2).jpg,REAL,brightness_low,0.0002758734335657209,0.0008524484583176672,0.0005765750247519463,0,0,0,0.9997241265664343,0.9991475515416823,-0.0005765750247519463
TEMP_TEST\REAL\0001 (2).jpg,REAL,brightness_high,0.0002758734335657209,0.00012608720862772316,-0.00014978622493799776,0,0,0,0.9997241265664343,0.9998739127913723,0.00014978622493799776
TEMP_TEST\REAL\0001 (2).jpg,REAL,gaussian_noise,0.0002758734335657209,0.00016922314534895122,-0.0001066502882167697,0,0,0,0.9997241265664343,0.999830776854651,0.0001066502882167697
TEMP_TEST\REAL\0001 (3).jpg,REAL,jpeg_70,0.335734486579895,0.5297958254814148,0.19406133890151978,0,0,0,0.664265513420105,0.4702041745185852,-0.19406133890151978
TEMP_TEST\REAL\0001 (3).jpg,REAL,jpeg_50,0.335734486579895,0.8613564372062683,0.5256219506263733,0,1,1,0.664265513420105,0.8613564372062683,0.19709092378616333
TEMP_TEST\REAL\0001 (3).jpg,REAL,resize_16_roundtrip,0.335734486579895,0.08656979352235794,-0.24916469305753708,0,0,0,0.664265513420105,0.9134302064776421,0.24916469305753708
TEMP_TEST\REAL\0001 (3).jpg,REAL,resize_8_roundtrip,0.335734486579895,0.10494042932987213,-0.2307940572500229,0,0,0,0.664265513420105,0.8950595706701279,0.2307940572500229
TEMP_TEST\REAL\0001 (3).jpg,REAL,gaussian_blur,0.335734486579895,0.08627869188785553,-0.2494557946920395,0,0,0,0.664265513420105,0.9137213081121445,0.2494557946920395
TEMP_TEST\REAL\0001 (3).jpg,REAL,contrast_low,0.335734486579895,0.08785085380077362,-0.2478836327791214,0,0,0,0.664265513420105,0.9121491461992264,0.2478836327791214
TEMP_TEST\REAL\0001 (3).jpg,REAL,contrast_high,0.335734486579895,0.8260294198989868,0.4902949333190918,0,1,1,0.664265513420105,0.8260294198989868,0.16176390647888184
TEMP_TEST\REAL\0001 (3).jpg,REAL,brightness_low,0.335734486579895,0.11600469797849655,-0.21972978860139847,0,0,0,0.664265513420105,0.8839953020215034,0.21972978860139847
TEMP_TEST\REAL\0001 (3).jpg,REAL,brightness_high,0.335734486579895,0.5230640172958374,0.18732953071594238,0,0,0,0.664265513420105,0.4769359827041626,-0.18732953071594238
TEMP_TEST\REAL\0001 (3).jpg,REAL,gaussian_noise,0.335734486579895,0.1331104338169098,-0.20262405276298523,0,0,0,0.664265513420105,0.8668895661830902,0.20262405276298523
TEMP_TEST\REAL\0001 (4).jpg,REAL,jpeg_70,0.0012376527301967144,0.0007978760404512286,-0.0004397766897454858,0,0,0,0.9987623472698033,0.9992021239595488,0.0004397766897454858
TEMP_TEST\REAL\0001 (4).jpg,REAL,jpeg_50,0.0012376527301967144,0.004334964323788881,0.003097311593592167,0,0,0,0.9987623472698033,0.9956650356762111,-0.003097311593592167
TEMP_TEST\REAL\0001 (4).jpg,REAL,resize_16_roundtrip,0.0012376527301967144,0.11058246344327927,0.10934481071308255,0,0,0,0.9987623472698033,0.8894175365567207,-0.10934481071308255
TEMP_TEST\REAL\0001 (4).jpg,REAL,resize_8_roundtrip,0.0012376527301967144,0.6367342472076416,0.6354965944774449,0,1,1,0.9987623472698033,0.6367342472076416,-0.3620281000621617
TEMP_TEST\REAL\0001 (4).jpg,REAL,gaussian_blur,0.0012376527301967144,0.03534221649169922,0.034104563761502504,0,0,0,0.9987623472698033,0.9646577835083008,-0.034104563761502504
TEMP_TEST\REAL\0001 (4).jpg,REAL,contrast_low,0.0012376527301967144,0.002029340947046876,0.0007916882168501616,0,0,0,0.9987623472698033,0.9979706590529531,-0.0007916882168501616
TEMP_TEST\REAL\0001 (4).jpg,REAL,contrast_high,0.0012376527301967144,0.001571921049617231,0.0003342683194205165,0,0,0,0.9987623472698033,0.9984280789503828,-0.0003342683194205165
TEMP_TEST\REAL\0001 (4).jpg,REAL,brightness_low,0.0012376527301967144,0.01529952883720398,0.014061876107007265,0,0,0,0.9987623472698033,0.984700471162796,-0.014061876107007265
TEMP_TEST\REAL\0001 (4).jpg,REAL,brightness_high,0.0012376527301967144,0.00028830557130277157,-0.0009493471588939428,0,0,0,0.9987623472698033,0.9997116944286972,0.0009493471588939428
TEMP_TEST\REAL\0001 (4).jpg,REAL,gaussian_noise,0.0012376527301967144,0.004513041581958532,0.003275388851761818,0,0,0,0.9987623472698033,0.9954869584180415,-0.003275388851761818
TEMP_TEST\REAL\0001 (5).jpg,REAL,jpeg_70,0.22840186953544617,0.15673157572746277,-0.0716702938079834,0,0,0,0.7715981304645538,0.8432684242725372,0.0716702938079834
TEMP_TEST\REAL\0001 (5).jpg,REAL,jpeg_50,0.22840186953544617,0.4713417589664459,0.24293988943099976,0,0,0,0.7715981304645538,0.5286582410335541,-0.24293988943099976
TEMP_TEST\REAL\0001 (5).jpg,REAL,resize_16_roundtrip,0.22840186953544617,0.49635687470436096,0.2679550051689148,0,0,0,0.7715981304645538,0.503643125295639,-0.2679550051689148
TEMP_TEST\REAL\0001 (5).jpg,REAL,resize_8_roundtrip,0.22840186953544617,0.3123804032802582,0.08397853374481201,0,0,0,0.7715981304645538,0.6876195967197418,-0.08397853374481201
TEMP_TEST\REAL\0001 (5).jpg,REAL,gaussian_blur,0.22840186953544617,0.46561771631240845,0.23721584677696228,0,0,0,0.7715981304645538,0.5343822836875916,-0.23721584677696228
TEMP_TEST\REAL\0001 (5).jpg,REAL,contrast_low,0.22840186953544617,0.06994297355413437,-0.1584588959813118,0,0,0,0.7715981304645538,0.9300570264458656,0.1584588959813118
TEMP_TEST\REAL\0001 (5).jpg,REAL,contrast_high,0.22840186953544617,0.5295787453651428,0.30117687582969666,0,0,0,0.7715981304645538,0.4704212546348572,-0.30117687582969666
TEMP_TEST\REAL\0001 (5).jpg,REAL,brightness_low,0.22840186953544617,0.22695957124233246,-0.0014422982931137085,0,0,0,0.7715981304645538,0.7730404287576675,0.0014422982931137085
TEMP_TEST\REAL\0001 (5).jpg,REAL,brightness_high,0.22840186953544617,0.13036048412322998,-0.09804138541221619,0,0,0,0.7715981304645538,0.86963951587677,0.09804138541221619
TEMP_TEST\REAL\0001 (5).jpg,REAL,gaussian_noise,0.22840186953544617,0.3211004436016083,0.09269857406616211,0,0,0,0.7715981304645538,0.6788995563983917,-0.09269857406616211
TEMP_TEST\REAL\0001 (6).jpg,REAL,jpeg_70,0.09280361980199814,0.04416844993829727,-0.04863516986370087,0,0,0,0.9071963801980019,0.9558315500617027,0.04863516986370087
TEMP_TEST\REAL\0001 (6).jpg,REAL,jpeg_50,0.09280361980199814,0.0035905304830521345,-0.089213089318946,0,0,0,0.9071963801980019,0.9964094695169479,0.089213089318946
TEMP_TEST\REAL\0001 (6).jpg,REAL,resize_16_roundtrip,0.09280361980199814,0.7682687640190125,0.6754651442170143,0,1,1,0.9071963801980019,0.7682687640190125,-0.1389276161789894
TEMP_TEST\REAL\0001 (6).jpg,REAL,resize_8_roundtrip,0.09280361980199814,0.513788640499115,0.42098502069711685,0,0,0,0.9071963801980019,0.486211359500885,-0.42098502069711685
TEMP_TEST\REAL\0001 (6).jpg,REAL,gaussian_blur,0.09280361980199814,0.7659630179405212,0.6731593981385231,0,1,1,0.9071963801980019,0.7659630179405212,-0.14123336225748062
TEMP_TEST\REAL\0001 (6).jpg,REAL,contrast_low,0.09280361980199814,0.07899539917707443,-0.013808220624923706,0,0,0,0.9071963801980019,0.9210046008229256,0.013808220624923706
TEMP_TEST\REAL\0001 (6).jpg,REAL,contrast_high,0.09280361980199814,0.6295783519744873,0.5367747321724892,0,1,1,0.9071963801980019,0.6295783519744873,-0.27761802822351456
TEMP_TEST\REAL\0001 (6).jpg,REAL,brightness_low,0.09280361980199814,0.2086150050163269,0.11581138521432877,0,0,0,0.9071963801980019,0.7913849949836731,-0.11581138521432877
TEMP_TEST\REAL\0001 (6).jpg,REAL,brightness_high,0.09280361980199814,0.12741881608963013,0.03461519628763199,0,0,0,0.9071963801980019,0.8725811839103699,-0.03461519628763199
TEMP_TEST\REAL\0001 (6).jpg,REAL,gaussian_noise,0.09280361980199814,0.06048193946480751,-0.03232168033719063,0,0,0,0.9071963801980019,0.9395180605351925,0.03232168033719063
TEMP_TEST\REAL\0001 (7).jpg,REAL,jpeg_70,0.003143314039334655,0.0022012649569660425,-0.0009420490823686123,0,0,0,0.9968566859606653,0.997798735043034,0.0009420490823686123
TEMP_TEST\REAL\0001 (7).jpg,REAL,jpeg_50,0.003143314039334655,0.001509253983385861,-0.0016340600559487939,0,0,0,0.9968566859606653,0.9984907460166141,0.0016340600559487939
TEMP_TEST\REAL\0001 (7).jpg,REAL,resize_16_roundtrip,0.003143314039334655,0.3520880937576294,0.34894477971829474,0,0,0,0.9968566859606653,0.6479119062423706,-0.34894477971829474
TEMP_TEST\REAL\0001 (7).jpg,REAL,resize_8_roundtrip,0.003143314039334655,0.20578405261039734,0.20264073857106268,0,0,0,0.9968566859606653,0.7942159473896027,-0.20264073857106268
TEMP_TEST\REAL\0001 (7).jpg,REAL,gaussian_blur,0.003143314039334655,0.11351494491100311,0.11037163087166846,0,0,0,0.9968566859606653,0.8864850550889969,-0.11037163087166846
TEMP_TEST\REAL\0001 (7).jpg,REAL,contrast_low,0.003143314039334655,0.007371971383690834,0.004228657344356179,0,0,0,0.9968566859606653,0.9926280286163092,-0.004228657344356179
TEMP_TEST\REAL\0001 (7).jpg,REAL,contrast_high,0.003143314039334655,0.004199289716780186,0.0010559756774455309,0,0,0,0.9968566859606653,0.9958007102832198,-0.0010559756774455309
TEMP_TEST\REAL\0001 (7).jpg,REAL,brightness_low,0.003143314039334655,0.01710827462375164,0.013964960584416986,0,0,0,0.9968566859606653,0.9828917253762484,-0.013964960584416986
TEMP_TEST\REAL\0001 (7).jpg,REAL,brightness_high,0.003143314039334655,0.001587038510479033,-0.0015562755288556218,0,0,0,0.9968566859606653,0.998412961489521,0.0015562755288556218
TEMP_TEST\REAL\0001 (7).jpg,REAL,gaussian_noise,0.003143314039334655,0.003026555525138974,-0.00011675851419568062,0,0,0,0.9968566859606653,0.996973444474861,0.00011675851419568062
TEMP_TEST\REAL\0001 (8).jpg,REAL,jpeg_70,0.0011508370516821742,0.0005286990781314671,-0.0006221379735507071,0,0,0,0.9988491629483178,0.9994713009218685,0.0006221379735507071
TEMP_TEST\REAL\0001 (8).jpg,REAL,jpeg_50,0.0011508370516821742,0.0007896489114500582,-0.000361188140232116,0,0,0,0.9988491629483178,0.9992103510885499,0.000361188140232116
TEMP_TEST\REAL\0001 (8).jpg,REAL,resize_16_roundtrip,0.0011508370516821742,0.16432055830955505,0.16316972125787288,0,0,0,0.9988491629483178,0.835679441690445,-0.16316972125787288
TEMP_TEST\REAL\0001 (8).jpg,REAL,resize_8_roundtrip,0.0011508370516821742,0.20976485311985016,0.20861401606816798,0,0,0,0.9988491629483178,0.7902351468801498,-0.20861401606816798
TEMP_TEST\REAL\0001 (8).jpg,REAL,gaussian_blur,0.0011508370516821742,0.01363532803952694,0.012484490987844765,0,0,0,0.9988491629483178,0.9863646719604731,-0.012484490987844765
TEMP_TEST\REAL\0001 (8).jpg,REAL,contrast_low,0.0011508370516821742,0.0034107554238289595,0.0022599183721467853,0,0,0,0.9988491629483178,0.996589244576171,-0.0022599183721467853
TEMP_TEST\REAL\0001 (8).jpg,REAL,contrast_high,0.0011508370516821742,0.0006928529473952949,-0.0004579841042868793,0,0,0,0.9988491629483178,0.9993071470526047,0.0004579841042868793
TEMP_TEST\REAL\0001 (8).jpg,REAL,brightness_low,0.0011508370516821742,0.00565204257145524,0.004501205519773066,0,0,0,0.9988491629483178,0.9943479574285448,-0.004501205519773066
TEMP_TEST\REAL\0001 (8).jpg,REAL,brightness_high,0.0011508370516821742,0.000468528363853693,-0.0006823086878284812,0,0,0,0.9988491629483178,0.9995314716361463,0.0006823086878284812
TEMP_TEST\REAL\0001 (8).jpg,REAL,gaussian_noise,0.0011508370516821742,0.002813527826219797,0.001662690774537623,0,0,0,0.9988491629483178,0.9971864721737802,-0.001662690774537623
TEMP_TEST\REAL\0001 (9).jpg,REAL,jpeg_70,0.004160663112998009,0.002984834834933281,-0.0011758282780647278,0,0,0,0.995839336887002,0.9970151651650667,0.0011758282780647278
TEMP_TEST\REAL\0001 (9).jpg,REAL,jpeg_50,0.004160663112998009,0.023752938956022263,0.019592275843024254,0,0,0,0.995839336887002,0.9762470610439777,-0.019592275843024254
TEMP_TEST\REAL\0001 (9).jpg,REAL,resize_16_roundtrip,0.004160663112998009,0.6953213214874268,0.6911606583744287,0,1,1,0.995839336887002,0.6953213214874268,-0.30051801539957523
TEMP_TEST\REAL\0001 (9).jpg,REAL,resize_8_roundtrip,0.004160663112998009,0.8987318873405457,0.8945712242275476,0,1,1,0.995839336887002,0.8987318873405457,-0.09710744954645634
TEMP_TEST\REAL\0001 (9).jpg,REAL,gaussian_blur,0.004160663112998009,0.031635574996471405,0.027474911883473396,0,0,0,0.995839336887002,0.9683644250035286,-0.027474911883473396
TEMP_TEST\REAL\0001 (9).jpg,REAL,contrast_low,0.004160663112998009,0.00668904185295105,0.002528378739953041,0,0,0,0.995839336887002,0.993310958147049,-0.002528378739953041
TEMP_TEST\REAL\0001 (9).jpg,REAL,contrast_high,0.004160663112998009,0.006315950304269791,0.002155287191271782,0,0,0,0.995839336887002,0.9936840496957302,-0.002155287191271782
TEMP_TEST\REAL\0001 (9).jpg,REAL,brightness_low,0.004160663112998009,0.030396854504942894,0.026236191391944885,0,0,0,0.995839336887002,0.9696031454950571,-0.026236191391944885
TEMP_TEST\REAL\0001 (9).jpg,REAL,brightness_high,0.004160663112998009,0.004291727673262358,0.00013106456026434898,0,0,0,0.995839336887002,0.9957082723267376,-0.00013106456026434898
TEMP_TEST\REAL\0001 (9).jpg,REAL,gaussian_noise,0.004160663112998009,0.009553603827953339,0.00539294071495533,0,0,0,0.995839336887002,0.9904463961720467,-0.00539294071495533
TEMP_TEST\REAL\0001.jpg,REAL,jpeg_70,0.009449465200304985,0.004681428894400597,-0.004768036305904388,0,0,0,0.990550534799695,0.9953185711055994,0.004768036305904388
TEMP_TEST\REAL\0001.jpg,REAL,jpeg_50,0.009449465200304985,0.016838716343045235,0.00738925114274025,0,0,0,0.990550534799695,0.9831612836569548,-0.00738925114274025
TEMP_TEST\REAL\0001.jpg,REAL,resize_16_roundtrip,0.009449465200304985,0.05294951796531677,0.04350005276501179,0,0,0,0.990550534799695,0.9470504820346832,-0.04350005276501179
TEMP_TEST\REAL\0001.jpg,REAL,resize_8_roundtrip,0.009449465200304985,0.24314966797828674,0.23370020277798176,0,0,0,0.990550534799695,0.7568503320217133,-0.23370020277798176
TEMP_TEST\REAL\0001.jpg,REAL,gaussian_blur,0.009449465200304985,0.028323212638497353,0.018873747438192368,0,0,0,0.990550534799695,0.9716767873615026,-0.018873747438192368
TEMP_TEST\REAL\0001.jpg,REAL,contrast_low,0.009449465200304985,0.006372896954417229,-0.0030765682458877563,0,0,0,0.990550534799695,0.9936271030455828,0.0030765682458877563
TEMP_TEST\REAL\0001.jpg,REAL,contrast_high,0.009449465200304985,0.014835870824754238,0.005386405624449253,0,0,0,0.990550534799695,0.9851641291752458,-0.005386405624449253
TEMP_TEST\REAL\0001.jpg,REAL,brightness_low,0.009449465200304985,0.0050309933722019196,-0.0044184718281030655,0,0,0,0.990550534799695,0.9949690066277981,0.0044184718281030655
TEMP_TEST\REAL\0001.jpg,REAL,brightness_high,0.009449465200304985,0.013467984274029732,0.004018519073724747,0,0,0,0.990550534799695,0.9865320157259703,-0.004018519073724747
TEMP_TEST\REAL\0001.jpg,REAL,gaussian_noise,0.009449465200304985,0.008653572760522366,-0.0007958924397826195,0,0,0,0.990550534799695,0.9913464272394776,0.0007958924397826195
TEMP_TEST\REAL\0002 (10).jpg,REAL,jpeg_70,0.7863684892654419,0.8807767033576965,0.09440821409225464,1,1,0,0.7863684892654419,0.8807767033576965,0.09440821409225464
TEMP_TEST\REAL\0002 (10).jpg,REAL,jpeg_50,0.7863684892654419,0.842529833316803,0.056161344051361084,1,1,0,0.7863684892654419,0.842529833316803,0.056161344051361084
TEMP_TEST\REAL\0002 (10).jpg,REAL,resize_16_roundtrip,0.7863684892654419,0.17507284879684448,-0.6112956404685974,1,0,1,0.7863684892654419,0.8249271512031555,0.03855866193771362
TEMP_TEST\REAL\0002 (10).jpg,REAL,resize_8_roundtrip,0.7863684892654419,0.03812146931886673,-0.7482470199465752,1,0,1,0.7863684892654419,0.9618785306811333,0.17551004141569138
TEMP_TEST\REAL\0002 (10).jpg,REAL,gaussian_blur,0.7863684892654419,0.15050402283668518,-0.6358644664287567,1,0,1,0.7863684892654419,0.8494959771633148,0.06312748789787292
TEMP_TEST\REAL\0002 (10).jpg,REAL,contrast_low,0.7863684892654419,0.01795191317796707,-0.7684165760874748,1,0,1,0.7863684892654419,0.9820480868220329,0.19567959755659103
TEMP_TEST\REAL\0002 (10).jpg,REAL,contrast_high,0.7863684892654419,0.9875538349151611,0.20118534564971924,1,1,0,0.7863684892654419,0.9875538349151611,0.20118534564971924
TEMP_TEST\REAL\0002 (10).jpg,REAL,brightness_low,0.7863684892654419,0.575126588344574,-0.21124190092086792,1,1,0,0.7863684892654419,0.575126588344574,-0.21124190092086792
TEMP_TEST\REAL\0002 (10).jpg,REAL,brightness_high,0.7863684892654419,0.6506134867668152,-0.1357550024986267,1,1,0,0.7863684892654419,0.6506134867668152,-0.1357550024986267
TEMP_TEST\REAL\0002 (10).jpg,REAL,gaussian_noise,0.7863684892654419,0.6500635147094727,-0.13630497455596924,1,1,0,0.7863684892654419,0.6500635147094727,-0.13630497455596924
TEMP_TEST\REAL\0002 (2).jpg,REAL,jpeg_70,0.0026244111359119415,0.010361656546592712,0.007737245410680771,0,0,0,0.9973755888640881,0.9896383434534073,-0.007737245410680771
TEMP_TEST\REAL\0002 (2).jpg,REAL,jpeg_50,0.0026244111359119415,0.09432000666856766,0.09169559553265572,0,0,0,0.9973755888640881,0.9056799933314323,-0.09169559553265572
TEMP_TEST\REAL\0002 (2).jpg,REAL,resize_16_roundtrip,0.0026244111359119415,0.01809418387711048,0.01546977274119854,0,0,0,0.9973755888640881,0.9819058161228895,-0.01546977274119854
TEMP_TEST\REAL\0002 (2).jpg,REAL,resize_8_roundtrip,0.0026244111359119415,0.05687784031033516,0.05425342917442322,0,0,0,0.9973755888640881,0.9431221596896648,-0.05425342917442322
TEMP_TEST\REAL\0002 (2).jpg,REAL,gaussian_blur,0.0026244111359119415,0.004395386204123497,0.0017709750682115555,0,0,0,0.9973755888640881,0.9956046137958765,-0.0017709750682115555
TEMP_TEST\REAL\0002 (2).jpg,REAL,contrast_low,0.0026244111359119415,0.006377600133419037,0.0037531889975070953,0,0,0,0.9973755888640881,0.993622399866581,-0.0037531889975070953
TEMP_TEST\REAL\0002 (2).jpg,REAL,contrast_high,0.0026244111359119415,0.05088014528155327,0.04825573414564133,0,0,0,0.9973755888640881,0.9491198547184467,-0.04825573414564133
TEMP_TEST\REAL\0002 (2).jpg,REAL,brightness_low,0.0026244111359119415,0.06398950517177582,0.061365094035863876,0,0,0,0.9973755888640881,0.9360104948282242,-0.061365094035863876
TEMP_TEST\REAL\0002 (2).jpg,REAL,brightness_high,0.0026244111359119415,0.03021947853267193,0.027595067396759987,0,0,0,0.9973755888640881,0.9697805214673281,-0.027595067396759987
TEMP_TEST\REAL\0002 (2).jpg,REAL,gaussian_noise,0.0026244111359119415,0.005285554099828005,0.0026611429639160633,0,0,0,0.9973755888640881,0.994714445900172,-0.0026611429639160633
TEMP_TEST\REAL\0002 (3).jpg,REAL,jpeg_70,0.0572219118475914,0.09154589474201202,0.034323982894420624,0,0,0,0.9427780881524086,0.908454105257988,-0.034323982894420624
TEMP_TEST\REAL\0002 (3).jpg,REAL,jpeg_50,0.0572219118475914,0.2609691917896271,0.20374727994203568,0,0,0,0.9427780881524086,0.7390308082103729,-0.20374727994203568
TEMP_TEST\REAL\0002 (3).jpg,REAL,resize_16_roundtrip,0.0572219118475914,0.025362515822052956,-0.031859396025538445,0,0,0,0.9427780881524086,0.974637484177947,0.031859396025538445
TEMP_TEST\REAL\0002 (3).jpg,REAL,resize_8_roundtrip,0.0572219118475914,0.10106200724840164,0.04384009540081024,0,0,0,0.9427780881524086,0.8989379927515984,-0.04384009540081024
TEMP_TEST\REAL\0002 (3).jpg,REAL,gaussian_blur,0.0572219118475914,0.01715119369328022,-0.04007071815431118,0,0,0,0.9427780881524086,0.9828488063067198,0.04007071815431118
TEMP_TEST\REAL\0002 (3).jpg,REAL,contrast_low,0.0572219118475914,0.041161563247442245,-0.016060348600149155,0,0,0,0.9427780881524086,0.9588384367525578,0.016060348600149155
TEMP_TEST\REAL\0002 (3).jpg,REAL,contrast_high,0.0572219118475914,0.13284823298454285,0.07562632113695145,0,0,0,0.9427780881524086,0.8671517670154572,-0.07562632113695145
TEMP_TEST\REAL\0002 (3).jpg,REAL,brightness_low,0.0572219118475914,0.07499891519546509,0.017777003347873688,0,0,0,0.9427780881524086,0.9250010848045349,-0.017777003347873688
TEMP_TEST\REAL\0002 (3).jpg,REAL,brightness_high,0.0572219118475914,0.040807101875543594,-0.016414809972047806,0,0,0,0.9427780881524086,0.9591928981244564,0.016414809972047806
TEMP_TEST\REAL\0002 (3).jpg,REAL,gaussian_noise,0.0572219118475914,0.08471238613128662,0.02749047428369522,0,0,0,0.9427780881524086,0.9152876138687134,-0.02749047428369522
TEMP_TEST\REAL\0002 (4).jpg,REAL,jpeg_70,0.0032125681173056364,0.0019522113725543022,-0.0012603567447513342,0,0,0,0.9967874318826944,0.9980477886274457,0.0012603567447513342
TEMP_TEST\REAL\0002 (4).jpg,REAL,jpeg_50,0.0032125681173056364,0.0007600083481520414,-0.002452559769153595,0,0,0,0.9967874318826944,0.999239991651848,0.002452559769153595
TEMP_TEST\REAL\0002 (4).jpg,REAL,resize_16_roundtrip,0.0032125681173056364,0.31950604915618896,0.31629348103888333,0,0,0,0.9967874318826944,0.680493950843811,-0.31629348103888333
TEMP_TEST\REAL\0002 (4).jpg,REAL,resize_8_roundtrip,0.0032125681173056364,0.2966786026954651,0.29346603457815945,0,0,0,0.9967874318826944,0.7033213973045349,-0.29346603457815945
TEMP_TEST\REAL\0002 (4).jpg,REAL,gaussian_blur,0.0032125681173056364,0.073731429874897,0.07051886175759137,0,0,0,0.9967874318826944,0.926268570125103,-0.07051886175759137
TEMP_TEST\REAL\0002 (4).jpg,REAL,contrast_low,0.0032125681173056364,0.003973194397985935,0.0007606262806802988,0,0,0,0.9967874318826944,0.9960268056020141,-0.0007606262806802988
TEMP_TEST\REAL\0002 (4).jpg,REAL,contrast_high,0.0032125681173056364,0.0014391923323273659,-0.0017733757849782705,0,0,0,0.9967874318826944,0.9985608076676726,0.0017733757849782705
TEMP_TEST\REAL\0002 (4).jpg,REAL,brightness_low,0.0032125681173056364,0.004501733463257551,0.0012891653459519148,0,0,0,0.9967874318826944,0.9954982665367424,-0.0012891653459519148
TEMP_TEST\REAL\0002 (4).jpg,REAL,brightness_high,0.0032125681173056364,0.001112494501285255,-0.0021000736160203815,0,0,0,0.9967874318826944,0.9988875054987147,0.0021000736160203815
TEMP_TEST\REAL\0002 (4).jpg,REAL,gaussian_noise,0.0032125681173056364,0.007255135104060173,0.004042566986754537,0,0,0,0.9967874318826944,0.9927448648959398,-0.004042566986754537
TEMP_TEST\REAL\0002 (5).jpg,REAL,jpeg_70,0.0006291691679507494,0.0004182939592283219,-0.0002108752087224275,0,0,0,0.9993708308320493,0.9995817060407717,0.0002108752087224275
TEMP_TEST\REAL\0002 (5).jpg,REAL,jpeg_50,0.0006291691679507494,6.20787832303904e-05,-0.000567090384720359,0,0,0,0.9993708308320493,0.9999379212167696,0.000567090384720359
TEMP_TEST\REAL\0002 (5).jpg,REAL,resize_16_roundtrip,0.0006291691679507494,0.2056497484445572,0.20502057927660644,0,0,0,0.9993708308320493,0.7943502515554428,-0.20502057927660644
TEMP_TEST\REAL\0002 (5).jpg,REAL,resize_8_roundtrip,0.0006291691679507494,0.9234507083892822,0.9228215392213315,0,1,1,0.9993708308320493,0.9234507083892822,-0.07592012244276702
TEMP_TEST\REAL\0002 (5).jpg,REAL,gaussian_blur,0.0006291691679507494,0.013606589287519455,0.012977420119568706,0,0,0,0.9993708308320493,0.9863934107124805,-0.012977420119568706
TEMP_TEST\REAL\0002 (5).jpg,REAL,contrast_low,0.0006291691679507494,0.0019532989244908094,0.00132412975654006,0,0,0,0.9993708308320493,0.9980467010755092,-0.00132412975654006
TEMP_TEST\REAL\0002 (5).jpg,REAL,contrast_high,0.0006291691679507494,0.00024472418590448797,-0.00038444498204626143,0,0,0,0.9993708308320493,0.9997552758140955,0.00038444498204626143
TEMP_TEST\REAL\0002 (5).jpg,REAL,brightness_low,0.0006291691679507494,0.0030637329909950495,0.0024345638230443,0,0,0,0.9993708308320493,0.996936267009005,-0.0024345638230443
TEMP_TEST\REAL\0002 (5).jpg,REAL,brightness_high,0.0006291691679507494,0.0001753170945448801,-0.0004538520734058693,0,0,0,0.9993708308320493,0.9998246829054551,0.0004538520734058693
TEMP_TEST\REAL\0002 (5).jpg,REAL,gaussian_noise,0.0006291691679507494,0.001714426907710731,0.0010852577397599816,0,0,0,0.9993708308320493,0.9982855730922893,-0.0010852577397599816
TEMP_TEST\REAL\0002 (6).jpg,REAL,jpeg_70,0.0009037309209816158,0.0006109052337706089,-0.0002928256872110069,0,0,0,0.9990962690790184,0.9993890947662294,0.0002928256872110069
TEMP_TEST\REAL\0002 (6).jpg,REAL,jpeg_50,0.0009037309209816158,0.0004968818393535912,-0.0004068490816280246,0,0,0,0.9990962690790184,0.9995031181606464,0.0004068490816280246
TEMP_TEST\REAL\0002 (6).jpg,REAL,resize_16_roundtrip,0.0009037309209816158,0.004798797890543938,0.003895066969562322,0,0,0,0.9990962690790184,0.9952012021094561,-0.003895066969562322
TEMP_TEST\REAL\0002 (6).jpg,REAL,resize_8_roundtrip,0.0009037309209816158,0.029093317687511444,0.02818958676652983,0,0,0,0.9990962690790184,0.9709066823124886,-0.02818958676652983
TEMP_TEST\REAL\0002 (6).jpg,REAL,gaussian_blur,0.0009037309209816158,0.003569365944713354,0.0026656350237317383,0,0,0,0.9990962690790184,0.9964306340552866,-0.0026656350237317383
TEMP_TEST\REAL\0002 (6).jpg,REAL,contrast_low,0.0009037309209816158,0.0003541051992215216,-0.0005496257217600942,0,0,0,0.9990962690790184,0.9996458948007785,0.0005496257217600942
TEMP_TEST\REAL\0002 (6).jpg,REAL,contrast_high,0.0009037309209816158,0.019082488492131233,0.018178757571149617,0,0,0,0.9990962690790184,0.9809175115078688,-0.018178757571149617
TEMP_TEST\REAL\0002 (6).jpg,REAL,brightness_low,0.0009037309209816158,0.0020152146462351084,0.0011114837252534926,0,0,0,0.9990962690790184,0.9979847853537649,-0.0011114837252534926
TEMP_TEST\REAL\0002 (6).jpg,REAL,brightness_high,0.0009037309209816158,0.0005111239152029157,-0.0003926070057787001,0,0,0,0.9990962690790184,0.9994888760847971,0.0003926070057787001
TEMP_TEST\REAL\0002 (6).jpg,REAL,gaussian_noise,0.0009037309209816158,0.0010921598877757788,0.000188428966794163,0,0,0,0.9990962690790184,0.9989078401122242,-0.000188428966794163
TEMP_TEST\REAL\0002 (7).jpg,REAL,jpeg_70,0.5848467350006104,0.46709126234054565,-0.1177554726600647,1,0,1,0.5848467350006104,0.5329087376594543,-0.051937997341156006
TEMP_TEST\REAL\0002 (7).jpg,REAL,jpeg_50,0.5848467350006104,0.37941423058509827,-0.20543250441551208,1,0,1,0.5848467350006104,0.6205857694149017,0.03573903441429138
TEMP_TEST\REAL\0002 (7).jpg,REAL,resize_16_roundtrip,0.5848467350006104,0.9813396334648132,0.3964928984642029,1,1,0,0.5848467350006104,0.9813396334648132,0.3964928984642029
TEMP_TEST\REAL\0002 (7).jpg,REAL,resize_8_roundtrip,0.5848467350006104,0.9866086840629578,0.4017619490623474,1,1,0,0.5848467350006104,0.9866086840629578,0.4017619490623474
TEMP_TEST\REAL\0002 (7).jpg,REAL,gaussian_blur,0.5848467350006104,0.8871009945869446,0.30225425958633423,1,1,0,0.5848467350006104,0.8871009945869446,0.30225425958633423
TEMP_TEST\REAL\0002 (7).jpg,REAL,contrast_low,0.5848467350006104,0.4671471416950226,-0.11769959330558777,1,0,1,0.5848467350006104,0.5328528583049774,-0.051993876695632935
TEMP_TEST\REAL\0002 (7).jpg,REAL,contrast_high,0.5848467350006104,0.7429810166358948,0.15813428163528442,1,1,0,0.5848467350006104,0.7429810166358948,0.15813428163528442
TEMP_TEST\REAL\0002 (7).jpg,REAL,brightness_low,0.5848467350006104,0.45408257842063904,-0.1307641565799713,1,0,1,0.5848467350006104,0.545917421579361,-0.03892931342124939
TEMP_TEST\REAL\0002 (7).jpg,REAL,brightness_high,0.5848467350006104,0.7081364393234253,0.12328970432281494,1,1,0,0.5848467350006104,0.7081364393234253,0.12328970432281494
TEMP_TEST\REAL\0002 (7).jpg,REAL,gaussian_noise,0.5848467350006104,0.882684588432312,0.29783785343170166,1,1,0,0.5848467350006104,0.882684588432312,0.29783785343170166
TEMP_TEST\REAL\0002 (8).jpg,REAL,jpeg_70,0.0010244161821901798,0.0011345401871949434,0.0001101240050047636,0,0,0,0.9989755838178098,0.9988654598128051,-0.0001101240050047636
TEMP_TEST\REAL\0002 (8).jpg,REAL,jpeg_50,0.0010244161821901798,0.004507034085690975,0.0034826179035007954,0,0,0,0.9989755838178098,0.995492965914309,-0.0034826179035007954
TEMP_TEST\REAL\0002 (8).jpg,REAL,resize_16_roundtrip,0.0010244161821901798,0.031979627907276154,0.030955211725085974,0,0,0,0.9989755838178098,0.9680203720927238,-0.030955211725085974
TEMP_TEST\REAL\0002 (8).jpg,REAL,resize_8_roundtrip,0.0010244161821901798,0.04715537652373314,0.04613096034154296,0,0,0,0.9989755838178098,0.9528446234762669,-0.04613096034154296
TEMP_TEST\REAL\0002 (8).jpg,REAL,gaussian_blur,0.0010244161821901798,0.017188843339681625,0.016164427157491446,0,0,0,0.9989755838178098,0.9828111566603184,-0.016164427157491446
TEMP_TEST\REAL\0002 (8).jpg,REAL,contrast_low,0.0010244161821901798,0.0007285595056600869,-0.00029585667653009295,0,0,0,0.9989755838178098,0.9992714404943399,0.00029585667653009295
TEMP_TEST\REAL\0002 (8).jpg,REAL,contrast_high,0.0010244161821901798,0.01838614232838154,0.01736172614619136,0,0,0,0.9989755838178098,0.9816138576716185,-0.01736172614619136
TEMP_TEST\REAL\0002 (8).jpg,REAL,brightness_low,0.0010244161821901798,0.002396288560703397,0.001371872378513217,0,0,0,0.9989755838178098,0.9976037114392966,-0.001371872378513217
TEMP_TEST\REAL\0002 (8).jpg,REAL,brightness_high,0.0010244161821901798,0.003338071284815669,0.0023136551026254892,0,0,0,0.9989755838178098,0.9966619287151843,-0.0023136551026254892
TEMP_TEST\REAL\0002 (8).jpg,REAL,gaussian_noise,0.0010244161821901798,0.0026304840575903654,0.0016060678754001856,0,0,0,0.9989755838178098,0.9973695159424096,-0.0016060678754001856
TEMP_TEST\REAL\0002 (9).jpg,REAL,jpeg_70,0.0009598031174391508,0.000974790717009455,1.4987599570304155e-05,0,0,0,0.9990401968825608,0.9990252092829905,-1.4987599570304155e-05
TEMP_TEST\REAL\0002 (9).jpg,REAL,jpeg_50,0.0009598031174391508,0.002389498520642519,0.0014296954032033682,0,0,0,0.9990401968825608,0.9976105014793575,-0.0014296954032033682
TEMP_TEST\REAL\0002 (9).jpg,REAL,resize_16_roundtrip,0.0009598031174391508,0.011239895597100258,0.010280092479661107,0,0,0,0.9990401968825608,0.9887601044028997,-0.010280092479661107
TEMP_TEST\REAL\0002 (9).jpg,REAL,resize_8_roundtrip,0.0009598031174391508,0.12848439812660217,0.12752459500916302,0,0,0,0.9990401968825608,0.8715156018733978,-0.12752459500916302
TEMP_TEST\REAL\0002 (9).jpg,REAL,gaussian_blur,0.0009598031174391508,0.016279224306344986,0.015319421188905835,0,0,0,0.9990401968825608,0.983720775693655,-0.015319421188905835
TEMP_TEST\REAL\0002 (9).jpg,REAL,contrast_low,0.0009598031174391508,0.0009193535661324859,-4.0449551306664944e-05,0,0,0,0.9990401968825608,0.9990806464338675,4.0449551306664944e-05
TEMP_TEST\REAL\0002 (9).jpg,REAL,contrast_high,0.0009598031174391508,0.0011000438826158643,0.00014024076517671347,0,0,0,0.9990401968825608,0.9988999561173841,-0.00014024076517671347
TEMP_TEST\REAL\0002 (9).jpg,REAL,brightness_low,0.0009598031174391508,0.0037068354431539774,0.0027470323257148266,0,0,0,0.9990401968825608,0.996293164556846,-0.0027470323257148266
TEMP_TEST\REAL\0002 (9).jpg,REAL,brightness_high,0.0009598031174391508,0.00023670386872254312,-0.0007230992487166077,0,0,0,0.9990401968825608,0.9997632961312775,0.0007230992487166077
TEMP_TEST\REAL\0002 (9).jpg,REAL,gaussian_noise,0.0009598031174391508,0.003430713899433613,0.002470910781994462,0,0,0,0.9990401968825608,0.9965692861005664,-0.002470910781994462
TEMP_TEST\REAL\0002.jpg,REAL,jpeg_70,0.0011361787328496575,0.0020023935940116644,0.0008662148611620069,0,0,0,0.9988638212671503,0.9979976064059883,-0.0008662148611620069
TEMP_TEST\REAL\0002.jpg,REAL,jpeg_50,0.0011361787328496575,0.0030749929137527943,0.0019388141809031367,0,0,0,0.9988638212671503,0.9969250070862472,-0.0019388141809031367
TEMP_TEST\REAL\0002.jpg,REAL,resize_16_roundtrip,0.0011361787328496575,0.004897335544228554,0.0037611568113788962,0,0,0,0.9988638212671503,0.9951026644557714,-0.0037611568113788962
TEMP_TEST\REAL\0002.jpg,REAL,resize_8_roundtrip,0.0011361787328496575,0.006326157599687576,0.005189978866837919,0,0,0,0.9988638212671503,0.9936738424003124,-0.005189978866837919
TEMP_TEST\REAL\0002.jpg,REAL,gaussian_blur,0.0011361787328496575,0.00077152403537184,-0.00036465469747781754,0,0,0,0.9988638212671503,0.9992284759646282,0.00036465469747781754
TEMP_TEST\REAL\0002.jpg,REAL,contrast_low,0.0011361787328496575,0.001867998973466456,0.0007318202406167984,0,0,0,0.9988638212671503,0.9981320010265335,-0.0007318202406167984
TEMP_TEST\REAL\0002.jpg,REAL,contrast_high,0.0011361787328496575,0.009228171780705452,0.008091993047855794,0,0,0,0.9988638212671503,0.9907718282192945,-0.008091993047855794
TEMP_TEST\REAL\0002.jpg,REAL,brightness_low,0.0011361787328496575,0.40715500712394714,0.4060188283910975,0,0,0,0.9988638212671503,0.5928449928760529,-0.4060188283910975
TEMP_TEST\REAL\0002.jpg,REAL,brightness_high,0.0011361787328496575,0.0053701987490057945,0.004234020016156137,0,0,0,0.9988638212671503,0.9946298012509942,-0.004234020016156137
TEMP_TEST\REAL\0002.jpg,REAL,gaussian_noise,0.0011361787328496575,0.002209521597251296,0.0010733428644016385,0,0,0,0.9988638212671503,0.9977904784027487,-0.0010733428644016385
TEMP_TEST\REAL\0003 (10).jpg,REAL,jpeg_70,0.006863354705274105,0.008493145927786827,0.001629791222512722,0,0,0,0.9931366452947259,0.9915068540722132,-0.001629791222512722
TEMP_TEST\REAL\0003 (10).jpg,REAL,jpeg_50,0.006863354705274105,0.09229088574647903,0.08542753104120493,0,0,0,0.9931366452947259,0.907709114253521,-0.08542753104120493
TEMP_TEST\REAL\0003 (10).jpg,REAL,resize_16_roundtrip,0.006863354705274105,0.32699114084243774,0.32012778613716364,0,0,0,0.9931366452947259,0.6730088591575623,-0.32012778613716364
TEMP_TEST\REAL\0003 (10).jpg,REAL,resize_8_roundtrip,0.006863354705274105,0.2434980720281601,0.236634717322886,0,0,0,0.9931366452947259,0.7565019279718399,-0.236634717322886
TEMP_TEST\REAL\0003 (10).jpg,REAL,gaussian_blur,0.006863354705274105,0.1053086593747139,0.09844530466943979,0,0,0,0.9931366452947259,0.8946913406252861,-0.09844530466943979
TEMP_TEST\REAL\0003 (10).jpg,REAL,contrast_low,0.006863354705274105,0.007865547202527523,0.001002192497253418,0,0,0,0.9931366452947259,0.9921344527974725,-0.001002192497253418
TEMP_TEST\REAL\0003 (10).jpg,REAL,contrast_high,0.006863354705274105,0.030350347980856895,0.02348699327558279,0,0,0,0.9931366452947259,0.9696496520191431,-0.02348699327558279
TEMP_TEST\REAL\0003 (10).jpg,REAL,brightness_low,0.006863354705274105,0.14674188196659088,0.13987852726131678,0,0,0,0.9931366452947259,0.8532581180334091,-0.13987852726131678
TEMP_TEST\REAL\0003 (10).jpg,REAL,brightness_high,0.006863354705274105,0.0031583209056407213,-0.0037050337996333838,0,0,0,0.9931366452947259,0.9968416790943593,0.0037050337996333838
TEMP_TEST\REAL\0003 (10).jpg,REAL,gaussian_noise,0.006863354705274105,0.015263902023434639,0.008400547318160534,0,0,0,0.9931366452947259,0.9847360979765654,-0.008400547318160534
TEMP_TEST\REAL\0003 (2).jpg,REAL,jpeg_70,0.034997809678316116,0.031087012961506844,-0.003910796716809273,0,0,0,0.9650021903216839,0.9689129870384932,0.003910796716809273
TEMP_TEST\REAL\0003 (2).jpg,REAL,jpeg_50,0.034997809678316116,0.011614767834544182,-0.023383041843771935,0,0,0,0.9650021903216839,0.9883852321654558,0.023383041843771935
TEMP_TEST\REAL\0003 (2).jpg,REAL,resize_16_roundtrip,0.034997809678316116,0.1062232181429863,0.07122540846467018,0,0,0,0.9650021903216839,0.8937767818570137,-0.07122540846467018
TEMP_TEST\REAL\0003 (2).jpg,REAL,resize_8_roundtrip,0.034997809678316116,0.24463960528373718,0.20964179560542107,0,0,0,0.9650021903216839,0.7553603947162628,-0.20964179560542107
TEMP_TEST\REAL\0003 (2).jpg,REAL,gaussian_blur,0.034997809678316116,0.11648957431316376,0.08149176463484764,0,0,0,0.9650021903216839,0.8835104256868362,-0.08149176463484764
TEMP_TEST\REAL\0003 (2).jpg,REAL,contrast_low,0.034997809678316116,0.008790697902441025,-0.02620711177587509,0,0,0,0.9650021903216839,0.991209302097559,0.02620711177587509
TEMP_TEST\REAL\0003 (2).jpg,REAL,contrast_high,0.034997809678316116,0.07264290750026703,0.03764509782195091,0,0,0,0.9650021903216839,0.927357092499733,-0.03764509782195091
TEMP_TEST\REAL\0003 (2).jpg,REAL,brightness_low,0.034997809678316116,0.11601071059703827,0.08101290091872215,0,0,0,0.9650021903216839,0.8839892894029617,-0.08101290091872215
TEMP_TEST\REAL\0003 (2).jpg,REAL,brightness_high,0.034997809678316116,0.009704887866973877,-0.02529292181134224,0,0,0,0.9650021903216839,0.9902951121330261,0.02529292181134224
TEMP_TEST\REAL\0003 (2).jpg,REAL,gaussian_noise,0.034997809678316116,0.015145628713071346,-0.01985218096524477,0,0,0,0.9650021903216839,0.9848543712869287,0.01985218096524477
TEMP_TEST\REAL\0003 (3).jpg,REAL,jpeg_70,0.022195609286427498,0.024560708552598953,0.0023650992661714554,0,0,0,0.9778043907135725,0.975439291447401,-0.0023650992661714554
TEMP_TEST\REAL\0003 (3).jpg,REAL,jpeg_50,0.022195609286427498,0.020238080993294716,-0.001957528293132782,0,0,0,0.9778043907135725,0.9797619190067053,0.001957528293132782
TEMP_TEST\REAL\0003 (3).jpg,REAL,resize_16_roundtrip,0.022195609286427498,0.04289526492357254,0.020699655637145042,0,0,0,0.9778043907135725,0.9571047350764275,-0.020699655637145042
TEMP_TEST\REAL\0003 (3).jpg,REAL,resize_8_roundtrip,0.022195609286427498,0.11123586446046829,0.0890402551740408,0,0,0,0.9778043907135725,0.8887641355395317,-0.0890402551740408
TEMP_TEST\REAL\0003 (3).jpg,REAL,gaussian_blur,0.022195609286427498,0.04288317635655403,0.020687567070126534,0,0,0,0.9778043907135725,0.957116823643446,-0.020687567070126534
TEMP_TEST\REAL\0003 (3).jpg,REAL,contrast_low,0.022195609286427498,0.039913780987262726,0.017718171700835228,0,0,0,0.9778043907135725,0.9600862190127373,-0.017718171700835228
TEMP_TEST\REAL\0003 (3).jpg,REAL,contrast_high,0.022195609286427498,0.034592874348163605,0.012397265061736107,0,0,0,0.9778043907135725,0.9654071256518364,-0.012397265061736107
TEMP_TEST\REAL\0003 (3).jpg,REAL,brightness_low,0.022195609286427498,0.30891692638397217,0.28672131709754467,0,0,0,0.9778043907135725,0.6910830736160278,-0.28672131709754467
TEMP_TEST\REAL\0003 (3).jpg,REAL,brightness_high,0.022195609286427498,0.0006741448887623847,-0.021521464397665113,0,0,0,0.9778043907135725,0.9993258551112376,0.021521464397665113
TEMP_TEST\REAL\0003 (3).jpg,REAL,gaussian_noise,0.022195609286427498,0.04153387248516083,0.01933826319873333,0,0,0,0.9778043907135725,0.9584661275148392,-0.01933826319873333
TEMP_TEST\REAL\0003 (4).jpg,REAL,jpeg_70,0.007583945989608765,0.0062495688907802105,-0.0013343770988285542,0,0,0,0.9924160540103912,0.9937504311092198,0.0013343770988285542
TEMP_TEST\REAL\0003 (4).jpg,REAL,jpeg_50,0.007583945989608765,0.003797569777816534,-0.0037863762117922306,0,0,0,0.9924160540103912,0.9962024302221835,0.0037863762117922306
TEMP_TEST\REAL\0003 (4).jpg,REAL,resize_16_roundtrip,0.007583945989608765,0.09886448085308075,0.09128053486347198,0,0,0,0.9924160540103912,0.9011355191469193,-0.09128053486347198
TEMP_TEST\REAL\0003 (4).jpg,REAL,resize_8_roundtrip,0.007583945989608765,0.29009464383125305,0.2825106978416443,0,0,0,0.9924160540103912,0.709905356168747,-0.2825106978416443
TEMP_TEST\REAL\0003 (4).jpg,REAL,gaussian_blur,0.007583945989608765,0.03378204256296158,0.026198096573352814,0,0,0,0.9924160540103912,0.9662179574370384,-0.026198096573352814
TEMP_TEST\REAL\0003 (4).jpg,REAL,contrast_low,0.007583945989608765,0.006604380905628204,-0.0009795650839805603,0,0,0,0.9924160540103912,0.9933956190943718,0.0009795650839805603
TEMP_TEST\REAL\0003 (4).jpg,REAL,contrast_high,0.007583945989608765,0.014559675939381123,0.006975729949772358,0,0,0,0.9924160540103912,0.9854403240606189,-0.006975729949772358
TEMP_TEST\REAL\0003 (4).jpg,REAL,brightness_low,0.007583945989608765,0.01592898741364479,0.008345041424036026,0,0,0,0.9924160540103912,0.9840710125863552,-0.008345041424036026
TEMP_TEST\REAL\0003 (4).jpg,REAL,brightness_high,0.007583945989608765,0.004406275227665901,-0.0031776707619428635,0,0,0,0.9924160540103912,0.9955937247723341,0.0031776707619428635
TEMP_TEST\REAL\0003 (4).jpg,REAL,gaussian_noise,0.007583945989608765,0.009736371226608753,0.0021524252369999886,0,0,0,0.9924160540103912,0.9902636287733912,-0.0021524252369999886
TEMP_TEST\REAL\0003 (5).jpg,REAL,jpeg_70,0.0009059953736141324,0.00101285963319242,0.0001068642595782876,0,0,0,0.9990940046263859,0.9989871403668076,-0.0001068642595782876
TEMP_TEST\REAL\0003 (5).jpg,REAL,jpeg_50,0.0009059953736141324,0.003578171832486987,0.0026721764588728547,0,0,0,0.9990940046263859,0.996421828167513,-0.0026721764588728547
TEMP_TEST\REAL\0003 (5).jpg,REAL,resize_16_roundtrip,0.0009059953736141324,0.04583876579999924,0.044932770426385105,0,0,0,0.9990940046263859,0.9541612342000008,-0.044932770426385105
TEMP_TEST\REAL\0003 (5).jpg,REAL,resize_8_roundtrip,0.0009059953736141324,0.17850731313228607,0.17760131775867194,0,0,0,0.9990940046263859,0.8214926868677139,-0.17760131775867194
TEMP_TEST\REAL\0003 (5).jpg,REAL,gaussian_blur,0.0009059953736141324,0.0063096750527620316,0.005403679679147899,0,0,0,0.9990940046263859,0.993690324947238,-0.005403679679147899
TEMP_TEST\REAL\0003 (5).jpg,REAL,contrast_low,0.0009059953736141324,0.0011298544704914093,0.0002238590968772769,0,0,0,0.9990940046263859,0.9988701455295086,-0.0002238590968772769
TEMP_TEST\REAL\0003 (5).jpg,REAL,contrast_high,0.0009059953736141324,0.0024623065255582333,0.0015563111519441009,0,0,0,0.9990940046263859,0.9975376934744418,-0.0015563111519441009
TEMP_TEST\REAL\0003 (5).jpg,REAL,brightness_low,0.0009059953736141324,0.0043265363201498985,0.003420540946535766,0,0,0,0.9990940046263859,0.9956734636798501,-0.003420540946535766
TEMP_TEST\REAL\0003 (5).jpg,REAL,brightness_high,0.0009059953736141324,0.0005065992590971291,-0.0003993961145170033,0,0,0,0.9990940046263859,0.9994934007409029,0.0003993961145170033
TEMP_TEST\REAL\0003 (5).jpg,REAL,gaussian_noise,0.0009059953736141324,0.0019860551692545414,0.001080059795640409,0,0,0,0.9990940046263859,0.9980139448307455,-0.001080059795640409
TEMP_TEST\REAL\0003 (6).jpg,REAL,jpeg_70,0.0124298594892025,0.0046996925957500935,-0.007730166893452406,0,0,0,0.9875701405107975,0.9953003074042499,0.007730166893452406
TEMP_TEST\REAL\0003 (6).jpg,REAL,jpeg_50,0.0124298594892025,5.8344598073745146e-05,-0.012371514891128754,0,0,0,0.9875701405107975,0.9999416554019263,0.012371514891128754
TEMP_TEST\REAL\0003 (6).jpg,REAL,resize_16_roundtrip,0.0124298594892025,0.27830666303634644,0.26587680354714394,0,0,0,0.9875701405107975,0.7216933369636536,-0.26587680354714394
TEMP_TEST\REAL\0003 (6).jpg,REAL,resize_8_roundtrip,0.0124298594892025,0.7898199558258057,0.7773900963366032,0,1,1,0.9875701405107975,0.7898199558258057,-0.19775018468499184
TEMP_TEST\REAL\0003 (6).jpg,REAL,gaussian_blur,0.0124298594892025,0.09296093881130219,0.08053107932209969,0,0,0,0.9875701405107975,0.9070390611886978,-0.08053107932209969
TEMP_TEST\REAL\0003 (6).jpg,REAL,contrast_low,0.0124298594892025,0.018504008650779724,0.006074149161577225,0,0,0,0.9875701405107975,0.9814959913492203,-0.006074149161577225
TEMP_TEST\REAL\0003 (6).jpg,REAL,contrast_high,0.0124298594892025,0.014569161459803581,0.002139301970601082,0,0,0,0.9875701405107975,0.9854308385401964,-0.002139301970601082
TEMP_TEST\REAL\0003 (6).jpg,REAL,brightness_low,0.0124298594892025,0.06598760932683945,0.05355774983763695,0,0,0,0.9875701405107975,0.9340123906731606,-0.05355774983763695
TEMP_TEST\REAL\0003 (6).jpg,REAL,brightness_high,0.0124298594892025,0.005572812166064978,-0.006857047323137522,0,0,0,0.9875701405107975,0.994427187833935,0.006857047323137522
TEMP_TEST\REAL\0003 (6).jpg,REAL,gaussian_noise,0.0124298594892025,0.03338625654578209,0.02095639705657959,0,0,0,0.9875701405107975,0.9666137434542179,-0.02095639705657959
TEMP_TEST\REAL\0003 (7).jpg,REAL,jpeg_70,0.0008631676901131868,0.0008760246564634144,1.2856966350227594e-05,0,0,0,0.9991368323098868,0.9991239753435366,-1.2856966350227594e-05
TEMP_TEST\REAL\0003 (7).jpg,REAL,jpeg_50,0.0008631676901131868,0.0011067743180319667,0.00024360662791877985,0,0,0,0.9991368323098868,0.998893225681968,-0.00024360662791877985
TEMP_TEST\REAL\0003 (7).jpg,REAL,resize_16_roundtrip,0.0008631676901131868,0.05302538350224495,0.05216221581213176,0,0,0,0.9991368323098868,0.946974616497755,-0.05216221581213176
TEMP_TEST\REAL\0003 (7).jpg,REAL,resize_8_roundtrip,0.0008631676901131868,0.38575783371925354,0.38489466602914035,0,0,0,0.9991368323098868,0.6142421662807465,-0.38489466602914035
TEMP_TEST\REAL\0003 (7).jpg,REAL,gaussian_blur,0.0008631676901131868,0.00734267383813858,0.0064795061480253935,0,0,0,0.9991368323098868,0.9926573261618614,-0.0064795061480253935
TEMP_TEST\REAL\0003 (7).jpg,REAL,contrast_low,0.0008631676901131868,0.0014275338035076857,0.0005643661133944988,0,0,0,0.9991368323098868,0.9985724661964923,-0.0005643661133944988
TEMP_TEST\REAL\0003 (7).jpg,REAL,contrast_high,0.0008631676901131868,0.0011475010542199016,0.0002843333641067147,0,0,0,0.9991368323098868,0.9988524989457801,-0.0002843333641067147
TEMP_TEST\REAL\0003 (7).jpg,REAL,brightness_low,0.0008631676901131868,0.0017329140100628138,0.0008697463199496269,0,0,0,0.9991368323098868,0.9982670859899372,-0.0008697463199496269
TEMP_TEST\REAL\0003 (7).jpg,REAL,brightness_high,0.0008631676901131868,0.0007118884241208434,-0.00015127926599234343,0,0,0,0.9991368323098868,0.9992881115758792,0.00015127926599234343
TEMP_TEST\REAL\0003 (7).jpg,REAL,gaussian_noise,0.0008631676901131868,0.0024237229954451323,0.0015605553053319454,0,0,0,0.9991368323098868,0.9975762770045549,-0.0015605553053319454
TEMP_TEST\REAL\0003 (8).jpg,REAL,jpeg_70,0.00044725360930897295,0.000508985947817564,6.173233850859106e-05,0,0,0,0.999552746390691,0.9994910140521824,-6.173233850859106e-05
TEMP_TEST\REAL\0003 (8).jpg,REAL,jpeg_50,0.00044725360930897295,0.0002287388197146356,-0.00021851478959433734,0,0,0,0.999552746390691,0.9997712611802854,0.00021851478959433734
TEMP_TEST\REAL\0003 (8).jpg,REAL,resize_16_roundtrip,0.00044725360930897295,0.10605639964342117,0.1056091460341122,0,0,0,0.999552746390691,0.8939436003565788,-0.1056091460341122
TEMP_TEST\REAL\0003 (8).jpg,REAL,resize_8_roundtrip,0.00044725360930897295,0.8246045708656311,0.8241573172563221,0,1,1,0.999552746390691,0.8246045708656311,-0.17494817552505992
TEMP_TEST\REAL\0003 (8).jpg,REAL,gaussian_blur,0.00044725360930897295,0.004852910991758108,0.004405657382449135,0,0,0,0.999552746390691,0.9951470890082419,-0.004405657382449135
TEMP_TEST\REAL\0003 (8).jpg,REAL,contrast_low,0.00044725360930897295,0.0006521250470541418,0.0002048714377451688,0,0,0,0.999552746390691,0.9993478749529459,-0.0002048714377451688
TEMP_TEST\REAL\0003 (8).jpg,REAL,contrast_high,0.00044725360930897295,0.001006123493425548,0.0005588698841165751,0,0,0,0.999552746390691,0.9989938765065745,-0.0005588698841165751
TEMP_TEST\REAL\0003 (8).jpg,REAL,brightness_low,0.00044725360930897295,0.0007552623865194619,0.0003080087772104889,0,0,0,0.999552746390691,0.9992447376134805,-0.0003080087772104889
TEMP_TEST\REAL\0003 (8).jpg,REAL,brightness_high,0.00044725360930897295,0.00027428727480582893,-0.00017296633450314403,0,0,0,0.999552746390691,0.9997257127251942,0.00017296633450314403
TEMP_TEST\REAL\0003 (8).jpg,REAL,gaussian_noise,0.00044725360930897295,0.0024307381827384233,0.0019834845734294504,0,0,0,0.999552746390691,0.9975692618172616,-0.0019834845734294504
TEMP_TEST\REAL\0003 (9).jpg,REAL,jpeg_70,5.264715582598001e-05,7.54458669689484e-05,2.2798711142968386e-05,0,0,0,0.999947352844174,0.999924554133031,-2.2798711142968386e-05
TEMP_TEST\REAL\0003 (9).jpg,REAL,jpeg_50,5.264715582598001e-05,0.00031053321436047554,0.00025788605853449553,0,0,0,0.999947352844174,0.9996894667856395,-0.00025788605853449553
TEMP_TEST\REAL\0003 (9).jpg,REAL,resize_16_roundtrip,5.264715582598001e-05,0.000591403862927109,0.000538756707101129,0,0,0,0.999947352844174,0.9994085961370729,-0.000538756707101129
TEMP_TEST\REAL\0003 (9).jpg,REAL,resize_8_roundtrip,5.264715582598001e-05,0.010744266211986542,0.010691619056160562,0,0,0,0.999947352844174,0.9892557337880135,-0.010691619056160562
TEMP_TEST\REAL\0003 (9).jpg,REAL,gaussian_blur,5.264715582598001e-05,0.00023933769261930138,0.00018669053679332137,0,0,0,0.999947352844174,0.9997606623073807,-0.00018669053679332137
TEMP_TEST\REAL\0003 (9).jpg,REAL,contrast_low,5.264715582598001e-05,0.0002508574689272791,0.0001982103131012991,0,0,0,0.999947352844174,0.9997491425310727,-0.0001982103131012991
TEMP_TEST\REAL\0003 (9).jpg,REAL,contrast_high,5.264715582598001e-05,0.00016210346075240523,0.00010945630492642522,0,0,0,0.999947352844174,0.9998378965392476,-0.00010945630492642522
TEMP_TEST\REAL\0003 (9).jpg,REAL,brightness_low,5.264715582598001e-05,0.0020040113013237715,0.0019513641454977915,0,0,0,0.999947352844174,0.9979959886986762,-0.0019513641454977915
TEMP_TEST\REAL\0003 (9).jpg,REAL,brightness_high,5.264715582598001e-05,2.9487804567907006e-05,-2.3159351258073002e-05,0,0,0,0.999947352844174,0.9999705121954321,2.3159351258073002e-05
TEMP_TEST\REAL\0003 (9).jpg,REAL,gaussian_noise,5.264715582598001e-05,6.93888432579115e-05,1.6741687431931496e-05,0,0,0,0.999947352844174,0.9999306111567421,-1.6741687431931496e-05
TEMP_TEST\REAL\0003.jpg,REAL,jpeg_70,0.0001112648387788795,9.016166586661711e-05,-2.110317291226238e-05,0,0,0,0.9998887351612211,0.9999098383341334,2.110317291226238e-05
TEMP_TEST\REAL\0003.jpg,REAL,jpeg_50,0.0001112648387788795,0.00024336182104889303,0.00013209698227001354,0,0,0,0.9998887351612211,0.9997566381789511,-0.00013209698227001354
TEMP_TEST\REAL\0003.jpg,REAL,resize_16_roundtrip,0.0001112648387788795,0.003795263357460499,0.0036839985186816193,0,0,0,0.9998887351612211,0.9962047366425395,-0.0036839985186816193
TEMP_TEST\REAL\0003.jpg,REAL,resize_8_roundtrip,0.0001112648387788795,0.03425010293722153,0.03413883809844265,0,0,0,0.9998887351612211,0.9657498970627785,-0.03413883809844265
TEMP_TEST\REAL\0003.jpg,REAL,gaussian_blur,0.0001112648387788795,0.0015912153758108616,0.001479950537031982,0,0,0,0.9998887351612211,0.9984087846241891,-0.001479950537031982
TEMP_TEST\REAL\0003.jpg,REAL,contrast_low,0.0001112648387788795,0.0002350020076846704,0.0001237371689057909,0,0,0,0.9998887351612211,0.9997649979923153,-0.0001237371689057909
TEMP_TEST\REAL\0003.jpg,REAL,contrast_high,0.0001112648387788795,0.00014556052337866277,3.429568459978327e-05,0,0,0,0.9998887351612211,0.9998544394766213,-3.429568459978327e-05
TEMP_TEST\REAL\0003.jpg,REAL,brightness_low,0.0001112648387788795,0.0004328649665694684,0.0003216001277905889,0,0,0,0.9998887351612211,0.9995671350334305,-0.0003216001277905889
TEMP_TEST\REAL\0003.jpg,REAL,brightness_high,0.0001112648387788795,5.078559843241237e-05,-6.047924034646712e-05,0,0,0,0.9998887351612211,0.9999492144015676,6.047924034646712e-05
TEMP_TEST\REAL\0003.jpg,REAL,gaussian_noise,0.0001112648387788795,0.0007264349260367453,0.0006151700872578658,0,0,0,0.9998887351612211,0.9992735650739633,-0.0006151700872578658
TEMP_TEST\REAL\0004 (10).jpg,REAL,jpeg_70,0.0018434496596455574,0.0019099722849205136,6.652262527495623e-05,0,0,0,0.9981565503403544,0.9980900277150795,-6.652262527495623e-05
TEMP_TEST\REAL\0004 (10).jpg,REAL,jpeg_50,0.0018434496596455574,0.0012027582852169871,-0.0006406913744285703,0,0,0,0.9981565503403544,0.998797241714783,0.0006406913744285703
TEMP_TEST\REAL\0004 (10).jpg,REAL,resize_16_roundtrip,0.0018434496596455574,0.058223169296979904,0.05637971963733435,0,0,0,0.9981565503403544,0.9417768307030201,-0.05637971963733435
TEMP_TEST\REAL\0004 (10).jpg,REAL,resize_8_roundtrip,0.0018434496596455574,0.12435965985059738,0.12251621019095182,0,0,0,0.9981565503403544,0.8756403401494026,-0.12251621019095182
TEMP_TEST\REAL\0004 (10).jpg,REAL,gaussian_blur,0.0018434496596455574,0.017247989773750305,0.015404540114104748,0,0,0,0.9981565503403544,0.9827520102262497,-0.015404540114104748
TEMP_TEST\REAL\0004 (10).jpg,REAL,contrast_low,0.0018434496596455574,0.0019047317327931523,6.128207314759493e-05,0,0,0,0.9981565503403544,0.9980952682672068,-6.128207314759493e-05
TEMP_TEST\REAL\0004 (10).jpg,REAL,contrast_high,0.0018434496596455574,0.0037572712171822786,0.0019138215575367212,0,0,0,0.9981565503403544,0.9962427287828177,-0.0019138215575367212
TEMP_TEST\REAL\0004 (10).jpg,REAL,brightness_low,0.0018434496596455574,0.004422503989189863,0.002579054329544306,0,0,0,0.9981565503403544,0.9955774960108101,-0.002579054329544306
TEMP_TEST\REAL\0004 (10).jpg,REAL,brightness_high,0.0018434496596455574,0.0007360580493696034,-0.001107391610275954,0,0,0,0.9981565503403544,0.9992639419506304,0.001107391610275954
TEMP_TEST\REAL\0004 (10).jpg,REAL,gaussian_noise,0.0018434496596455574,0.0021863896399736404,0.00034293998032808304,0,0,0,0.9981565503403544,0.9978136103600264,-0.00034293998032808304
TEMP_TEST\REAL\0004 (2).jpg,REAL,jpeg_70,0.08881409466266632,0.035493552684783936,-0.053320541977882385,0,0,0,0.9111859053373337,0.9645064473152161,0.053320541977882385
TEMP_TEST\REAL\0004 (2).jpg,REAL,jpeg_50,0.08881409466266632,0.02082301676273346,-0.06799107789993286,0,0,0,0.9111859053373337,0.9791769832372665,0.06799107789993286
TEMP_TEST\REAL\0004 (2).jpg,REAL,resize_16_roundtrip,0.08881409466266632,0.1465102583169937,0.05769616365432739,0,0,0,0.9111859053373337,0.8534897416830063,-0.05769616365432739
TEMP_TEST\REAL\0004 (2).jpg,REAL,resize_8_roundtrip,0.08881409466266632,0.473869264125824,0.38505516946315765,0,0,0,0.9111859053373337,0.526130735874176,-0.38505516946315765
TEMP_TEST\REAL\0004 (2).jpg,REAL,gaussian_blur,0.08881409466266632,0.06143997237086296,-0.02737412229180336,0,0,0,0.9111859053373337,0.938560027629137,0.02737412229180336
TEMP_TEST\REAL\0004 (2).jpg,REAL,contrast_low,0.08881409466266632,0.049992527812719345,-0.038821566849946976,0,0,0,0.9111859053373337,0.9500074721872807,0.038821566849946976
TEMP_TEST\REAL\0004 (2).jpg,REAL,contrast_high,0.08881409466266632,0.12204998731613159,0.03323589265346527,0,0,0,0.9111859053373337,0.8779500126838684,-0.03323589265346527
TEMP_TEST\REAL\0004 (2).jpg,REAL,brightness_low,0.08881409466266632,0.02552182227373123,-0.06329227238893509,0,0,0,0.9111859053373337,0.9744781777262688,0.06329227238893509
TEMP_TEST\REAL\0004 (2).jpg,REAL,brightness_high,0.08881409466266632,0.30764302611351013,0.2188289314508438,0,0,0,0.9111859053373337,0.6923569738864899,-0.2188289314508438
TEMP_TEST\REAL\0004 (2).jpg,REAL,gaussian_noise,0.08881409466266632,0.011065567843616009,-0.07774852681905031,0,0,0,0.9111859053373337,0.988934432156384,0.07774852681905031
TEMP_TEST\REAL\0004 (3).jpg,REAL,jpeg_70,0.010002543218433857,0.00578331109136343,-0.004219232127070427,0,0,0,0.9899974567815661,0.9942166889086366,0.004219232127070427
TEMP_TEST\REAL\0004 (3).jpg,REAL,jpeg_50,0.010002543218433857,0.004404474515467882,-0.005598068702965975,0,0,0,0.9899974567815661,0.9955955254845321,0.005598068702965975
TEMP_TEST\REAL\0004 (3).jpg,REAL,resize_16_roundtrip,0.010002543218433857,0.1419992446899414,0.13199670147150755,0,0,0,0.9899974567815661,0.8580007553100586,-0.13199670147150755
TEMP_TEST\REAL\0004 (3).jpg,REAL,resize_8_roundtrip,0.010002543218433857,0.12386350333690643,0.11386096011847258,0,0,0,0.9899974567815661,0.8761364966630936,-0.11386096011847258
TEMP_TEST\REAL\0004 (3).jpg,REAL,gaussian_blur,0.010002543218433857,0.04838723689317703,0.038384693674743176,0,0,0,0.9899974567815661,0.951612763106823,-0.038384693674743176
TEMP_TEST\REAL\0004 (3).jpg,REAL,contrast_low,0.010002543218433857,0.018048269674181938,0.008045726455748081,0,0,0,0.9899974567815661,0.9819517303258181,-0.008045726455748081
TEMP_TEST\REAL\0004 (3).jpg,REAL,contrast_high,0.010002543218433857,0.007695446722209454,-0.0023070964962244034,0,0,0,0.9899974567815661,0.9923045532777905,0.0023070964962244034
TEMP_TEST\REAL\0004 (3).jpg,REAL,brightness_low,0.010002543218433857,0.10984545201063156,0.0998429087921977,0,0,0,0.9899974567815661,0.8901545479893684,-0.0998429087921977
TEMP_TEST\REAL\0004 (3).jpg,REAL,brightness_high,0.010002543218433857,0.0012045198818668723,-0.008798023336566985,0,0,0,0.9899974567815661,0.9987954801181331,0.008798023336566985
TEMP_TEST\REAL\0004 (3).jpg,REAL,gaussian_noise,0.010002543218433857,0.022158192470669746,0.01215564925223589,0,0,0,0.9899974567815661,0.9778418075293303,-0.01215564925223589
TEMP_TEST\REAL\0004 (4).jpg,REAL,jpeg_70,0.011772355064749718,0.0044587901793420315,-0.007313564885407686,0,0,0,0.9882276449352503,0.995541209820658,0.007313564885407686
TEMP_TEST\REAL\0004 (4).jpg,REAL,jpeg_50,0.011772355064749718,0.0020383778028190136,-0.009733977261930704,0,0,0,0.9882276449352503,0.997961622197181,0.009733977261930704
TEMP_TEST\REAL\0004 (4).jpg,REAL,resize_16_roundtrip,0.011772355064749718,0.12617680430412292,0.11440444923937321,0,0,0,0.9882276449352503,0.8738231956958771,-0.11440444923937321
TEMP_TEST\REAL\0004 (4).jpg,REAL,resize_8_roundtrip,0.011772355064749718,0.09238751977682114,0.08061516471207142,0,0,0,0.9882276449352503,0.9076124802231789,-0.08061516471207142
TEMP_TEST\REAL\0004 (4).jpg,REAL,gaussian_blur,0.011772355064749718,0.08695178478956223,0.07517942972481251,0,0,0,0.9882276449352503,0.9130482152104378,-0.07517942972481251
TEMP_TEST\REAL\0004 (4).jpg,REAL,contrast_low,0.011772355064749718,0.025616563856601715,0.013844208791851997,0,0,0,0.9882276449352503,0.9743834361433983,-0.013844208791851997
TEMP_TEST\REAL\0004 (4).jpg,REAL,contrast_high,0.011772355064749718,0.014002006500959396,0.0022296514362096786,0,0,0,0.9882276449352503,0.9859979934990406,-0.0022296514362096786
TEMP_TEST\REAL\0004 (4).jpg,REAL,brightness_low,0.011772355064749718,0.035877592861652374,0.024105237796902657,0,0,0,0.9882276449352503,0.9641224071383476,-0.024105237796902657
TEMP_TEST\REAL\0004 (4).jpg,REAL,brightness_high,0.011772355064749718,0.0043131764978170395,-0.007459178566932678,0,0,0,0.9882276449352503,0.995686823502183,0.007459178566932678
TEMP_TEST\REAL\0004 (4).jpg,REAL,gaussian_noise,0.011772355064749718,0.006579577922821045,-0.005192777141928673,0,0,0,0.9882276449352503,0.993420422077179,0.005192777141928673
TEMP_TEST\REAL\0004 (5).jpg,REAL,jpeg_70,0.03755747899413109,0.02528160810470581,-0.012275870889425278,0,0,0,0.9624425210058689,0.9747183918952942,0.012275870889425278
TEMP_TEST\REAL\0004 (5).jpg,REAL,jpeg_50,0.03755747899413109,0.0027991696260869503,-0.03475830936804414,0,0,0,0.9624425210058689,0.997200830373913,0.03475830936804414
TEMP_TEST\REAL\0004 (5).jpg,REAL,resize_16_roundtrip,0.03755747899413109,0.09276827424764633,0.055210795253515244,0,0,0,0.9624425210058689,0.9072317257523537,-0.055210795253515244
TEMP_TEST\REAL\0004 (5).jpg,REAL,resize_8_roundtrip,0.03755747899413109,0.279441773891449,0.2418842948973179,0,0,0,0.9624425210058689,0.720558226108551,-0.2418842948973179
TEMP_TEST\REAL\0004 (5).jpg,REAL,gaussian_blur,0.03755747899413109,0.05791204050183296,0.020354561507701874,0,0,0,0.9624425210058689,0.942087959498167,-0.020354561507701874
TEMP_TEST\REAL\0004 (5).jpg,REAL,contrast_low,0.03755747899413109,0.025440741330385208,-0.01211673766374588,0,0,0,0.9624425210058689,0.9745592586696148,0.01211673766374588
TEMP_TEST\REAL\0004 (5).jpg,REAL,contrast_high,0.03755747899413109,0.10476180911064148,0.06720433011651039,0,0,0,0.9624425210058689,0.8952381908893585,-0.06720433011651039
TEMP_TEST\REAL\0004 (5).jpg,REAL,brightness_low,0.03755747899413109,0.12324688583612442,0.08568940684199333,0,0,0,0.9624425210058689,0.8767531141638756,-0.08568940684199333
TEMP_TEST\REAL\0004 (5).jpg,REAL,brightness_high,0.03755747899413109,0.011547357775270939,-0.02601012121886015,0,0,0,0.9624425210058689,0.9884526422247291,0.02601012121886015
TEMP_TEST\REAL\0004 (5).jpg,REAL,gaussian_noise,0.03755747899413109,0.01467673759907484,-0.022880741395056248,0,0,0,0.9624425210058689,0.9853232624009252,0.022880741395056248
TEMP_TEST\REAL\0004 (6).jpg,REAL,jpeg_70,0.017230264842510223,0.01287882775068283,-0.004351437091827393,0,0,0,0.9827697351574898,0.9871211722493172,0.004351437091827393
TEMP_TEST\REAL\0004 (6).jpg,REAL,jpeg_50,0.017230264842510223,0.004637204110622406,-0.012593060731887817,0,0,0,0.9827697351574898,0.9953627958893776,0.012593060731887817
TEMP_TEST\REAL\0004 (6).jpg,REAL,resize_16_roundtrip,0.017230264842510223,0.5506680011749268,0.5334377363324165,0,0,0,0.9827697351574898,0.44933199882507324,-0.5334377363324165
TEMP_TEST\REAL\0004 (6).jpg,REAL,resize_8_roundtrip,0.017230264842510223,0.9300838708877563,0.9128536060452461,0,1,1,0.9827697351574898,0.9300838708877563,-0.05268586426973343
TEMP_TEST\REAL\0004 (6).jpg,REAL,gaussian_blur,0.017230264842510223,0.10234839469194412,0.0851181298494339,0,0,0,0.9827697351574898,0.8976516053080559,-0.0851181298494339
TEMP_TEST\REAL\0004 (6).jpg,REAL,contrast_low,0.017230264842510223,0.024860594421625137,0.007630329579114914,0,0,0,0.9827697351574898,0.9751394055783749,-0.007630329579114914
TEMP_TEST\REAL\0004 (6).jpg,REAL,contrast_high,0.017230264842510223,0.008119123056530952,-0.009111141785979271,0,0,0,0.9827697351574898,0.991880876943469,0.009111141785979271
TEMP_TEST\REAL\0004 (6).jpg,REAL,brightness_low,0.017230264842510223,0.039535101503133774,0.02230483666062355,0,0,0,0.9827697351574898,0.9604648984968662,-0.02230483666062355
TEMP_TEST\REAL\0004 (6).jpg,REAL,brightness_high,0.017230264842510223,0.016674771904945374,-0.0005554929375648499,0,0,0,0.9827697351574898,0.9833252280950546,0.0005554929375648499
TEMP_TEST\REAL\0004 (6).jpg,REAL,gaussian_noise,0.017230264842510223,0.019849732518196106,0.0026194676756858826,0,0,0,0.9827697351574898,0.9801502674818039,-0.0026194676756858826
TEMP_TEST\REAL\0004 (7).jpg,REAL,jpeg_70,0.028678856790065765,0.03288961201906204,0.004210755228996277,0,0,0,0.9713211432099342,0.967110387980938,-0.004210755228996277
TEMP_TEST\REAL\0004 (7).jpg,REAL,jpeg_50,0.028678856790065765,0.08281610161066055,0.05413724482059479,0,0,0,0.9713211432099342,0.9171838983893394,-0.05413724482059479
TEMP_TEST\REAL\0004 (7).jpg,REAL,resize_16_roundtrip,0.028678856790065765,0.18897457420825958,0.16029571741819382,0,0,0,0.9713211432099342,0.8110254257917404,-0.16029571741819382
TEMP_TEST\REAL\0004 (7).jpg,REAL,resize_8_roundtrip,0.028678856790065765,0.48706695437431335,0.4583880975842476,0,0,0,0.9713211432099342,0.5129330456256866,-0.4583880975842476
TEMP_TEST\REAL\0004 (7).jpg,REAL,gaussian_blur,0.028678856790065765,0.04188503324985504,0.013206176459789276,0,0,0,0.9713211432099342,0.958114966750145,-0.013206176459789276
TEMP_TEST\REAL\0004 (7).jpg,REAL,contrast_low,0.028678856790065765,0.008158610202372074,-0.02052024658769369,0,0,0,0.9713211432099342,0.9918413897976279,0.02052024658769369
TEMP_TEST\REAL\0004 (7).jpg,REAL,contrast_high,0.028678856790065765,0.34043702483177185,0.3117581680417061,0,0,0,0.9713211432099342,0.6595629751682281,-0.3117581680417061
TEMP_TEST\REAL\0004 (7).jpg,REAL,brightness_low,0.028678856790065765,0.022618599236011505,-0.00606025755405426,0,0,0,0.9713211432099342,0.9773814007639885,0.00606025755405426
TEMP_TEST\REAL\0004 (7).jpg,REAL,brightness_high,0.028678856790065765,0.02143006958067417,-0.007248787209391594,0,0,0,0.9713211432099342,0.9785699304193258,0.007248787209391594
TEMP_TEST\REAL\0004 (7).jpg,REAL,gaussian_noise,0.028678856790065765,0.019518928602337837,-0.009159928187727928,0,0,0,0.9713211432099342,0.9804810713976622,0.009159928187727928
TEMP_TEST\REAL\0004 (8).jpg,REAL,jpeg_70,0.2375294268131256,0.6197392344474792,0.38220980763435364,0,1,1,0.7624705731868744,0.6197392344474792,-0.14273133873939514
TEMP_TEST\REAL\0004 (8).jpg,REAL,jpeg_50,0.2375294268131256,0.9596072435379028,0.7220778167247772,0,1,1,0.7624705731868744,0.9596072435379028,0.19713667035102844
TEMP_TEST\REAL\0004 (8).jpg,REAL,resize_16_roundtrip,0.2375294268131256,0.13614478707313538,-0.10138463973999023,0,0,0,0.7624705731868744,0.8638552129268646,0.10138463973999023
TEMP_TEST\REAL\0004 (8).jpg,REAL,resize_8_roundtrip,0.2375294268131256,0.1455550342798233,-0.09197439253330231,0,0,0,0.7624705731868744,0.8544449657201767,0.09197439253330231
TEMP_TEST\REAL\0004 (8).jpg,REAL,gaussian_blur,0.2375294268131256,0.047651611268520355,-0.18987781554460526,0,0,0,0.7624705731868744,0.9523483887314796,0.18987781554460526
TEMP_TEST\REAL\0004 (8).jpg,REAL,contrast_low,0.2375294268131256,0.04218631237745285,-0.19534311443567276,0,0,0,0.7624705731868744,0.9578136876225471,0.19534311443567276
TEMP_TEST\REAL\0004 (8).jpg,REAL,contrast_high,0.2375294268131256,0.9637466669082642,0.7262172400951385,0,1,1,0.7624705731868744,0.9637466669082642,0.20127609372138977
TEMP_TEST\REAL\0004 (8).jpg,REAL,brightness_low,0.2375294268131256,0.12855467200279236,-0.10897475481033325,0,0,0,0.7624705731868744,0.8714453279972076,0.10897475481033325
TEMP_TEST\REAL\0004 (8).jpg,REAL,brightness_high,0.2375294268131256,0.41415226459503174,0.17662283778190613,0,0,0,0.7624705731868744,0.5858477354049683,-0.17662283778190613
TEMP_TEST\REAL\0004 (8).jpg,REAL,gaussian_noise,0.2375294268131256,0.35929903388023376,0.12176960706710815,0,0,0,0.7624705731868744,0.6407009661197662,-0.12176960706710815
TEMP_TEST\REAL\0004 (9).jpg,REAL,jpeg_70,0.004875644575804472,0.00351210730150342,-0.001363537274301052,0,0,0,0.9951243554241955,0.9964878926984966,0.001363537274301052
TEMP_TEST\REAL\0004 (9).jpg,REAL,jpeg_50,0.004875644575804472,0.026203405112028122,0.02132776053622365,0,0,0,0.9951243554241955,0.9737965948879719,-0.02132776053622365
TEMP_TEST\REAL\0004 (9).jpg,REAL,resize_16_roundtrip,0.004875644575804472,0.18582335114479065,0.18094770656898618,0,0,0,0.9951243554241955,0.8141766488552094,-0.18094770656898618
TEMP_TEST\REAL\0004 (9).jpg,REAL,resize_8_roundtrip,0.004875644575804472,0.748430073261261,0.7435544286854565,0,1,1,0.9951243554241955,0.748430073261261,-0.24669428216293454
TEMP_TEST\REAL\0004 (9).jpg,REAL,gaussian_blur,0.004875644575804472,0.03596401587128639,0.03108837129548192,0,0,0,0.9951243554241955,0.9640359841287136,-0.03108837129548192
TEMP_TEST\REAL\0004 (9).jpg,REAL,contrast_low,0.004875644575804472,0.010337983258068562,0.00546233868226409,0,0,0,0.9951243554241955,0.9896620167419314,-0.00546233868226409
TEMP_TEST\REAL\0004 (9).jpg,REAL,contrast_high,0.004875644575804472,0.007785842753946781,0.002910198178142309,0,0,0,0.9951243554241955,0.9922141572460532,-0.002910198178142309
TEMP_TEST\REAL\0004 (9).jpg,REAL,brightness_low,0.004875644575804472,0.006124705076217651,0.0012490605004131794,0,0,0,0.9951243554241955,0.9938752949237823,-0.0012490605004131794
TEMP_TEST\REAL\0004 (9).jpg,REAL,brightness_high,0.004875644575804472,0.0031902457121759653,-0.0016853988636285067,0,0,0,0.9951243554241955,0.996809754287824,0.0016853988636285067
TEMP_TEST\REAL\0004 (9).jpg,REAL,gaussian_noise,0.004875644575804472,0.008058278821408749,0.0031826342456042767,0,0,0,0.9951243554241955,0.9919417211785913,-0.0031826342456042767
TEMP_TEST\REAL\0004.jpg,REAL,jpeg_70,0.04517278075218201,0.036206573247909546,-0.008966207504272461,0,0,0,0.954827219247818,0.9637934267520905,0.008966207504272461
TEMP_TEST\REAL\0004.jpg,REAL,jpeg_50,0.04517278075218201,0.04174494370818138,-0.0034278370440006256,0,0,0,0.954827219247818,0.9582550562918186,0.0034278370440006256
TEMP_TEST\REAL\0004.jpg,REAL,resize_16_roundtrip,0.04517278075218201,0.2280634492635727,0.18289066851139069,0,0,0,0.954827219247818,0.7719365507364273,-0.18289066851139069
TEMP_TEST\REAL\0004.jpg,REAL,resize_8_roundtrip,0.04517278075218201,0.2861967086791992,0.2410239279270172,0,0,0,0.954827219247818,0.7138032913208008,-0.2410239279270172
TEMP_TEST\REAL\0004.jpg,REAL,gaussian_blur,0.04517278075218201,0.09732316434383392,0.052150383591651917,0,0,0,0.954827219247818,0.9026768356561661,-0.052150383591651917
TEMP_TEST\REAL\0004.jpg,REAL,contrast_low,0.04517278075218201,0.017469121143221855,-0.02770365960896015,0,0,0,0.954827219247818,0.9825308788567781,0.02770365960896015
TEMP_TEST\REAL\0004.jpg,REAL,contrast_high,0.04517278075218201,0.26167210936546326,0.21649932861328125,0,0,0,0.954827219247818,0.7383278906345367,-0.21649932861328125
TEMP_TEST\REAL\0004.jpg,REAL,brightness_low,0.04517278075218201,0.07904835045337677,0.03387556970119476,0,0,0,0.954827219247818,0.9209516495466232,-0.03387556970119476
TEMP_TEST\REAL\0004.jpg,REAL,brightness_high,0.04517278075218201,0.038720548152923584,-0.006452232599258423,0,0,0,0.954827219247818,0.9612794518470764,0.006452232599258423
TEMP_TEST\REAL\0004.jpg,REAL,gaussian_noise,0.04517278075218201,0.059110935777425766,0.01393815502524376,0,0,0,0.954827219247818,0.9408890642225742,-0.01393815502524376
TEMP_TEST\REAL\0005 (10).jpg,REAL,jpeg_70,0.00010171156463911757,0.0002781028160825372,0.0001763912514434196,0,0,0,0.9998982884353609,0.9997218971839175,-0.0001763912514434196
TEMP_TEST\REAL\0005 (10).jpg,REAL,jpeg_50,0.00010171156463911757,0.0002775457687675953,0.00017583420412847772,0,0,0,0.9998982884353609,0.9997224542312324,-0.00017583420412847772
TEMP_TEST\REAL\0005 (10).jpg,REAL,resize_16_roundtrip,0.00010171156463911757,0.04042837768793106,0.04032666612329194,0,0,0,0.9998982884353609,0.9595716223120689,-0.04032666612329194
TEMP_TEST\REAL\0005 (10).jpg,REAL,resize_8_roundtrip,0.00010171156463911757,0.0626753494143486,0.06257363784970948,0,0,0,0.9998982884353609,0.9373246505856514,-0.06257363784970948
TEMP_TEST\REAL\0005 (10).jpg,REAL,gaussian_blur,0.00010171156463911757,0.0020066651050001383,0.0019049535403610207,0,0,0,0.9998982884353609,0.9979933348949999,-0.0019049535403610207
TEMP_TEST\REAL\0005 (10).jpg,REAL,contrast_low,0.00010171156463911757,0.00013835300342179835,3.664143878268078e-05,0,0,0,0.9998982884353609,0.9998616469965782,-3.664143878268078e-05
TEMP_TEST\REAL\0005 (10).jpg,REAL,contrast_high,0.00010171156463911757,0.0013358206488192081,0.0012341090841800906,0,0,0,0.9998982884353609,0.9986641793511808,-0.0012341090841800906
TEMP_TEST\REAL\0005 (10).jpg,REAL,brightness_low,0.00010171156463911757,0.00044735189294442534,0.0003456403283053078,0,0,0,0.9998982884353609,0.9995526481070556,-0.0003456403283053078
TEMP_TEST\REAL\0005 (10).jpg,REAL,brightness_high,0.00010171156463911757,5.4656993597745895e-05,-4.705457104137167e-05,0,0,0,0.9998982884353609,0.9999453430064023,4.705457104137167e-05
TEMP_TEST\REAL\0005 (10).jpg,REAL,gaussian_noise,0.00010171156463911757,0.00018152970005758107,7.98181354184635e-05,0,0,0,0.9998982884353609,0.9998184702999424,-7.98181354184635e-05
TEMP_TEST\REAL\0005 (2).jpg,REAL,jpeg_70,0.016980422660708427,0.011272422969341278,-0.005707999691367149,0,0,0,0.9830195773392916,0.9887275770306587,0.005707999691367149
TEMP_TEST\REAL\0005 (2).jpg,REAL,jpeg_50,0.016980422660708427,0.0027379002422094345,-0.014242522418498993,0,0,0,0.9830195773392916,0.9972620997577906,0.014242522418498993
TEMP_TEST\REAL\0005 (2).jpg,REAL,resize_16_roundtrip,0.016980422660708427,0.25725460052490234,0.24027417786419392,0,0,0,0.9830195773392916,0.7427453994750977,-0.24027417786419392
TEMP_TEST\REAL\0005 (2).jpg,REAL,resize_8_roundtrip,0.016980422660708427,0.5448885560035706,0.5279081333428621,0,0,0,0.9830195773392916,0.45511144399642944,-0.5279081333428621
TEMP_TEST\REAL\0005 (2).jpg,REAL,gaussian_blur,0.016980422660708427,0.1210407093167305,0.10406028665602207,0,0,0,0.9830195773392916,0.8789592906832695,-0.10406028665602207
TEMP_TEST\REAL\0005 (2).jpg,REAL,contrast_low,0.016980422660708427,0.0075329141691327095,-0.009447508491575718,0,0,0,0.9830195773392916,0.9924670858308673,0.009447508491575718
TEMP_TEST\REAL\0005 (2).jpg,REAL,contrast_high,0.016980422660708427,0.06804343312978745,0.05106301046907902,0,0,0,0.9830195773392916,0.9319565668702126,-0.05106301046907902
TEMP_TEST\REAL\0005 (2).jpg,REAL,brightness_low,0.016980422660708427,0.03157969191670418,0.01459926925599575,0,0,0,0.9830195773392916,0.9684203080832958,-0.01459926925599575
TEMP_TEST\REAL\0005 (2).jpg,REAL,brightness_high,0.016980422660708427,0.0032442931551486254,-0.013736129505559802,0,0,0,0.9830195773392916,0.9967557068448514,0.013736129505559802
TEMP_TEST\REAL\0005 (2).jpg,REAL,gaussian_noise,0.016980422660708427,0.01956052891910076,0.002580106258392334,0,0,0,0.9830195773392916,0.9804394710808992,-0.002580106258392334
TEMP_TEST\REAL\0005 (3).jpg,REAL,jpeg_70,0.3091375529766083,0.2669810950756073,-0.04215645790100098,0,0,0,0.6908624470233917,0.7330189049243927,0.04215645790100098
TEMP_TEST\REAL\0005 (3).jpg,REAL,jpeg_50,0.3091375529766083,0.036373019218444824,-0.27276453375816345,0,0,0,0.6908624470233917,0.9636269807815552,0.27276453375816345
TEMP_TEST\REAL\0005 (3).jpg,REAL,resize_16_roundtrip,0.3091375529766083,0.09995946288108826,-0.20917809009552002,0,0,0,0.6908624470233917,0.9000405371189117,0.20917809009552002
TEMP_TEST\REAL\0005 (3).jpg,REAL,resize_8_roundtrip,0.3091375529766083,0.4679964482784271,0.15885889530181885,0,0,0,0.6908624470233917,0.5320035517215729,-0.15885889530181885
TEMP_TEST\REAL\0005 (3).jpg,REAL,gaussian_blur,0.3091375529766083,0.07214222103357315,-0.23699533194303513,0,0,0,0.6908624470233917,0.9278577789664268,0.23699533194303513
TEMP_TEST\REAL\0005 (3).jpg,REAL,contrast_low,0.3091375529766083,0.0899655669927597,-0.21917198598384857,0,0,0,0.6908624470233917,0.9100344330072403,0.21917198598384857
TEMP_TEST\REAL\0005 (3).jpg,REAL,contrast_high,0.3091375529766083,0.7528964281082153,0.44375887513160706,0,1,1,0.6908624470233917,0.7528964281082153,0.06203398108482361
TEMP_TEST\REAL\0005 (3).jpg,REAL,brightness_low,0.3091375529766083,0.1661878079175949,-0.14294974505901337,0,0,0,0.6908624470233917,0.8338121920824051,0.14294974505901337
TEMP_TEST\REAL\0005 (3).jpg,REAL,brightness_high,0.3091375529766083,0.2353234440088272,-0.07381410896778107,0,0,0,0.6908624470233917,0.7646765559911728,0.07381410896778107
TEMP_TEST\REAL\0005 (3).jpg,REAL,gaussian_noise,0.3091375529766083,0.2924463152885437,-0.016691237688064575,0,0,0,0.6908624470233917,0.7075536847114563,0.016691237688064575
TEMP_TEST\REAL\0005 (4).jpg,REAL,jpeg_70,0.48506760597229004,0.3891145586967468,-0.09595304727554321,0,0,0,0.51493239402771,0.6108854413032532,0.09595304727554321
TEMP_TEST\REAL\0005 (4).jpg,REAL,jpeg_50,0.48506760597229004,0.09174114465713501,-0.39332646131515503,0,0,0,0.51493239402771,0.908258855342865,0.39332646131515503
TEMP_TEST\REAL\0005 (4).jpg,REAL,resize_16_roundtrip,0.48506760597229004,0.45680132508277893,-0.02826628088951111,0,0,0,0.51493239402771,0.5431986749172211,0.02826628088951111
TEMP_TEST\REAL\0005 (4).jpg,REAL,resize_8_roundtrip,0.48506760597229004,0.027749767526984215,-0.4573178384453058,0,0,0,0.51493239402771,0.9722502324730158,0.4573178384453058
TEMP_TEST\REAL\0005 (4).jpg,REAL,gaussian_blur,0.48506760597229004,0.889458417892456,0.404390811920166,0,1,1,0.51493239402771,0.889458417892456,0.3745260238647461
TEMP_TEST\REAL\0005 (4).jpg,REAL,contrast_low,0.48506760597229004,0.028225956484675407,-0.45684164948761463,0,0,0,0.51493239402771,0.9717740435153246,0.45684164948761463
TEMP_TEST\REAL\0005 (4).jpg,REAL,contrast_high,0.48506760597229004,0.8972017168998718,0.4121341109275818,0,1,1,0.51493239402771,0.8972017168998718,0.38226932287216187
TEMP_TEST\REAL\0005 (4).jpg,REAL,brightness_low,0.48506760597229004,0.9173593521118164,0.43229174613952637,0,1,1,0.51493239402771,0.9173593521118164,0.40242695808410645
TEMP_TEST\REAL\0005 (4).jpg,REAL,brightness_high,0.48506760597229004,0.11222885549068451,-0.37283875048160553,0,0,0,0.51493239402771,0.8877711445093155,0.37283875048160553
TEMP_TEST\REAL\0005 (4).jpg,REAL,gaussian_noise,0.48506760597229004,0.3172401189804077,-0.16782748699188232,0,0,0,0.51493239402771,0.6827598810195923,0.16782748699188232
TEMP_TEST\REAL\0005 (5).jpg,REAL,jpeg_70,0.0026851503644138575,0.0021834580693393946,-0.0005016922950744629,0,0,0,0.9973148496355861,0.9978165419306606,0.0005016922950744629
TEMP_TEST\REAL\0005 (5).jpg,REAL,jpeg_50,0.0026851503644138575,0.0014322856441140175,-0.00125286472029984,0,0,0,0.9973148496355861,0.998567714355886,0.00125286472029984
TEMP_TEST\REAL\0005 (5).jpg,REAL,resize_16_roundtrip,0.0026851503644138575,0.25721579790115356,0.2545306475367397,0,0,0,0.9973148496355861,0.7427842020988464,-0.2545306475367397
TEMP_TEST\REAL\0005 (5).jpg,REAL,resize_8_roundtrip,0.0026851503644138575,0.2248532623052597,0.22216811194084585,0,0,0,0.9973148496355861,0.7751467376947403,-0.22216811194084585
TEMP_TEST\REAL\0005 (5).jpg,REAL,gaussian_blur,0.0026851503644138575,0.0477006696164608,0.04501551925204694,0,0,0,0.9973148496355861,0.9522993303835392,-0.04501551925204694
TEMP_TEST\REAL\0005 (5).jpg,REAL,contrast_low,0.0026851503644138575,0.003898767288774252,0.0012136169243603945,0,0,0,0.9973148496355861,0.9961012327112257,-0.0012136169243603945
TEMP_TEST\REAL\0005 (5).jpg,REAL,contrast_high,0.0026851503644138575,0.0034874684643000364,0.000802318099886179,0,0,0,0.9973148496355861,0.9965125315357,-0.000802318099886179
TEMP_TEST\REAL\0005 (5).jpg,REAL,brightness_low,0.0026851503644138575,0.00331960734911263,0.0006344569846987724,0,0,0,0.9973148496355861,0.9966803926508874,-0.0006344569846987724
TEMP_TEST\REAL\0005 (5).jpg,REAL,brightness_high,0.0026851503644138575,0.001905605080537498,-0.0007795452838763595,0,0,0,0.9973148496355861,0.9980943949194625,0.0007795452838763595
TEMP_TEST\REAL\0005 (5).jpg,REAL,gaussian_noise,0.0026851503644138575,0.001734891557134688,-0.0009502588072791696,0,0,0,0.9973148496355861,0.9982651084428653,0.0009502588072791696
TEMP_TEST\REAL\0005 (6).jpg,REAL,jpeg_70,0.0013009915128350258,0.00038387448876164854,-0.0009171170240733773,0,0,0,0.998699008487165,0.9996161255112384,0.0009171170240733773
TEMP_TEST\REAL\0005 (6).jpg,REAL,jpeg_50,0.0013009915128350258,0.0010522381635382771,-0.00024875334929674864,0,0,0,0.998699008487165,0.9989477618364617,0.00024875334929674864
TEMP_TEST\REAL\0005 (6).jpg,REAL,resize_16_roundtrip,0.0013009915128350258,0.129501610994339,0.12820061948150396,0,0,0,0.998699008487165,0.870498389005661,-0.12820061948150396
TEMP_TEST\REAL\0005 (6).jpg,REAL,resize_8_roundtrip,0.0013009915128350258,0.5625720620155334,0.5612710705026984,0,1,1,0.998699008487165,0.5625720620155334,-0.4361269464716315
TEMP_TEST\REAL\0005 (6).jpg,REAL,gaussian_blur,0.0013009915128350258,0.05221271887421608,0.050911727361381054,0,0,0,0.998699008487165,0.9477872811257839,-0.050911727361381054
TEMP_TEST\REAL\0005 (6).jpg,REAL,contrast_low,0.0013009915128350258,0.0014132908545434475,0.00011229934170842171,0,0,0,0.998699008487165,0.9985867091454566,-0.00011229934170842171
TEMP_TEST\REAL\0005 (6).jpg,REAL,contrast_high,0.0013009915128350258,0.001796061871573329,0.0004950703587383032,0,0,0,0.998699008487165,0.9982039381284267,-0.0004950703587383032
TEMP_TEST\REAL\0005 (6).jpg,REAL,brightness_low,0.0013009915128350258,0.003930854611098766,0.0026298630982637405,0,0,0,0.998699008487165,0.9960691453889012,-0.0026298630982637405
TEMP_TEST\REAL\0005 (6).jpg,REAL,brightness_high,0.0013009915128350258,0.0013434356078505516,4.244409501552582e-05,0,0,0,0.998699008487165,0.9986565643921494,-4.244409501552582e-05
TEMP_TEST\REAL\0005 (6).jpg,REAL,gaussian_noise,0.0013009915128350258,0.0029975036159157753,0.0016965121030807495,0,0,0,0.998699008487165,0.9970024963840842,-0.0016965121030807495
TEMP_TEST\REAL\0005 (7).jpg,REAL,jpeg_70,0.0014521208358928561,0.001121160457842052,-0.00033096037805080414,0,0,0,0.9985478791641071,0.998878839542158,0.00033096037805080414
TEMP_TEST\REAL\0005 (7).jpg,REAL,jpeg_50,0.0014521208358928561,0.002844609320163727,0.0013924884842708707,0,0,0,0.9985478791641071,0.9971553906798363,-0.0013924884842708707
TEMP_TEST\REAL\0005 (7).jpg,REAL,resize_16_roundtrip,0.0014521208358928561,0.1615811586380005,0.16012903780210763,0,0,0,0.9985478791641071,0.8384188413619995,-0.16012903780210763
TEMP_TEST\REAL\0005 (7).jpg,REAL,resize_8_roundtrip,0.0014521208358928561,0.2161513715982437,0.21469925076235086,0,0,0,0.9985478791641071,0.7838486284017563,-0.21469925076235086
TEMP_TEST\REAL\0005 (7).jpg,REAL,gaussian_blur,0.0014521208358928561,0.06759441643953323,0.06614229560364038,0,0,0,0.9985478791641071,0.9324055835604668,-0.06614229560364038
TEMP_TEST\REAL\0005 (7).jpg,REAL,contrast_low,0.0014521208358928561,0.003394467756152153,0.001942346920259297,0,0,0,0.9985478791641071,0.9966055322438478,-0.001942346920259297
TEMP_TEST\REAL\0005 (7).jpg,REAL,contrast_high,0.0014521208358928561,0.0019350823713466525,0.0004829615354537964,0,0,0,0.9985478791641071,0.9980649176286533,-0.0004829615354537964
TEMP_TEST\REAL\0005 (7).jpg,REAL,brightness_low,0.0014521208358928561,0.007211682852357626,0.00575956201646477,0,0,0,0.9985478791641071,0.9927883171476424,-0.00575956201646477
TEMP_TEST\REAL\0005 (7).jpg,REAL,brightness_high,0.0014521208358928561,0.0007613410707563162,-0.0006907797651365399,0,0,0,0.9985478791641071,0.9992386589292437,0.0006907797651365399
TEMP_TEST\REAL\0005 (7).jpg,REAL,gaussian_noise,0.0014521208358928561,0.012106160633265972,0.010654039797373116,0,0,0,0.9985478791641071,0.987893839366734,-0.010654039797373116
TEMP_TEST\REAL\0005 (8).jpg,REAL,jpeg_70,0.03571145981550217,0.016374316066503525,-0.019337143748998642,0,0,0,0.9642885401844978,0.9836256839334965,0.019337143748998642
TEMP_TEST\REAL\0005 (8).jpg,REAL,jpeg_50,0.03571145981550217,0.002010203432291746,-0.03370125638321042,0,0,0,0.9642885401844978,0.9979897965677083,0.03370125638321042
TEMP_TEST\REAL\0005 (8).jpg,REAL,resize_16_roundtrip,0.03571145981550217,0.5315590500831604,0.49584759026765823,0,0,0,0.9642885401844978,0.4684409499168396,-0.49584759026765823
TEMP_TEST\REAL\0005 (8).jpg,REAL,resize_8_roundtrip,0.03571145981550217,0.6453443765640259,0.6096329167485237,0,1,1,0.9642885401844978,0.6453443765640259,-0.31894416362047195
TEMP_TEST\REAL\0005 (8).jpg,REAL,gaussian_blur,0.03571145981550217,0.3064267337322235,0.27071527391672134,0,0,0,0.9642885401844978,0.6935732662677765,-0.27071527391672134
TEMP_TEST\REAL\0005 (8).jpg,REAL,contrast_low,0.03571145981550217,0.03950987011194229,0.0037984102964401245,0,0,0,0.9642885401844978,0.9604901298880577,-0.0037984102964401245
TEMP_TEST\REAL\0005 (8).jpg,REAL,contrast_high,0.03571145981550217,0.08530211448669434,0.04959065467119217,0,0,0,0.9642885401844978,0.9146978855133057,-0.04959065467119217
TEMP_TEST\REAL\0005 (8).jpg,REAL,brightness_low,0.03571145981550217,0.020535018295049667,-0.0151764415204525,0,0,0,0.9642885401844978,0.9794649817049503,0.0151764415204525
TEMP_TEST\REAL\0005 (8).jpg,REAL,brightness_high,0.03571145981550217,0.04909968003630638,0.013388220220804214,0,0,0,0.9642885401844978,0.9509003199636936,-0.013388220220804214
TEMP_TEST\REAL\0005 (8).jpg,REAL,gaussian_noise,0.03571145981550217,0.07552588731050491,0.03981442749500275,0,0,0,0.9642885401844978,0.9244741126894951,-0.03981442749500275
TEMP_TEST\REAL\0005 (9).jpg,REAL,jpeg_70,0.9551140069961548,0.920254647731781,-0.03485935926437378,1,1,0,0.9551140069961548,0.920254647731781,-0.03485935926437378
TEMP_TEST\REAL\0005 (9).jpg,REAL,jpeg_50,0.9551140069961548,0.8307332396507263,-0.12438076734542847,1,1,0,0.9551140069961548,0.8307332396507263,-0.12438076734542847
TEMP_TEST\REAL\0005 (9).jpg,REAL,resize_16_roundtrip,0.9551140069961548,0.9144461750984192,-0.040667831897735596,1,1,0,0.9551140069961548,0.9144461750984192,-0.040667831897735596
TEMP_TEST\REAL\0005 (9).jpg,REAL,resize_8_roundtrip,0.9551140069961548,0.9395787715911865,-0.015535235404968262,1,1,0,0.9551140069961548,0.9395787715911865,-0.015535235404968262
TEMP_TEST\REAL\0005 (9).jpg,REAL,gaussian_blur,0.9551140069961548,0.9770623445510864,0.02194833755493164,1,1,0,0.9551140069961548,0.9770623445510864,0.02194833755493164
TEMP_TEST\REAL\0005 (9).jpg,REAL,contrast_low,0.9551140069961548,0.8948882222175598,-0.06022578477859497,1,1,0,0.9551140069961548,0.8948882222175598,-0.06022578477859497
TEMP_TEST\REAL\0005 (9).jpg,REAL,contrast_high,0.9551140069961548,0.9902024269104004,0.035088419914245605,1,1,0,0.9551140069961548,0.9902024269104004,0.035088419914245605
TEMP_TEST\REAL\0005 (9).jpg,REAL,brightness_low,0.9551140069961548,0.962955892086029,0.007841885089874268,1,1,0,0.9551140069961548,0.962955892086029,0.007841885089874268
TEMP_TEST\REAL\0005 (9).jpg,REAL,brightness_high,0.9551140069961548,0.9666451811790466,0.011531174182891846,1,1,0,0.9551140069961548,0.9666451811790466,0.011531174182891846
TEMP_TEST\REAL\0005 (9).jpg,REAL,gaussian_noise,0.9551140069961548,0.17548136413097382,-0.779632642865181,1,0,1,0.9551140069961548,0.8245186358690262,-0.1305953711271286
TEMP_TEST\REAL\0005.jpg,REAL,jpeg_70,0.024121711030602455,0.02870083600282669,0.0045791249722242355,0,0,0,0.9758782889693975,0.9712991639971733,-0.0045791249722242355
TEMP_TEST\REAL\0005.jpg,REAL,jpeg_50,0.024121711030602455,0.07077503204345703,0.046653321012854576,0,0,0,0.9758782889693975,0.929224967956543,-0.046653321012854576
TEMP_TEST\REAL\0005.jpg,REAL,resize_16_roundtrip,0.024121711030602455,0.09261688590049744,0.06849517486989498,0,0,0,0.9758782889693975,0.9073831140995026,-0.06849517486989498
TEMP_TEST\REAL\0005.jpg,REAL,resize_8_roundtrip,0.024121711030602455,0.7828443050384521,0.7587225940078497,0,1,1,0.9758782889693975,0.7828443050384521,-0.1930339839309454
TEMP_TEST\REAL\0005.jpg,REAL,gaussian_blur,0.024121711030602455,0.06675828248262405,0.0426365714520216,0,0,0,0.9758782889693975,0.933241717517376,-0.0426365714520216
TEMP_TEST\REAL\0005.jpg,REAL,contrast_low,0.024121711030602455,0.0217003021389246,-0.0024214088916778564,0,0,0,0.9758782889693975,0.9782996978610754,0.0024214088916778564
TEMP_TEST\REAL\0005.jpg,REAL,contrast_high,0.024121711030602455,0.029525745660066605,0.0054040346294641495,0,0,0,0.9758782889693975,0.9704742543399334,-0.0054040346294641495
TEMP_TEST\REAL\0005.jpg,REAL,brightness_low,0.024121711030602455,0.025677267462015152,0.0015555564314126968,0,0,0,0.9758782889693975,0.9743227325379848,-0.0015555564314126968
TEMP_TEST\REAL\0005.jpg,REAL,brightness_high,0.024121711030602455,0.020774761214852333,-0.003346949815750122,0,0,0,0.9758782889693975,0.9792252387851477,0.003346949815750122
TEMP_TEST\REAL\0005.jpg,REAL,gaussian_noise,0.024121711030602455,0.13315986096858978,0.10903814993798733,0,0,0,0.9758782889693975,0.8668401390314102,-0.10903814993798733
TEMP_TEST\REAL\0006 (10).jpg,REAL,jpeg_70,0.0004053011361975223,0.0003716406354214996,-3.366050077602267e-05,0,0,0,0.9995946988638025,0.9996283593645785,3.366050077602267e-05
TEMP_TEST\REAL\0006 (10).jpg,REAL,jpeg_50,0.0004053011361975223,0.00015117709699552506,-0.0002541240392019972,0,0,0,0.9995946988638025,0.9998488229030045,0.0002541240392019972
TEMP_TEST\REAL\0006 (10).jpg,REAL,resize_16_roundtrip,0.0004053011361975223,0.00856372993439436,0.008158428798196837,0,0,0,0.9995946988638025,0.9914362700656056,-0.008158428798196837
TEMP_TEST\REAL\0006 (10).jpg,REAL,resize_8_roundtrip,0.0004053011361975223,0.025313735008239746,0.024908433872042224,0,0,0,0.9995946988638025,0.9746862649917603,-0.024908433872042224
TEMP_TEST\REAL\0006 (10).jpg,REAL,gaussian_blur,0.0004053011361975223,0.0028526601381599903,0.002447359001962468,0,0,0,0.9995946988638025,0.99714733986184,-0.002447359001962468
TEMP_TEST\REAL\0006 (10).jpg,REAL,contrast_low,0.0004053011361975223,0.0005206621717661619,0.00011536103556863964,0,0,0,0.9995946988638025,0.9994793378282338,-0.00011536103556863964
TEMP_TEST\REAL\0006 (10).jpg,REAL,contrast_high,0.0004053011361975223,0.0015379999531432986,0.0011326988169457763,0,0,0,0.9995946988638025,0.9984620000468567,-0.0011326988169457763
TEMP_TEST\REAL\0006 (10).jpg,REAL,brightness_low,0.0004053011361975223,0.0017564654117450118,0.0013511642755474895,0,0,0,0.9995946988638025,0.998243534588255,-0.0013511642755474895
TEMP_TEST\REAL\0006 (10).jpg,REAL,brightness_high,0.0004053011361975223,0.0005012631299905479,9.596199379302561e-05,0,0,0,0.9995946988638025,0.9994987368700095,-9.596199379302561e-05
TEMP_TEST\REAL\0006 (10).jpg,REAL,gaussian_noise,0.0004053011361975223,0.0005476512596942484,0.00014235012349672616,0,0,0,0.9995946988638025,0.9994523487403058,-0.00014235012349672616
TEMP_TEST\REAL\0006 (2).jpg,REAL,jpeg_70,0.05013424530625343,0.06793877482414246,0.017804529517889023,0,0,0,0.9498657546937466,0.9320612251758575,-0.017804529517889023
TEMP_TEST\REAL\0006 (2).jpg,REAL,jpeg_50,0.05013424530625343,0.6335761547088623,0.5834419094026089,0,1,1,0.9498657546937466,0.6335761547088623,-0.31628959998488426
TEMP_TEST\REAL\0006 (2).jpg,REAL,resize_16_roundtrip,0.05013424530625343,0.4585013687610626,0.4083671234548092,0,0,0,0.9498657546937466,0.5414986312389374,-0.4083671234548092
TEMP_TEST\REAL\0006 (2).jpg,REAL,resize_8_roundtrip,0.05013424530625343,0.22040344774723053,0.1702692024409771,0,0,0,0.9498657546937466,0.7795965522527695,-0.1702692024409771
TEMP_TEST\REAL\0006 (2).jpg,REAL,gaussian_blur,0.05013424530625343,0.7783126831054688,0.7281784377992153,0,1,1,0.9498657546937466,0.7783126831054688,-0.17155307158827782
TEMP_TEST\REAL\0006 (2).jpg,REAL,contrast_low,0.05013424530625343,0.01821892522275448,-0.031915320083498955,0,0,0,0.9498657546937466,0.9817810747772455,0.031915320083498955
TEMP_TEST\REAL\0006 (2).jpg,REAL,contrast_high,0.05013424530625343,0.5817387104034424,0.531604465097189,0,1,1,0.9498657546937466,0.5817387104034424,-0.3681270442903042
TEMP_TEST\REAL\0006 (2).jpg,REAL,brightness_low,0.05013424530625343,0.33685535192489624,0.2867211066186428,0,0,0,0.9498657546937466,0.6631446480751038,-0.2867211066186428
TEMP_TEST\REAL\0006 (2).jpg,REAL,brightness_high,0.05013424530625343,0.01148811262100935,-0.03864613268524408,0,0,0,0.9498657546937466,0.9885118873789907,0.03864613268524408
TEMP_TEST\REAL\0006 (2).jpg,REAL,gaussian_noise,0.05013424530625343,0.015840744599699974,-0.03429350070655346,0,0,0,0.9498657546937466,0.9841592554003,0.03429350070655346
TEMP_TEST\REAL\0006 (3).jpg,REAL,jpeg_70,0.002833971055224538,0.0015628658002242446,-0.0012711052550002933,0,0,0,0.9971660289447755,0.9984371341997758,0.0012711052550002933
TEMP_TEST\REAL\0006 (3).jpg,REAL,jpeg_50,0.002833971055224538,0.0012814538786187768,-0.001552517176605761,0,0,0,0.9971660289447755,0.9987185461213812,0.001552517176605761
TEMP_TEST\REAL\0006 (3).jpg,REAL,resize_16_roundtrip,0.002833971055224538,0.15786126255989075,0.1550272915046662,0,0,0,0.9971660289447755,0.8421387374401093,-0.1550272915046662
TEMP_TEST\REAL\0006 (3).jpg,REAL,resize_8_roundtrip,0.002833971055224538,0.0238634143024683,0.021029443247243762,0,0,0,0.9971660289447755,0.9761365856975317,-0.021029443247243762
TEMP_TEST\REAL\0006 (3).jpg,REAL,gaussian_blur,0.002833971055224538,0.06324911117553711,0.06041514012031257,0,0,0,0.9971660289447755,0.9367508888244629,-0.06041514012031257
TEMP_TEST\REAL\0006 (3).jpg,REAL,contrast_low,0.002833971055224538,0.002818882931023836,-1.5088124200701714e-05,0,0,0,0.9971660289447755,0.9971811170689762,1.5088124200701714e-05
TEMP_TEST\REAL\0006 (3).jpg,REAL,contrast_high,0.002833971055224538,0.0031354303937405348,0.00030145933851599693,0,0,0,0.9971660289447755,0.9968645696062595,-0.00030145933851599693
TEMP_TEST\REAL\0006 (3).jpg,REAL,brightness_low,0.002833971055224538,0.011773298494517803,0.008939327439293265,0,0,0,0.9971660289447755,0.9882267015054822,-0.008939327439293265
TEMP_TEST\REAL\0006 (3).jpg,REAL,brightness_high,0.002833971055224538,0.001094195176847279,-0.0017397758783772588,0,0,0,0.9971660289447755,0.9989058048231527,0.0017397758783772588
TEMP_TEST\REAL\0006 (3).jpg,REAL,gaussian_noise,0.002833971055224538,0.0013306881301105022,-0.0015032829251140356,0,0,0,0.9971660289447755,0.9986693118698895,0.0015032829251140356
TEMP_TEST\REAL\0006 (4).jpg,REAL,jpeg_70,0.003946017939597368,0.00367741659283638,-0.00026860134676098824,0,0,0,0.9960539820604026,0.9963225834071636,0.00026860134676098824
TEMP_TEST\REAL\0006 (4).jpg,REAL,jpeg_50,0.003946017939597368,0.050927817821502686,0.04698179988190532,0,0,0,0.9960539820604026,0.9490721821784973,-0.04698179988190532
TEMP_TEST\REAL\0006 (4).jpg,REAL,resize_16_roundtrip,0.003946017939597368,0.3125304579734802,0.30858444003388286,0,0,0,0.9960539820604026,0.6874695420265198,-0.30858444003388286
TEMP_TEST\REAL\0006 (4).jpg,REAL,resize_8_roundtrip,0.003946017939597368,0.23045723140239716,0.2265112134627998,0,0,0,0.9960539820604026,0.7695427685976028,-0.2265112134627998
TEMP_TEST\REAL\0006 (4).jpg,REAL,gaussian_blur,0.003946017939597368,0.04605896398425102,0.042112946044653654,0,0,0,0.9960539820604026,0.953941036015749,-0.042112946044653654
TEMP_TEST\REAL\0006 (4).jpg,REAL,contrast_low,0.003946017939597368,0.001040399307385087,-0.0029056186322122812,0,0,0,0.9960539820604026,0.9989596006926149,0.0029056186322122812
TEMP_TEST\REAL\0006 (4).jpg,REAL,contrast_high,0.003946017939597368,0.02346208319067955,0.019516065251082182,0,0,0,0.9960539820604026,0.9765379168093204,-0.019516065251082182
TEMP_TEST\REAL\0006 (4).jpg,REAL,brightness_low,0.003946017939597368,0.003578315954655409,-0.0003677019849419594,0,0,0,0.9960539820604026,0.9964216840453446,0.0003677019849419594
TEMP_TEST\REAL\0006 (4).jpg,REAL,brightness_high,0.003946017939597368,0.005175294354557991,0.0012292764149606228,0,0,0,0.9960539820604026,0.994824705645442,-0.0012292764149606228
TEMP_TEST\REAL\0006 (4).jpg,REAL,gaussian_noise,0.003946017939597368,0.010881701484322548,0.00693568354472518,0,0,0,0.9960539820604026,0.9891182985156775,-0.00693568354472518
TEMP_TEST\REAL\0006 (5).jpg,REAL,jpeg_70,0.0002258319582324475,0.00023780889750923961,1.1976939276792109e-05,0,0,0,0.9997741680417676,0.9997621911024908,-1.1976939276792109e-05
TEMP_TEST\REAL\0006 (5).jpg,REAL,jpeg_50,0.0002258319582324475,0.0008889107848517597,0.0006630788266193122,0,0,0,0.9997741680417676,0.9991110892151482,-0.0006630788266193122
TEMP_TEST\REAL\0006 (5).jpg,REAL,resize_16_roundtrip,0.0002258319582324475,0.022783230990171432,0.022557399031938985,0,0,0,0.9997741680417676,0.9772167690098286,-0.022557399031938985
TEMP_TEST\REAL\0006 (5).jpg,REAL,resize_8_roundtrip,0.0002258319582324475,0.3542432487010956,0.35401741674286313,0,0,0,0.9997741680417676,0.6457567512989044,-0.35401741674286313
TEMP_TEST\REAL\0006 (5).jpg,REAL,gaussian_blur,0.0002258319582324475,0.0030773747712373734,0.002851542813004926,0,0,0,0.9997741680417676,0.9969226252287626,-0.002851542813004926
TEMP_TEST\REAL\0006 (5).jpg,REAL,contrast_low,0.0002258319582324475,0.0003506263892631978,0.00012479443103075027,0,0,0,0.9997741680417676,0.9996493736107368,-0.00012479443103075027
TEMP_TEST\REAL\0006 (5).jpg,REAL,contrast_high,0.0002258319582324475,0.0002073488140013069,-1.8483144231140614e-05,0,0,0,0.9997741680417676,0.9997926511859987,1.8483144231140614e-05
TEMP_TEST\REAL\0006 (5).jpg,REAL,brightness_low,0.0002258319582324475,0.0003528935194481164,0.00012706156121566892,0,0,0,0.9997741680417676,0.9996471064805519,-0.00012706156121566892
TEMP_TEST\REAL\0006 (5).jpg,REAL,brightness_high,0.0002258319582324475,0.0001857935421867296,-4.0038416045717895e-05,0,0,0,0.9997741680417676,0.9998142064578133,4.0038416045717895e-05
TEMP_TEST\REAL\0006 (5).jpg,REAL,gaussian_noise,0.0002258319582324475,0.006247715558856726,0.006021883600624278,0,0,0,0.9997741680417676,0.9937522844411433,-0.006021883600624278
TEMP_TEST\REAL\0006 (6).jpg,REAL,jpeg_70,0.001036548288539052,0.001393043203279376,0.000356494914740324,0,0,0,0.998963451711461,0.9986069567967206,-0.000356494914740324
TEMP_TEST\REAL\0006 (6).jpg,REAL,jpeg_50,0.001036548288539052,0.0007882689824327826,-0.00024827930610626936,0,0,0,0.998963451711461,0.9992117310175672,0.00024827930610626936
TEMP_TEST\REAL\0006 (6).jpg,REAL,resize_16_roundtrip,0.001036548288539052,0.1671472042798996,0.16611065599136055,0,0,0,0.998963451711461,0.8328527957201004,-0.16611065599136055
TEMP_TEST\REAL\0006 (6).jpg,REAL,resize_8_roundtrip,0.001036548288539052,0.09250950813293457,0.09147295984439552,0,0,0,0.998963451711461,0.9074904918670654,-0.09147295984439552
TEMP_TEST\REAL\0006 (6).jpg,REAL,gaussian_blur,0.001036548288539052,0.023828644305467606,0.022792096016928554,0,0,0,0.998963451711461,0.9761713556945324,-0.022792096016928554
TEMP_TEST\REAL\0006 (6).jpg,REAL,contrast_low,0.001036548288539052,0.0008255174616351724,-0.00021103082690387964,0,0,0,0.998963451711461,0.9991744825383648,0.00021103082690387964
TEMP_TEST\REAL\0006 (6).jpg,REAL,contrast_high,0.001036548288539052,0.0031212633475661278,0.0020847150590270758,0,0,0,0.998963451711461,0.9968787366524339,-0.0020847150590270758
TEMP_TEST\REAL\0006 (6).jpg,REAL,brightness_low,0.001036548288539052,0.00154124794062227,0.0005046996520832181,0,0,0,0.998963451711461,0.9984587520593777,-0.0005046996520832181
TEMP_TEST\REAL\0006 (6).jpg,REAL,brightness_high,0.001036548288539052,0.001469298847950995,0.00043275055941194296,0,0,0,0.998963451711461,0.998530701152049,-0.00043275055941194296
TEMP_TEST\REAL\0006 (6).jpg,REAL,gaussian_noise,0.001036548288539052,0.0015198859618976712,0.0004833376733586192,0,0,0,0.998963451711461,0.9984801140381023,-0.0004833376733586192
TEMP_TEST\REAL\0006 (7).jpg,REAL,jpeg_70,0.016973212361335754,0.018659261986613274,0.0016860496252775192,0,0,0,0.9830267876386642,0.9813407380133867,-0.0016860496252775192
TEMP_TEST\REAL\0006 (7).jpg,REAL,jpeg_50,0.016973212361335754,0.043750450015068054,0.0267772376537323,0,0,0,0.9830267876386642,0.956249549984932,-0.0267772376537323
TEMP_TEST\REAL\0006 (7).jpg,REAL,resize_16_roundtrip,0.016973212361335754,0.19673925638198853,0.17976604402065277,0,0,0,0.9830267876386642,0.8032607436180115,-0.17976604402065277
TEMP_TEST\REAL\0006 (7).jpg,REAL,resize_8_roundtrip,0.016973212361335754,0.45448485016822815,0.4375116378068924,0,0,0,0.9830267876386642,0.5455151498317719,-0.4375116378068924
TEMP_TEST\REAL\0006 (7).jpg,REAL,gaussian_blur,0.016973212361335754,0.08237170428037643,0.06539849191904068,0,0,0,0.9830267876386642,0.9176282957196236,-0.06539849191904068
TEMP_TEST\REAL\0006 (7).jpg,REAL,contrast_low,0.016973212361335754,0.03873233497142792,0.021759122610092163,0,0,0,0.9830267876386642,0.9612676650285721,-0.021759122610092163
TEMP_TEST\REAL\0006 (7).jpg,REAL,contrast_high,0.016973212361335754,0.021510068327188492,0.004536855965852737,0,0,0,0.9830267876386642,0.9784899316728115,-0.004536855965852737
TEMP_TEST\REAL\0006 (7).jpg,REAL,brightness_low,0.016973212361335754,0.009156586602330208,-0.007816625759005547,0,0,0,0.9830267876386642,0.9908434133976698,0.007816625759005547
TEMP_TEST\REAL\0006 (7).jpg,REAL,brightness_high,0.016973212361335754,0.03254784271121025,0.015574630349874496,0,0,0,0.9830267876386642,0.9674521572887897,-0.015574630349874496
TEMP_TEST\REAL\0006 (7).jpg,REAL,gaussian_noise,0.016973212361335754,0.045110587030649185,0.02813737466931343,0,0,0,0.9830267876386642,0.9548894129693508,-0.02813737466931343
TEMP_TEST\REAL\0006 (8).jpg,REAL,jpeg_70,7.397607259918004e-05,7.666867168154567e-05,2.692599082365632e-06,0,0,0,0.9999260239274008,0.9999233313283185,-2.692599082365632e-06
TEMP_TEST\REAL\0006 (8).jpg,REAL,jpeg_50,7.397607259918004e-05,0.00015774340135976672,8.376732876058668e-05,0,0,0,0.9999260239274008,0.9998422565986402,-8.376732876058668e-05
TEMP_TEST\REAL\0006 (8).jpg,REAL,resize_16_roundtrip,7.397607259918004e-05,0.024911338463425636,0.024837362390826456,0,0,0,0.9999260239274008,0.9750886615365744,-0.024837362390826456
TEMP_TEST\REAL\0006 (8).jpg,REAL,resize_8_roundtrip,7.397607259918004e-05,0.23520338535308838,0.2351294092804892,0,0,0,0.9999260239274008,0.7647966146469116,-0.2351294092804892
TEMP_TEST\REAL\0006 (8).jpg,REAL,gaussian_blur,7.397607259918004e-05,0.0040434240363538265,0.0039694479637546465,0,0,0,0.9999260239274008,0.9959565759636462,-0.0039694479637546465
TEMP_TEST\REAL\0006 (8).jpg,REAL,contrast_low,7.397607259918004e-05,0.00015226863615680486,7.829256355762482e-05,0,0,0,0.9999260239274008,0.9998477313638432,-7.829256355762482e-05
TEMP_TEST\REAL\0006 (8).jpg,REAL,contrast_high,7.397607259918004e-05,0.00032420860952697694,0.0002502325369277969,0,0,0,0.9999260239274008,0.999675791390473,-0.0002502325369277969
TEMP_TEST\REAL\0006 (8).jpg,REAL,brightness_low,7.397607259918004e-05,0.00021131701942067593,0.0001373409468214959,0,0,0,0.9999260239274008,0.9997886829805793,-0.0001373409468214959
TEMP_TEST\REAL\0006 (8).jpg,REAL,brightness_high,7.397607259918004e-05,9.677511843619868e-05,2.279904583701864e-05,0,0,0,0.9999260239274008,0.9999032248815638,-2.279904583701864e-05
TEMP_TEST\REAL\0006 (8).jpg,REAL,gaussian_noise,7.397607259918004e-05,0.00016393735131714493,8.996127871796489e-05,0,0,0,0.9999260239274008,0.9998360626486829,-8.996127871796489e-05
TEMP_TEST\REAL\0006 (9).jpg,REAL,jpeg_70,0.08916394412517548,0.04655572026968002,-0.04260822385549545,0,0,0,0.9108360558748245,0.95344427973032,0.04260822385549545
TEMP_TEST\REAL\0006 (9).jpg,REAL,jpeg_50,0.08916394412517548,0.051021937280893326,-0.03814200684428215,0,0,0,0.9108360558748245,0.9489780627191067,0.03814200684428215
TEMP_TEST\REAL\0006 (9).jpg,REAL,resize_16_roundtrip,0.08916394412517548,0.19677911698818207,0.10761517286300659,0,0,0,0.9108360558748245,0.8032208830118179,-0.10761517286300659
TEMP_TEST\REAL\0006 (9).jpg,REAL,resize_8_roundtrip,0.08916394412517548,0.4190661609172821,0.32990221679210663,0,0,0,0.9108360558748245,0.5809338390827179,-0.32990221679210663
TEMP_TEST\REAL\0006 (9).jpg,REAL,gaussian_blur,0.08916394412517548,0.0851605236530304,-0.004003420472145081,0,0,0,0.9108360558748245,0.9148394763469696,0.004003420472145081
TEMP_TEST\REAL\0006 (9).jpg,REAL,contrast_low,0.08916394412517548,0.0769115686416626,-0.012252375483512878,0,0,0,0.9108360558748245,0.9230884313583374,0.012252375483512878
TEMP_TEST\REAL\0006 (9).jpg,REAL,contrast_high,0.08916394412517548,0.06885547935962677,-0.020308464765548706,0,0,0,0.9108360558748245,0.9311445206403732,0.020308464765548706
TEMP_TEST\REAL\0006 (9).jpg,REAL,brightness_low,0.08916394412517548,0.2398848980665207,0.15072095394134521,0,0,0,0.9108360558748245,0.7601151019334793,-0.15072095394134521
TEMP_TEST\REAL\0006 (9).jpg,REAL,brightness_high,0.08916394412517548,0.04591783508658409,-0.043246109038591385,0,0,0,0.9108360558748245,0.9540821649134159,0.043246109038591385
TEMP_TEST\REAL\0006 (9).jpg,REAL,gaussian_noise,0.08916394412517548,0.1190180853009224,0.029854141175746918,0,0,0,0.9108360558748245,0.8809819146990776,-0.029854141175746918
TEMP_TEST\REAL\0006.jpg,REAL,jpeg_70,0.3783220052719116,0.5663891434669495,0.18806713819503784,0,1,1,0.6216779947280884,0.5663891434669495,-0.055288851261138916
TEMP_TEST\REAL\0006.jpg,REAL,jpeg_50,0.3783220052719116,0.6663739085197449,0.28805190324783325,0,1,1,0.6216779947280884,0.6663739085197449,0.044695913791656494
TEMP_TEST\REAL\0006.jpg,REAL,resize_16_roundtrip,0.3783220052719116,0.008015701547265053,-0.37030630372464657,0,0,0,0.6216779947280884,0.991984298452735,0.37030630372464657
TEMP_TEST\REAL\0006.jpg,REAL,resize_8_roundtrip,0.3783220052719116,0.006400479003787041,-0.3719215262681246,0,0,0,0.6216779947280884,0.993599520996213,0.3719215262681246
TEMP_TEST\REAL\0006.jpg,REAL,gaussian_blur,0.3783220052719116,0.022049445658922195,-0.3562725596129894,0,0,0,0.6216779947280884,0.9779505543410778,0.3562725596129894
TEMP_TEST\REAL\0006.jpg,REAL,contrast_low,0.3783220052719116,0.056456733494997025,-0.3218652717769146,0,0,0,0.6216779947280884,0.943543266505003,0.3218652717769146
TEMP_TEST\REAL\0006.jpg,REAL,contrast_high,0.3783220052719116,0.6261176466941833,0.24779564142227173,0,1,1,0.6216779947280884,0.6261176466941833,0.004439651966094971
TEMP_TEST\REAL\0006.jpg,REAL,brightness_low,0.3783220052719116,0.8785271644592285,0.5002051591873169,0,1,1,0.6216779947280884,0.8785271644592285,0.25684916973114014
TEMP_TEST\REAL\0006.jpg,REAL,brightness_high,0.3783220052719116,0.011904214508831501,-0.3664177907630801,0,0,0,0.6216779947280884,0.9880957854911685,0.3664177907630801
TEMP_TEST\REAL\0006.jpg,REAL,gaussian_noise,0.3783220052719116,0.35439735651016235,-0.023924648761749268,0,0,0,0.6216779947280884,0.6456026434898376,0.023924648761749268
TEMP_TEST\REAL\0007 (10).jpg,REAL,jpeg_70,0.00368711375631392,0.010376202873885632,0.0066890891175717115,0,0,0,0.9963128862436861,0.9896237971261144,-0.0066890891175717115
TEMP_TEST\REAL\0007 (10).jpg,REAL,jpeg_50,0.00368711375631392,0.009405233897268772,0.005718120140954852,0,0,0,0.9963128862436861,0.9905947661027312,-0.005718120140954852
TEMP_TEST\REAL\0007 (10).jpg,REAL,resize_16_roundtrip,0.00368711375631392,0.014636307954788208,0.010949194198474288,0,0,0,0.9963128862436861,0.9853636920452118,-0.010949194198474288
TEMP_TEST\REAL\0007 (10).jpg,REAL,resize_8_roundtrip,0.00368711375631392,0.06236734986305237,0.05868023610673845,0,0,0,0.9963128862436861,0.9376326501369476,-0.05868023610673845
TEMP_TEST\REAL\0007 (10).jpg,REAL,gaussian_blur,0.00368711375631392,0.006818925030529499,0.003131811274215579,0,0,0,0.9963128862436861,0.9931810749694705,-0.003131811274215579
TEMP_TEST\REAL\0007 (10).jpg,REAL,contrast_low,0.00368711375631392,0.0040116324089467525,0.00032451865263283253,0,0,0,0.9963128862436861,0.9959883675910532,-0.00032451865263283253
TEMP_TEST\REAL\0007 (10).jpg,REAL,contrast_high,0.00368711375631392,0.00928706955164671,0.005599955795332789,0,0,0,0.9963128862436861,0.9907129304483533,-0.005599955795332789
TEMP_TEST\REAL\0007 (10).jpg,REAL,brightness_low,0.00368711375631392,0.007864508777856827,0.004177395021542907,0,0,0,0.9963128862436861,0.9921354912221432,-0.004177395021542907
TEMP_TEST\REAL\0007 (10).jpg,REAL,brightness_high,0.00368711375631392,0.003425159025937319,-0.0002619547303766012,0,0,0,0.9963128862436861,0.9965748409740627,0.0002619547303766012
TEMP_TEST\REAL\0007 (10).jpg,REAL,gaussian_noise,0.00368711375631392,0.01513365563005209,0.01144654187373817,0,0,0,0.9963128862436861,0.9848663443699479,-0.01144654187373817
TEMP_TEST\REAL\0007 (2).jpg,REAL,jpeg_70,0.00022461866319645196,0.0003138449683319777,8.922630513552576e-05,0,0,0,0.9997753813368035,0.999686155031668,-8.922630513552576e-05
TEMP_TEST\REAL\0007 (2).jpg,REAL,jpeg_50,0.00022461866319645196,5.094887819723226e-05,-0.0001736697849992197,0,0,0,0.9997753813368035,0.9999490511218028,0.0001736697849992197
TEMP_TEST\REAL\0007 (2).jpg,REAL,resize_16_roundtrip,0.00022461866319645196,0.006786833051592112,0.00656221438839566,0,0,0,0.9997753813368035,0.9932131669484079,-0.00656221438839566
TEMP_TEST\REAL\0007 (2).jpg,REAL,resize_8_roundtrip,0.00022461866319645196,0.13094507157802582,0.13072045291482937,0,0,0,0.9997753813368035,0.8690549284219742,-0.13072045291482937
TEMP_TEST\REAL\0007 (2).jpg,REAL,gaussian_blur,0.00022461866319645196,0.0007325717597268522,0.0005079530965304002,0,0,0,0.9997753813368035,0.9992674282402731,-0.0005079530965304002
TEMP_TEST\REAL\0007 (2).jpg,REAL,contrast_low,0.00022461866319645196,0.002328793751075864,0.002104175087879412,0,0,0,0.9997753813368035,0.9976712062489241,-0.002104175087879412
TEMP_TEST\REAL\0007 (2).jpg,REAL,contrast_high,0.00022461866319645196,0.0029576157685369253,0.0027329971053404734,0,0,0,0.9997753813368035,0.9970423842314631,-0.0027329971053404734
TEMP_TEST\REAL\0007 (2).jpg,REAL,brightness_low,0.00022461866319645196,0.982570230960846,0.9823456122976495,0,1,1,0.9997753813368035,0.982570230960846,-0.0172051503759576
TEMP_TEST\REAL\0007 (2).jpg,REAL,brightness_high,0.00022461866319645196,0.000845727976411581,0.0006211093132151291,0,0,0,0.9997753813368035,0.9991542720235884,-0.0006211093132151291
TEMP_TEST\REAL\0007 (2).jpg,REAL,gaussian_noise,0.00022461866319645196,0.00036576081765815616,0.0001411421544617042,0,0,0,0.9997753813368035,0.9996342391823418,-0.0001411421544617042
TEMP_TEST\REAL\0007 (3).jpg,REAL,jpeg_70,0.016776230186223984,0.012568783946335316,-0.004207446239888668,0,0,0,0.983223769813776,0.9874312160536647,0.004207446239888668
TEMP_TEST\REAL\0007 (3).jpg,REAL,jpeg_50,0.016776230186223984,0.01294128131121397,-0.0038349488750100136,0,0,0,0.983223769813776,0.987058718688786,0.0038349488750100136
TEMP_TEST\REAL\0007 (3).jpg,REAL,resize_16_roundtrip,0.016776230186223984,0.11356110125780106,0.09678487107157707,0,0,0,0.983223769813776,0.8864388987421989,-0.09678487107157707
TEMP_TEST\REAL\0007 (3).jpg,REAL,resize_8_roundtrip,0.016776230186223984,0.19532713294029236,0.17855090275406837,0,0,0,0.983223769813776,0.8046728670597076,-0.17855090275406837
TEMP_TEST\REAL\0007 (3).jpg,REAL,gaussian_blur,0.016776230186223984,0.023277604952454567,0.006501374766230583,0,0,0,0.983223769813776,0.9767223950475454,-0.006501374766230583
TEMP_TEST\REAL\0007 (3).jpg,REAL,contrast_low,0.016776230186223984,0.006036994978785515,-0.010739235207438469,0,0,0,0.983223769813776,0.9939630050212145,0.010739235207438469
TEMP_TEST\REAL\0007 (3).jpg,REAL,contrast_high,0.016776230186223984,0.05920085683465004,0.042424626648426056,0,0,0,0.983223769813776,0.94079914316535,-0.042424626648426056
TEMP_TEST\REAL\0007 (3).jpg,REAL,brightness_low,0.016776230186223984,0.007244942709803581,-0.009531287476420403,0,0,0,0.983223769813776,0.9927550572901964,0.009531287476420403
TEMP_TEST\REAL\0007 (3).jpg,REAL,brightness_high,0.016776230186223984,0.02390472963452339,0.007128499448299408,0,0,0,0.983223769813776,0.9760952703654766,-0.007128499448299408
TEMP_TEST\REAL\0007 (3).jpg,REAL,gaussian_noise,0.016776230186223984,0.013677693903446198,-0.0030985362827777863,0,0,0,0.983223769813776,0.9863223060965538,0.0030985362827777863
TEMP_TEST\REAL\0007 (4).jpg,REAL,jpeg_70,0.0023794486187398434,0.0018692120211198926,-0.0005102365976199508,0,0,0,0.9976205513812602,0.9981307879788801,0.0005102365976199508
TEMP_TEST\REAL\0007 (4).jpg,REAL,jpeg_50,0.0023794486187398434,0.0025308490730822086,0.00015140045434236526,0,0,0,0.9976205513812602,0.9974691509269178,-0.00015140045434236526
TEMP_TEST\REAL\0007 (4).jpg,REAL,resize_16_roundtrip,0.0023794486187398434,0.1568221002817154,0.15444265166297555,0,0,0,0.9976205513812602,0.8431778997182846,-0.15444265166297555
TEMP_TEST\REAL\0007 (4).jpg,REAL,resize_8_roundtrip,0.0023794486187398434,0.4774229824542999,0.4750435338355601,0,0,0,0.9976205513812602,0.5225770175457001,-0.4750435338355601
TEMP_TEST\REAL\0007 (4).jpg,REAL,gaussian_blur,0.0023794486187398434,0.027703510597348213,0.02532406197860837,0,0,0,0.9976205513812602,0.9722964894026518,-0.02532406197860837
TEMP_TEST\REAL\0007 (4).jpg,REAL,contrast_low,0.0023794486187398434,0.0037172064185142517,0.0013377577997744083,0,0,0,0.9976205513812602,0.9962827935814857,-0.0013377577997744083
TEMP_TEST\REAL\0007 (4).jpg,REAL,contrast_high,0.0023794486187398434,0.002375287003815174,-4.161614924669266e-06,0,0,0,0.9976205513812602,0.9976247129961848,4.161614924669266e-06
TEMP_TEST\REAL\0007 (4).jpg,REAL,brightness_low,0.0023794486187398434,0.0053515443578362465,0.002972095739096403,0,0,0,0.9976205513812602,0.9946484556421638,-0.002972095739096403
TEMP_TEST\REAL\0007 (4).jpg,REAL,brightness_high,0.0023794486187398434,0.0029848290141671896,0.0006053803954273462,0,0,0,0.9976205513812602,0.9970151709858328,-0.0006053803954273462
TEMP_TEST\REAL\0007 (4).jpg,REAL,gaussian_noise,0.0023794486187398434,0.002254826482385397,-0.0001246221363544464,0,0,0,0.9976205513812602,0.9977451735176146,0.0001246221363544464
TEMP_TEST\REAL\0007 (5).jpg,REAL,jpeg_70,0.0018638188485056162,0.0010983762331306934,-0.0007654426153749228,0,0,0,0.9981361811514944,0.9989016237668693,0.0007654426153749228
TEMP_TEST\REAL\0007 (5).jpg,REAL,jpeg_50,0.0018638188485056162,0.0010682122083380818,-0.0007956066401675344,0,0,0,0.9981361811514944,0.9989317877916619,0.0007956066401675344
TEMP_TEST\REAL\0007 (5).jpg,REAL,resize_16_roundtrip,0.0018638188485056162,0.07060100883245468,0.06873718998394907,0,0,0,0.9981361811514944,0.9293989911675453,-0.06873718998394907
TEMP_TEST\REAL\0007 (5).jpg,REAL,resize_8_roundtrip,0.0018638188485056162,0.4694693088531494,0.4676054900046438,0,0,0,0.9981361811514944,0.5305306911468506,-0.4676054900046438
TEMP_TEST\REAL\0007 (5).jpg,REAL,gaussian_blur,0.0018638188485056162,0.010515954345464706,0.00865213549695909,0,0,0,0.9981361811514944,0.9894840456545353,-0.00865213549695909
TEMP_TEST\REAL\0007 (5).jpg,REAL,contrast_low,0.0018638188485056162,0.002480556955561042,0.0006167381070554256,0,0,0,0.9981361811514944,0.997519443044439,-0.0006167381070554256
TEMP_TEST\REAL\0007 (5).jpg,REAL,contrast_high,0.0018638188485056162,0.0013368508080020547,-0.0005269680405035615,0,0,0,0.9981361811514944,0.998663149191998,0.0005269680405035615
TEMP_TEST\REAL\0007 (5).jpg,REAL,brightness_low,0.0018638188485056162,0.01249292865395546,0.010629109805449843,0,0,0,0.9981361811514944,0.9875070713460445,-0.010629109805449843
TEMP_TEST\REAL\0007 (5).jpg,REAL,brightness_high,0.0018638188485056162,0.0007873132708482444,-0.0010765055776573718,0,0,0,0.9981361811514944,0.9992126867291518,0.0010765055776573718
TEMP_TEST\REAL\0007 (5).jpg,REAL,gaussian_noise,0.0018638188485056162,0.01551009714603424,0.013646278297528625,0,0,0,0.9981361811514944,0.9844899028539658,-0.013646278297528625
TEMP_TEST\REAL\0007 (6).jpg,REAL,jpeg_70,0.00013304992171470076,9.817604586714879e-05,-3.487387584755197e-05,0,0,0,0.9998669500782853,0.9999018239541329,3.487387584755197e-05
TEMP_TEST\REAL\0007 (6).jpg,REAL,jpeg_50,0.00013304992171470076,0.00011664940393529832,-1.6400517779402435e-05,0,0,0,0.9998669500782853,0.9998833505960647,1.6400517779402435e-05
TEMP_TEST\REAL\0007 (6).jpg,REAL,resize_16_roundtrip,0.00013304992171470076,0.013406534679234028,0.013273484757519327,0,0,0,0.9998669500782853,0.986593465320766,-0.013273484757519327
TEMP_TEST\REAL\0007 (6).jpg,REAL,resize_8_roundtrip,0.00013304992171470076,0.013317971490323544,0.013184921568608843,0,0,0,0.9998669500782853,0.9866820285096765,-0.013184921568608843
TEMP_TEST\REAL\0007 (6).jpg,REAL,gaussian_blur,0.00013304992171470076,0.0019067017128691077,0.001773651791154407,0,0,0,0.9998669500782853,0.9980932982871309,-0.001773651791154407
TEMP_TEST\REAL\0007 (6).jpg,REAL,contrast_low,0.00013304992171470076,0.0003711337922140956,0.00023808387049939483,0,0,0,0.9998669500782853,0.9996288662077859,-0.00023808387049939483
TEMP_TEST\REAL\0007 (6).jpg,REAL,contrast_high,0.00013304992171470076,0.0001363360497634858,3.286128048785031e-06,0,0,0,0.9998669500782853,0.9998636639502365,-3.286128048785031e-06
TEMP_TEST\REAL\0007 (6).jpg,REAL,brightness_low,0.00013304992171470076,0.0005257877637632191,0.00039273784204851836,0,0,0,0.9998669500782853,0.9994742122362368,-0.00039273784204851836
TEMP_TEST\REAL\0007 (6).jpg,REAL,brightness_high,0.00013304992171470076,3.4302560379728675e-05,-9.874736133497208e-05,0,0,0,0.9998669500782853,0.9999656974396203,9.874736133497208e-05
TEMP_TEST\REAL\0007 (6).jpg,REAL,gaussian_noise,0.00013304992171470076,0.0005486499285325408,0.00041560000681784004,0,0,0,0.9998669500782853,0.9994513500714675,-0.00041560000681784004
TEMP_TEST\REAL\0007 (7).jpg,REAL,jpeg_70,0.002450174419209361,0.002118927426636219,-0.00033124699257314205,0,0,0,0.9975498255807906,0.9978810725733638,0.00033124699257314205
TEMP_TEST\REAL\0007 (7).jpg,REAL,jpeg_50,0.002450174419209361,0.0014108252944424748,-0.0010393491247668862,0,0,0,0.9975498255807906,0.9985891747055575,0.0010393491247668862
TEMP_TEST\REAL\0007 (7).jpg,REAL,resize_16_roundtrip,0.002450174419209361,0.20265020430088043,0.20020002988167107,0,0,0,0.9975498255807906,0.7973497956991196,-0.20020002988167107
TEMP_TEST\REAL\0007 (7).jpg,REAL,resize_8_roundtrip,0.002450174419209361,0.37849774956703186,0.3760475751478225,0,0,0,0.9975498255807906,0.6215022504329681,-0.3760475751478225
TEMP_TEST\REAL\0007 (7).jpg,REAL,gaussian_blur,0.002450174419209361,0.027475817129015923,0.02502564270980656,0,0,0,0.9975498255807906,0.9725241828709841,-0.02502564270980656
TEMP_TEST\REAL\0007 (7).jpg,REAL,contrast_low,0.002450174419209361,0.005012835841625929,0.002562661422416568,0,0,0,0.9975498255807906,0.9949871641583741,-0.002562661422416568
TEMP_TEST\REAL\0007 (7).jpg,REAL,contrast_high,0.002450174419209361,0.001401542336679995,-0.001048632082529366,0,0,0,0.9975498255807906,0.99859845766332,0.001048632082529366
TEMP_TEST\REAL\0007 (7).jpg,REAL,brightness_low,0.002450174419209361,0.004248531069606543,0.0017983566503971815,0,0,0,0.9975498255807906,0.9957514689303935,-0.0017983566503971815
TEMP_TEST\REAL\0007 (7).jpg,REAL,brightness_high,0.002450174419209361,0.0014911635080352426,-0.0009590109111741185,0,0,0,0.9975498255807906,0.9985088364919648,0.0009590109111741185
TEMP_TEST\REAL\0007 (7).jpg,REAL,gaussian_noise,0.002450174419209361,0.002572021447122097,0.00012184702791273594,0,0,0,0.9975498255807906,0.9974279785528779,-0.00012184702791273594
TEMP_TEST\REAL\0007 (8).jpg,REAL,jpeg_70,8.455392526229843e-05,8.642733882879838e-05,1.8734135664999485e-06,0,0,0,0.9999154460747377,0.9999135726611712,-1.8734135664999485e-06
TEMP_TEST\REAL\0007 (8).jpg,REAL,jpeg_50,8.455392526229843e-05,0.00022003623598720878,0.00013548231072491035,0,0,0,0.9999154460747377,0.9997799637640128,-0.00013548231072491035
TEMP_TEST\REAL\0007 (8).jpg,REAL,resize_16_roundtrip,8.455392526229843e-05,0.01775950752198696,0.017674953596724663,0,0,0,0.9999154460747377,0.982240492478013,-0.017674953596724663
TEMP_TEST\REAL\0007 (8).jpg,REAL,resize_8_roundtrip,8.455392526229843e-05,0.16068311035633087,0.16059855643106857,0,0,0,0.9999154460747377,0.8393168896436691,-0.16059855643106857
TEMP_TEST\REAL\0007 (8).jpg,REAL,gaussian_blur,8.455392526229843e-05,0.0006097929435782135,0.000525239018315915,0,0,0,0.9999154460747377,0.9993902070564218,-0.000525239018315915
TEMP_TEST\REAL\0007 (8).jpg,REAL,contrast_low,8.455392526229843e-05,0.0004242790746502578,0.0003397251493879594,0,0,0,0.9999154460747377,0.9995757209253497,-0.0003397251493879594
TEMP_TEST\REAL\0007 (8).jpg,REAL,contrast_high,8.455392526229843e-05,0.00035855575697496533,0.0002740018317126669,0,0,0,0.9999154460747377,0.999641444243025,-0.0002740018317126669
TEMP_TEST\REAL\0007 (8).jpg,REAL,brightness_low,8.455392526229843e-05,0.0010925126262009144,0.001007958700938616,0,0,0,0.9999154460747377,0.9989074873737991,-0.001007958700938616
TEMP_TEST\REAL\0007 (8).jpg,REAL,brightness_high,8.455392526229843e-05,0.00014776954776607454,6.32156225037761e-05,0,0,0,0.9999154460747377,0.9998522304522339,-6.32156225037761e-05
TEMP_TEST\REAL\0007 (8).jpg,REAL,gaussian_noise,8.455392526229843e-05,0.0009409410995431244,0.000856387174280826,0,0,0,0.9999154460747377,0.9990590589004569,-0.000856387174280826
TEMP_TEST\REAL\0007 (9).jpg,REAL,jpeg_70,0.18091489374637604,0.1416495144367218,-0.039265379309654236,0,0,0,0.819085106253624,0.8583504855632782,0.039265379309654236
TEMP_TEST\REAL\0007 (9).jpg,REAL,jpeg_50,0.18091489374637604,0.17177604138851166,-0.00913885235786438,0,0,0,0.819085106253624,0.8282239586114883,0.00913885235786438
TEMP_TEST\REAL\0007 (9).jpg,REAL,resize_16_roundtrip,0.18091489374637604,0.15240192413330078,-0.028512969613075256,0,0,0,0.819085106253624,0.8475980758666992,0.028512969613075256
TEMP_TEST\REAL\0007 (9).jpg,REAL,resize_8_roundtrip,0.18091489374637604,0.30372071266174316,0.12280581891536713,0,0,0,0.819085106253624,0.6962792873382568,-0.12280581891536713
TEMP_TEST\REAL\0007 (9).jpg,REAL,gaussian_blur,0.18091489374637604,0.09737484902143478,-0.08354004472494125,0,0,0,0.819085106253624,0.9026251509785652,0.08354004472494125
TEMP_TEST\REAL\0007 (9).jpg,REAL,contrast_low,0.18091489374637604,0.08568397164344788,-0.09523092210292816,0,0,0,0.819085106253624,0.9143160283565521,0.09523092210292816
TEMP_TEST\REAL\0007 (9).jpg,REAL,contrast_high,0.18091489374637604,0.690396249294281,0.509481355547905,0,1,1,0.819085106253624,0.690396249294281,-0.12868885695934296
TEMP_TEST\REAL\0007 (9).jpg,REAL,brightness_low,0.18091489374637604,0.5491832494735718,0.36826835572719574,0,0,0,0.819085106253624,0.4508167505264282,-0.36826835572719574
TEMP_TEST\REAL\0007 (9).jpg,REAL,brightness_high,0.18091489374637604,0.02096339501440525,-0.1599514987319708,0,0,0,0.819085106253624,0.9790366049855947,0.1599514987319708
TEMP_TEST\REAL\0007 (9).jpg,REAL,gaussian_noise,0.18091489374637604,0.08428874611854553,-0.0966261476278305,0,0,0,0.819085106253624,0.9157112538814545,0.0966261476278305
TEMP_TEST\REAL\0007.jpg,REAL,jpeg_70,0.7775769829750061,0.7599883079528809,-0.017588675022125244,1,1,0,0.7775769829750061,0.7599883079528809,-0.017588675022125244
TEMP_TEST\REAL\0007.jpg,REAL,jpeg_50,0.7775769829750061,0.7967121005058289,0.019135117530822754,1,1,0,0.7775769829750061,0.7967121005058289,0.019135117530822754
TEMP_TEST\REAL\0007.jpg,REAL,resize_16_roundtrip,0.7775769829750061,0.43363022804260254,-0.34394675493240356,1,0,1,0.7775769829750061,0.5663697719573975,-0.21120721101760864
TEMP_TEST\REAL\0007.jpg,REAL,resize_8_roundtrip,0.7775769829750061,0.37147390842437744,-0.40610307455062866,1,0,1,0.7775769829750061,0.6285260915756226,-0.14905089139938354
TEMP_TEST\REAL\0007.jpg,REAL,gaussian_blur,0.7775769829750061,0.7019810676574707,-0.0755959153175354,1,1,0,0.7775769829750061,0.7019810676574707,-0.0755959153175354
TEMP_TEST\REAL\0007.jpg,REAL,contrast_low,0.7775769829750061,0.6142430305480957,-0.1633339524269104,1,1,0,0.7775769829750061,0.6142430305480957,-0.1633339524269104
TEMP_TEST\REAL\0007.jpg,REAL,contrast_high,0.7775769829750061,0.9928839206695557,0.21530693769454956,1,1,0,0.7775769829750061,0.9928839206695557,0.21530693769454956
TEMP_TEST\REAL\0007.jpg,REAL,brightness_low,0.7775769829750061,0.7736390233039856,-0.003937959671020508,1,1,0,0.7775769829750061,0.7736390233039856,-0.003937959671020508
TEMP_TEST\REAL\0007.jpg,REAL,brightness_high,0.7775769829750061,0.7937611937522888,0.016184210777282715,1,1,0,0.7775769829750061,0.7937611937522888,0.016184210777282715
TEMP_TEST\REAL\0007.jpg,REAL,gaussian_noise,0.7775769829750061,0.16100171208381653,-0.6165752708911896,1,0,1,0.7775769829750061,0.8389982879161835,0.06142130494117737
TEMP_TEST\REAL\0008 (10).jpg,REAL,jpeg_70,0.0032796317245811224,0.0026937860529869795,-0.0005858456715941429,0,0,0,0.9967203682754189,0.997306213947013,0.0005858456715941429
TEMP_TEST\REAL\0008 (10).jpg,REAL,jpeg_50,0.0032796317245811224,0.023353787139058113,0.02007415541447699,0,0,0,0.9967203682754189,0.9766462128609419,-0.02007415541447699
TEMP_TEST\REAL\0008 (10).jpg,REAL,resize_16_roundtrip,0.0032796317245811224,0.047552332282066345,0.04427270055748522,0,0,0,0.9967203682754189,0.9524476677179337,-0.04427270055748522
TEMP_TEST\REAL\0008 (10).jpg,REAL,resize_8_roundtrip,0.0032796317245811224,0.08241456001996994,0.07913492829538882,0,0,0,0.9967203682754189,0.9175854399800301,-0.07913492829538882
TEMP_TEST\REAL\0008 (10).jpg,REAL,gaussian_blur,0.0032796317245811224,0.013659289106726646,0.010379657382145524,0,0,0,0.9967203682754189,0.9863407108932734,-0.010379657382145524
TEMP_TEST\REAL\0008 (10).jpg,REAL,contrast_low,0.0032796317245811224,0.0016132363816723228,-0.0016663953429087996,0,0,0,0.9967203682754189,0.9983867636183277,0.0016663953429087996
TEMP_TEST\REAL\0008 (10).jpg,REAL,contrast_high,0.0032796317245811224,0.02769109420478344,0.024411462480202317,0,0,0,0.9967203682754189,0.9723089057952166,-0.024411462480202317
TEMP_TEST\REAL\0008 (10).jpg,REAL,brightness_low,0.0032796317245811224,0.011244909837841988,0.007965278113260865,0,0,0,0.9967203682754189,0.988755090162158,-0.007965278113260865
TEMP_TEST\REAL\0008 (10).jpg,REAL,brightness_high,0.0032796317245811224,0.0016347808996215463,-0.0016448508249595761,0,0,0,0.9967203682754189,0.9983652191003785,0.0016448508249595761
TEMP_TEST\REAL\0008 (10).jpg,REAL,gaussian_noise,0.0032796317245811224,0.004922323860228062,0.0016426921356469393,0,0,0,0.9967203682754189,0.9950776761397719,-0.0016426921356469393
TEMP_TEST\REAL\0008 (2).jpg,REAL,jpeg_70,0.0018674378516152501,0.0019219511887058616,5.451333709061146e-05,0,0,0,0.9981325621483847,0.9980780488112941,-5.451333709061146e-05
TEMP_TEST\REAL\0008 (2).jpg,REAL,jpeg_50,0.0018674378516152501,0.001334760687313974,-0.0005326771643012762,0,0,0,0.9981325621483847,0.998665239312686,0.0005326771643012762
TEMP_TEST\REAL\0008 (2).jpg,REAL,resize_16_roundtrip,0.0018674378516152501,0.028586560860276222,0.026719123008660972,0,0,0,0.9981325621483847,0.9714134391397238,-0.026719123008660972
TEMP_TEST\REAL\0008 (2).jpg,REAL,resize_8_roundtrip,0.0018674378516152501,0.022795476019382477,0.020928038167767227,0,0,0,0.9981325621483847,0.9772045239806175,-0.020928038167767227
TEMP_TEST\REAL\0008 (2).jpg,REAL,gaussian_blur,0.0018674378516152501,0.006268824450671673,0.004401386599056423,0,0,0,0.9981325621483847,0.9937311755493283,-0.004401386599056423
TEMP_TEST\REAL\0008 (2).jpg,REAL,contrast_low,0.0018674378516152501,0.0014948928728699684,-0.0003725449787452817,0,0,0,0.9981325621483847,0.99850510712713,0.0003725449787452817
TEMP_TEST\REAL\0008 (2).jpg,REAL,contrast_high,0.0018674378516152501,0.006651747040450573,0.004784309188835323,0,0,0,0.9981325621483847,0.9933482529595494,-0.004784309188835323
TEMP_TEST\REAL\0008 (2).jpg,REAL,brightness_low,0.0018674378516152501,0.0059541673399508,0.00408672948833555,0,0,0,0.9981325621483847,0.9940458326600492,-0.00408672948833555
TEMP_TEST\REAL\0008 (2).jpg,REAL,brightness_high,0.0018674378516152501,0.0002908535534515977,-0.0015765842981636524,0,0,0,0.9981325621483847,0.9997091464465484,0.0015765842981636524
TEMP_TEST\REAL\0008 (2).jpg,REAL,gaussian_noise,0.0018674378516152501,0.0021553412079811096,0.0002879033563658595,0,0,0,0.9981325621483847,0.9978446587920189,-0.0002879033563658595
TEMP_TEST\REAL\0008 (3).jpg,REAL,jpeg_70,0.11873549968004227,0.09560484439134598,-0.02313065528869629,0,0,0,0.8812645003199577,0.904395155608654,0.02313065528869629
TEMP_TEST\REAL\0008 (3).jpg,REAL,jpeg_50,0.11873549968004227,0.04965614899992943,-0.06907935068011284,0,0,0,0.8812645003199577,0.9503438510000706,0.06907935068011284
TEMP_TEST\REAL\0008 (3).jpg,REAL,resize_16_roundtrip,0.11873549968004227,0.7748095989227295,0.6560740992426872,0,1,1,0.8812645003199577,0.7748095989227295,-0.10645490139722824
TEMP_TEST\REAL\0008 (3).jpg,REAL,resize_8_roundtrip,0.11873549968004227,0.9268159866333008,0.8080804869532585,0,1,1,0.8812645003199577,0.9268159866333008,0.04555148631334305
TEMP_TEST\REAL\0008 (3).jpg,REAL,gaussian_blur,0.11873549968004227,0.3180079162120819,0.19927241653203964,0,0,0,0.8812645003199577,0.6819920837879181,-0.19927241653203964
TEMP_TEST\REAL\0008 (3).jpg,REAL,contrast_low,0.11873549968004227,0.16484318673610687,0.046107687056064606,0,0,0,0.8812645003199577,0.8351568132638931,-0.046107687056064606
TEMP_TEST\REAL\0008 (3).jpg,REAL,contrast_high,0.11873549968004227,0.1589350700378418,0.04019957035779953,0,0,0,0.8812645003199577,0.8410649299621582,-0.04019957035779953
TEMP_TEST\REAL\0008 (3).jpg,REAL,brightness_low,0.11873549968004227,0.1682201474905014,0.04948464781045914,0,0,0,0.8812645003199577,0.8317798525094986,-0.04948464781045914
TEMP_TEST\REAL\0008 (3).jpg,REAL,brightness_high,0.11873549968004227,0.05542685091495514,-0.06330864876508713,0,0,0,0.8812645003199577,0.9445731490850449,0.06330864876508713
TEMP_TEST\REAL\0008 (3).jpg,REAL,gaussian_noise,0.11873549968004227,0.03539567440748215,-0.08333982527256012,0,0,0,0.8812645003199577,0.9646043255925179,0.08333982527256012
TEMP_TEST\REAL\0008 (4).jpg,REAL,jpeg_70,0.008952953852713108,0.007961723953485489,-0.0009912298992276192,0,0,0,0.9910470461472869,0.9920382760465145,0.0009912298992276192
TEMP_TEST\REAL\0008 (4).jpg,REAL,jpeg_50,0.008952953852713108,0.0010834431741386652,-0.007869510678574443,0,0,0,0.9910470461472869,0.9989165568258613,0.007869510678574443
TEMP_TEST\REAL\0008 (4).jpg,REAL,resize_16_roundtrip,0.008952953852713108,0.41106006503105164,0.4021071111783385,0,0,0,0.9910470461472869,0.5889399349689484,-0.4021071111783385
TEMP_TEST\REAL\0008 (4).jpg,REAL,resize_8_roundtrip,0.008952953852713108,0.3079623878002167,0.29900943394750357,0,0,0,0.9910470461472869,0.6920376121997833,-0.29900943394750357
TEMP_TEST\REAL\0008 (4).jpg,REAL,gaussian_blur,0.008952953852713108,0.19627580046653748,0.18732284661382437,0,0,0,0.9910470461472869,0.8037241995334625,-0.18732284661382437
TEMP_TEST\REAL\0008 (4).jpg,REAL,contrast_low,0.008952953852713108,0.0073185027576982975,-0.0016344510950148106,0,0,0,0.9910470461472869,0.9926814972423017,0.0016344510950148106
TEMP_TEST\REAL\0008 (4).jpg,REAL,contrast_high,0.008952953852713108,0.009981703944504261,0.001028750091791153,0,0,0,0.9910470461472869,0.9900182960554957,-0.001028750091791153
TEMP_TEST\REAL\0008 (4).jpg,REAL,brightness_low,0.008952953852713108,0.020495444536209106,0.011542490683495998,0,0,0,0.9910470461472869,0.9795045554637909,-0.011542490683495998
TEMP_TEST\REAL\0008 (4).jpg,REAL,brightness_high,0.008952953852713108,0.0049347179010510445,-0.004018235951662064,0,0,0,0.9910470461472869,0.995065282098949,0.004018235951662064
TEMP_TEST\REAL\0008 (4).jpg,REAL,gaussian_noise,0.008952953852713108,0.016712279990315437,0.007759326137602329,0,0,0,0.9910470461472869,0.9832877200096846,-0.007759326137602329
TEMP_TEST\REAL\0008 (5).jpg,REAL,jpeg_70,0.0003781177510973066,0.0005220528692007065,0.00014393511810339987,0,0,0,0.9996218822489027,0.9994779471307993,-0.00014393511810339987
TEMP_TEST\REAL\0008 (5).jpg,REAL,jpeg_50,0.0003781177510973066,0.0009441323345527053,0.0005660145834553987,0,0,0,0.9996218822489027,0.9990558676654473,-0.0005660145834553987
TEMP_TEST\REAL\0008 (5).jpg,REAL,resize_16_roundtrip,0.0003781177510973066,0.004451115150004625,0.004072997398907319,0,0,0,0.9996218822489027,0.9955488848499954,-0.004072997398907319
TEMP_TEST\REAL\0008 (5).jpg,REAL,resize_8_roundtrip,0.0003781177510973066,0.06594099849462509,0.06556288074352778,0,0,0,0.9996218822489027,0.9340590015053749,-0.06556288074352778
TEMP_TEST\REAL\0008 (5).jpg,REAL,gaussian_blur,0.0003781177510973066,0.001751866308040917,0.0013737485569436103,0,0,0,0.9996218822489027,0.9982481336919591,-0.0013737485569436103
TEMP_TEST\REAL\0008 (5).jpg,REAL,contrast_low,0.0003781177510973066,0.00028871902031823993,-8.939873077906668e-05,0,0,0,0.9996218822489027,0.9997112809796818,8.939873077906668e-05
TEMP_TEST\REAL\0008 (5).jpg,REAL,contrast_high,0.0003781177510973066,0.001998632214963436,0.0016205144638661295,0,0,0,0.9996218822489027,0.9980013677850366,-0.0016205144638661295
TEMP_TEST\REAL\0008 (5).jpg,REAL,brightness_low,0.0003781177510973066,0.0014315159060060978,0.0010533981549087912,0,0,0,0.9996218822489027,0.9985684840939939,-0.0010533981549087912
TEMP_TEST\REAL\0008 (5).jpg,REAL,brightness_high,0.0003781177510973066,0.00017757658497430384,-0.00020054116612300277,0,0,0,0.9996218822489027,0.9998224234150257,0.00020054116612300277
TEMP_TEST\REAL\0008 (5).jpg,REAL,gaussian_noise,0.0003781177510973066,0.00032352868583984673,-5.458906525745988e-05,0,0,0,0.9996218822489027,0.9996764713141602,5.458906525745988e-05
TEMP_TEST\REAL\0008 (6).jpg,REAL,jpeg_70,0.007727745920419693,0.0036388952285051346,-0.004088850691914558,0,0,0,0.9922722540795803,0.9963611047714949,0.004088850691914558
TEMP_TEST\REAL\0008 (6).jpg,REAL,jpeg_50,0.007727745920419693,0.009031470865011215,0.0013037249445915222,0,0,0,0.9922722540795803,0.9909685291349888,-0.0013037249445915222
TEMP_TEST\REAL\0008 (6).jpg,REAL,resize_16_roundtrip,0.007727745920419693,0.15442326664924622,0.14669552072882652,0,0,0,0.9922722540795803,0.8455767333507538,-0.14669552072882652
TEMP_TEST\REAL\0008 (6).jpg,REAL,resize_8_roundtrip,0.007727745920419693,0.198696106672287,0.1909683607518673,0,0,0,0.9922722540795803,0.801303893327713,-0.1909683607518673
TEMP_TEST\REAL\0008 (6).jpg,REAL,gaussian_blur,0.007727745920419693,0.050630535930395126,0.04290279000997543,0,0,0,0.9922722540795803,0.9493694640696049,-0.04290279000997543
TEMP_TEST\REAL\0008 (6).jpg,REAL,contrast_low,0.007727745920419693,0.02011801302433014,0.012390267103910446,0,0,0,0.9922722540795803,0.9798819869756699,-0.012390267103910446
TEMP_TEST\REAL\0008 (6).jpg,REAL,contrast_high,0.007727745920419693,0.0032786233350634575,-0.0044491225853562355,0,0,0,0.9922722540795803,0.9967213766649365,0.0044491225853562355
TEMP_TEST\REAL\0008 (6).jpg,REAL,brightness_low,0.007727745920419693,0.012515885755419731,0.004788139835000038,0,0,0,0.9922722540795803,0.9874841142445803,-0.004788139835000038
TEMP_TEST\REAL\0008 (6).jpg,REAL,brightness_high,0.007727745920419693,0.00496820081025362,-0.002759545110166073,0,0,0,0.9922722540795803,0.9950317991897464,0.002759545110166073
TEMP_TEST\REAL\0008 (6).jpg,REAL,gaussian_noise,0.007727745920419693,0.006767048966139555,-0.000960696954280138,0,0,0,0.9922722540795803,0.9932329510338604,0.000960696954280138
TEMP_TEST\REAL\0008 (7).jpg,REAL,jpeg_70,0.002965358318760991,0.0041804746724665165,0.0012151163537055254,0,0,0,0.997034641681239,0.9958195253275335,-0.0012151163537055254
TEMP_TEST\REAL\0008 (7).jpg,REAL,jpeg_50,0.002965358318760991,0.002236535307019949,-0.0007288230117410421,0,0,0,0.997034641681239,0.99776346469298,0.0007288230117410421
TEMP_TEST\REAL\0008 (7).jpg,REAL,resize_16_roundtrip,0.002965358318760991,0.03926496580243111,0.036299607483670115,0,0,0,0.997034641681239,0.9607350341975689,-0.036299607483670115
TEMP_TEST\REAL\0008 (7).jpg,REAL,resize_8_roundtrip,0.002965358318760991,0.3473002314567566,0.3443348731379956,0,0,0,0.997034641681239,0.6526997685432434,-0.3443348731379956
TEMP_TEST\REAL\0008 (7).jpg,REAL,gaussian_blur,0.002965358318760991,0.0016429173992946744,-0.0013224409194663167,0,0,0,0.997034641681239,0.9983570826007053,0.0013224409194663167
TEMP_TEST\REAL\0008 (7).jpg,REAL,contrast_low,0.002965358318760991,0.0065355985425412655,0.0035702402237802744,0,0,0,0.997034641681239,0.9934644014574587,-0.0035702402237802744
TEMP_TEST\REAL\0008 (7).jpg,REAL,contrast_high,0.002965358318760991,0.005327420309185982,0.0023620619904249907,0,0,0,0.997034641681239,0.994672579690814,-0.0023620619904249907
TEMP_TEST\REAL\0008 (7).jpg,REAL,brightness_low,0.002965358318760991,0.0041776392608881,0.0012122809421271086,0,0,0,0.997034641681239,0.9958223607391119,-0.0012122809421271086
TEMP_TEST\REAL\0008 (7).jpg,REAL,brightness_high,0.002965358318760991,0.0024399932008236647,-0.0005253651179373264,0,0,0,0.997034641681239,0.9975600067991763,0.0005253651179373264
TEMP_TEST\REAL\0008 (7).jpg,REAL,gaussian_noise,0.002965358318760991,0.05797441676259041,0.05500905844382942,0,0,0,0.997034641681239,0.9420255832374096,-0.05500905844382942
TEMP_TEST\REAL\0008 (8).jpg,REAL,jpeg_70,0.0007404590724036098,0.0006597409956157207,-8.0718076787889e-05,0,0,0,0.9992595409275964,0.9993402590043843,8.0718076787889e-05
TEMP_TEST\REAL\0008 (8).jpg,REAL,jpeg_50,0.0007404590724036098,4.141865792917088e-05,-0.0006990404144744389,0,0,0,0.9992595409275964,0.9999585813420708,0.0006990404144744389
TEMP_TEST\REAL\0008 (8).jpg,REAL,resize_16_roundtrip,0.0007404590724036098,0.016870060935616493,0.016129601863212883,0,0,0,0.9992595409275964,0.9831299390643835,-0.016129601863212883
TEMP_TEST\REAL\0008 (8).jpg,REAL,resize_8_roundtrip,0.0007404590724036098,0.009000574238598347,0.008260115166194737,0,0,0,0.9992595409275964,0.9909994257614017,-0.008260115166194737
TEMP_TEST\REAL\0008 (8).jpg,REAL,gaussian_blur,0.0007404590724036098,0.023125456646084785,0.022384997573681176,0,0,0,0.9992595409275964,0.9768745433539152,-0.022384997573681176
TEMP_TEST\REAL\0008 (8).jpg,REAL,contrast_low,0.0007404590724036098,0.0011350968852639198,0.0003946378128603101,0,0,0,0.9992595409275964,0.9988649031147361,-0.0003946378128603101
TEMP_TEST\REAL\0008 (8).jpg,REAL,contrast_high,0.0007404590724036098,0.0005576838739216328,-0.00018277519848197699,0,0,0,0.9992595409275964,0.9994423161260784,0.00018277519848197699
TEMP_TEST\REAL\0008 (8).jpg,REAL,brightness_low,0.0007404590724036098,0.0027497068513184786,0.002009247778914869,0,0,0,0.9992595409275964,0.9972502931486815,-0.002009247778914869
TEMP_TEST\REAL\0008 (8).jpg,REAL,brightness_high,0.0007404590724036098,0.005604221951216459,0.0048637628788128495,0,0,0,0.9992595409275964,0.9943957780487835,-0.0048637628788128495
TEMP_TEST\REAL\0008 (8).jpg,REAL,gaussian_noise,0.0007404590724036098,0.001177220605313778,0.00043676153291016817,0,0,0,0.9992595409275964,0.9988227793946862,-0.00043676153291016817
TEMP_TEST\REAL\0008 (9).jpg,REAL,jpeg_70,0.1292920559644699,0.08780530095100403,-0.04148675501346588,0,0,0,0.8707079440355301,0.912194699048996,0.04148675501346588
TEMP_TEST\REAL\0008 (9).jpg,REAL,jpeg_50,0.1292920559644699,0.005822302307933569,-0.12346975365653634,0,0,0,0.8707079440355301,0.9941776976920664,0.12346975365653634
TEMP_TEST\REAL\0008 (9).jpg,REAL,resize_16_roundtrip,0.1292920559644699,0.9396417140960693,0.8103496581315994,0,1,1,0.8707079440355301,0.9396417140960693,0.06893377006053925
TEMP_TEST\REAL\0008 (9).jpg,REAL,resize_8_roundtrip,0.1292920559644699,0.9759336113929749,0.8466415554285049,0,1,1,0.8707079440355301,0.9759336113929749,0.10522566735744476
TEMP_TEST\REAL\0008 (9).jpg,REAL,gaussian_blur,0.1292920559644699,0.8364560604095459,0.707164004445076,0,1,1,0.8707079440355301,0.8364560604095459,-0.03425188362598419
TEMP_TEST\REAL\0008 (9).jpg,REAL,contrast_low,0.1292920559644699,0.19682039320468903,0.06752833724021912,0,0,0,0.8707079440355301,0.803179606795311,-0.06752833724021912
TEMP_TEST\REAL\0008 (9).jpg,REAL,contrast_high,0.1292920559644699,0.13300234079360962,0.0037102848291397095,0,0,0,0.8707079440355301,0.8669976592063904,-0.0037102848291397095
TEMP_TEST\REAL\0008 (9).jpg,REAL,brightness_low,0.1292920559644699,0.14328134059906006,0.013989284634590149,0,0,0,0.8707079440355301,0.8567186594009399,-0.013989284634590149
TEMP_TEST\REAL\0008 (9).jpg,REAL,brightness_high,0.1292920559644699,0.08471310883760452,-0.04457894712686539,0,0,0,0.8707079440355301,0.9152868911623955,0.04457894712686539
TEMP_TEST\REAL\0008 (9).jpg,REAL,gaussian_noise,0.1292920559644699,0.08902853727340698,-0.04026351869106293,0,0,0,0.8707079440355301,0.910971462726593,0.04026351869106293
TEMP_TEST\REAL\0008.jpg,REAL,jpeg_70,0.1190280020236969,0.07274693995714188,-0.04628106206655502,0,0,0,0.8809719979763031,0.9272530600428581,0.04628106206655502
TEMP_TEST\REAL\0008.jpg,REAL,jpeg_50,0.1190280020236969,0.024175360798835754,-0.09485264122486115,0,0,0,0.8809719979763031,0.9758246392011642,0.09485264122486115
TEMP_TEST\REAL\0008.jpg,REAL,resize_16_roundtrip,0.1190280020236969,0.5924291014671326,0.47340109944343567,0,1,1,0.8809719979763031,0.5924291014671326,-0.28854289650917053
TEMP_TEST\REAL\0008.jpg,REAL,resize_8_roundtrip,0.1190280020236969,0.7576507329940796,0.6386227309703827,0,1,1,0.8809719979763031,0.7576507329940796,-0.12332126498222351
TEMP_TEST\REAL\0008.jpg,REAL,gaussian_blur,0.1190280020236969,0.21648262441158295,0.09745462238788605,0,0,0,0.8809719979763031,0.783517375588417,-0.09745462238788605
TEMP_TEST\REAL\0008.jpg,REAL,contrast_low,0.1190280020236969,0.1911759227514267,0.0721479207277298,0,0,0,0.8809719979763031,0.8088240772485733,-0.0721479207277298
TEMP_TEST\REAL\0008.jpg,REAL,contrast_high,0.1190280020236969,0.09145159274339676,-0.02757640928030014,0,0,0,0.8809719979763031,0.9085484072566032,0.02757640928030014
TEMP_TEST\REAL\0008.jpg,REAL,brightness_low,0.1190280020236969,0.285391628742218,0.16636362671852112,0,0,0,0.8809719979763031,0.714608371257782,-0.16636362671852112
TEMP_TEST\REAL\0008.jpg,REAL,brightness_high,0.1190280020236969,0.046645767986774445,-0.07238223403692245,0,0,0,0.8809719979763031,0.9533542320132256,0.07238223403692245
TEMP_TEST\REAL\0008.jpg,REAL,gaussian_noise,0.1190280020236969,0.37425270676612854,0.25522470474243164,0,0,0,0.8809719979763031,0.6257472932338715,-0.25522470474243164
TEMP_TEST\REAL\0009 (10).jpg,REAL,jpeg_70,0.5288785696029663,0.534023106098175,0.00514453649520874,0,0,0,0.4711214303970337,0.46597689390182495,-0.00514453649520874
TEMP_TEST\REAL\0009 (10).jpg,REAL,jpeg_50,0.5288785696029663,0.870995283126831,0.34211671352386475,0,1,1,0.4711214303970337,0.870995283126831,0.39987385272979736
TEMP_TEST\REAL\0009 (10).jpg,REAL,resize_16_roundtrip,0.5288785696029663,0.030017729848623276,-0.49886083975434303,0,0,0,0.4711214303970337,0.9699822701513767,0.49886083975434303
TEMP_TEST\REAL\0009 (10).jpg,REAL,resize_8_roundtrip,0.5288785696029663,0.2076941281557083,-0.321184441447258,0,0,0,0.4711214303970337,0.7923058718442917,0.321184441447258
TEMP_TEST\REAL\0009 (10).jpg,REAL,gaussian_blur,0.5288785696029663,0.10860639065504074,-0.42027217894792557,0,0,0,0.4711214303970337,0.8913936093449593,0.42027217894792557
TEMP_TEST\REAL\0009 (10).jpg,REAL,contrast_low,0.5288785696029663,0.2921915650367737,-0.23668700456619263,0,0,0,0.4711214303970337,0.7078084349632263,0.23668700456619263
TEMP_TEST\REAL\0009 (10).jpg,REAL,contrast_high,0.5288785696029663,0.7828793525695801,0.25400078296661377,0,1,1,0.4711214303970337,0.7828793525695801,0.3117579221725464
TEMP_TEST\REAL\0009 (10).jpg,REAL,brightness_low,0.5288785696029663,0.828020453453064,0.29914188385009766,0,1,1,0.4711214303970337,0.828020453453064,0.3568990230560303
TEMP_TEST\REAL\0009 (10).jpg,REAL,brightness_high,0.5288785696029663,0.016397971659898758,-0.5124805979430676,0,0,0,0.4711214303970337,0.9836020283401012,0.5124805979430676
TEMP_TEST\REAL\0009 (10).jpg,REAL,gaussian_noise,0.5288785696029663,0.07065068185329437,-0.45822788774967194,0,0,0,0.4711214303970337,0.9293493181467056,0.45822788774967194
TEMP_TEST\REAL\0009 (2).jpg,REAL,jpeg_70,0.00038400423363782465,0.0003311343025416136,-5.2869931096211076e-05,0,0,0,0.9996159957663622,0.9996688656974584,5.2869931096211076e-05
TEMP_TEST\REAL\0009 (2).jpg,REAL,jpeg_50,0.00038400423363782465,0.0004187469894532114,3.474275581538677e-05,0,0,0,0.9996159957663622,0.9995812530105468,-3.474275581538677e-05
TEMP_TEST\REAL\0009 (2).jpg,REAL,resize_16_roundtrip,0.00038400423363782465,0.08371607959270477,0.08333207535906695,0,0,0,0.9996159957663622,0.9162839204072952,-0.08333207535906695
TEMP_TEST\REAL\0009 (2).jpg,REAL,resize_8_roundtrip,0.00038400423363782465,0.5304763913154602,0.5300923870818224,0,0,0,0.9996159957663622,0.4695236086845398,-0.5300923870818224
TEMP_TEST\REAL\0009 (2).jpg,REAL,gaussian_blur,0.00038400423363782465,0.005749213043600321,0.005365208809962496,0,0,0,0.9996159957663622,0.9942507869563997,-0.005365208809962496
TEMP_TEST\REAL\0009 (2).jpg,REAL,contrast_low,0.00038400423363782465,0.0006808664184063673,0.00029686218476854265,0,0,0,0.9996159957663622,0.9993191335815936,-0.00029686218476854265
TEMP_TEST\REAL\0009 (2).jpg,REAL,contrast_high,0.00038400423363782465,0.0006279132794588804,0.00024390904582105577,0,0,0,0.9996159957663622,0.9993720867205411,-0.00024390904582105577
TEMP_TEST\REAL\0009 (2).jpg,REAL,brightness_low,0.00038400423363782465,0.0004659678088501096,8.196357521228492e-05,0,0,0,0.9996159957663622,0.9995340321911499,-8.196357521228492e-05
TEMP_TEST\REAL\0009 (2).jpg,REAL,brightness_high,0.00038400423363782465,0.0002754243032541126,-0.00010857993038371205,0,0,0,0.9996159957663622,0.9997245756967459,0.00010857993038371205
TEMP_TEST\REAL\0009 (2).jpg,REAL,gaussian_noise,0.00038400423363782465,0.0016864696517586708,0.0013024654181208462,0,0,0,0.9996159957663622,0.9983135303482413,-0.0013024654181208462
TEMP_TEST\REAL\0009 (3).jpg,REAL,jpeg_70,0.0022386570926755667,0.002795115578919649,0.0005564584862440825,0,0,0,0.9977613429073244,0.9972048844210804,-0.0005564584862440825
TEMP_TEST\REAL\0009 (3).jpg,REAL,jpeg_50,0.0022386570926755667,0.012318155728280544,0.010079498635604978,0,0,0,0.9977613429073244,0.9876818442717195,-0.010079498635604978
TEMP_TEST\REAL\0009 (3).jpg,REAL,resize_16_roundtrip,0.0022386570926755667,0.7197550535202026,0.7175163964275271,0,1,1,0.9977613429073244,0.7197550535202026,-0.2780062893871218
TEMP_TEST\REAL\0009 (3).jpg,REAL,resize_8_roundtrip,0.0022386570926755667,0.43932995200157166,0.4370912949088961,0,0,0,0.9977613429073244,0.5606700479984283,-0.4370912949088961
TEMP_TEST\REAL\0009 (3).jpg,REAL,gaussian_blur,0.0022386570926755667,0.29056254029273987,0.2883238832000643,0,0,0,0.9977613429073244,0.7094374597072601,-0.2883238832000643
TEMP_TEST\REAL\0009 (3).jpg,REAL,contrast_low,0.0022386570926755667,0.008843906223773956,0.00660524913109839,0,0,0,0.9977613429073244,0.991156093776226,-0.00660524913109839
TEMP_TEST\REAL\0009 (3).jpg,REAL,contrast_high,0.0022386570926755667,0.00098643999081105,-0.0012522171018645167,0,0,0,0.9977613429073244,0.999013560009189,0.0012522171018645167
TEMP_TEST\REAL\0009 (3).jpg,REAL,brightness_low,0.0022386570926755667,0.007214499171823263,0.0049758420791476965,0,0,0,0.9977613429073244,0.9927855008281767,-0.0049758420791476965
TEMP_TEST\REAL\0009 (3).jpg,REAL,brightness_high,0.0022386570926755667,0.0012673428282141685,-0.0009713142644613981,0,0,0,0.9977613429073244,0.9987326571717858,0.0009713142644613981
TEMP_TEST\REAL\0009 (3).jpg,REAL,gaussian_noise,0.0022386570926755667,0.008145335130393505,0.005906678037717938,0,0,0,0.9977613429073244,0.9918546648696065,-0.005906678037717938
TEMP_TEST\REAL\0009 (4).jpg,REAL,jpeg_70,0.05696958303451538,0.0346684493124485,-0.02230113372206688,0,0,0,0.9430304169654846,0.9653315506875515,0.02230113372206688
TEMP_TEST\REAL\0009 (4).jpg,REAL,jpeg_50,0.05696958303451538,0.010621638968586922,-0.04634794406592846,0,0,0,0.9430304169654846,0.9893783610314131,0.04634794406592846
TEMP_TEST\REAL\0009 (4).jpg,REAL,resize_16_roundtrip,0.05696958303451538,0.6029341816902161,0.5459645986557007,0,1,1,0.9430304169654846,0.6029341816902161,-0.34009623527526855
TEMP_TEST\REAL\0009 (4).jpg,REAL,resize_8_roundtrip,0.05696958303451538,0.576339840888977,0.5193702578544617,0,1,1,0.9430304169654846,0.576339840888977,-0.36669057607650757
TEMP_TEST\REAL\0009 (4).jpg,REAL,gaussian_blur,0.05696958303451538,0.16370344161987305,0.10673385858535767,0,0,0,0.9430304169654846,0.836296558380127,-0.10673385858535767
TEMP_TEST\REAL\0009 (4).jpg,REAL,contrast_low,0.05696958303451538,0.07928619533777237,0.02231661230325699,0,0,0,0.9430304169654846,0.9207138046622276,-0.02231661230325699
TEMP_TEST\REAL\0009 (4).jpg,REAL,contrast_high,0.05696958303451538,0.1129433736205101,0.05597379058599472,0,0,0,0.9430304169654846,0.8870566263794899,-0.05597379058599472
TEMP_TEST\REAL\0009 (4).jpg,REAL,brightness_low,0.05696958303451538,0.0835476815700531,0.02657809853553772,0,0,0,0.9430304169654846,0.9164523184299469,-0.02657809853553772
TEMP_TEST\REAL\0009 (4).jpg,REAL,brightness_high,0.05696958303451538,0.03469184413552284,-0.02227773889899254,0,0,0,0.9430304169654846,0.9653081558644772,0.02227773889899254
TEMP_TEST\REAL\0009 (4).jpg,REAL,gaussian_noise,0.05696958303451538,0.10245231539011002,0.045482732355594635,0,0,0,0.9430304169654846,0.89754768460989,-0.045482732355594635
TEMP_TEST\REAL\0009 (5).jpg,REAL,jpeg_70,0.0007661719573661685,0.0009557360899634659,0.00018956413259729743,0,0,0,0.9992338280426338,0.9990442639100365,-0.00018956413259729743
TEMP_TEST\REAL\0009 (5).jpg,REAL,jpeg_50,0.0007661719573661685,0.0003868776257149875,-0.000379294331651181,0,0,0,0.9992338280426338,0.999613122374285,0.000379294331651181
TEMP_TEST\REAL\0009 (5).jpg,REAL,resize_16_roundtrip,0.0007661719573661685,0.131156787276268,0.13039061531890184,0,0,0,0.9992338280426338,0.868843212723732,-0.13039061531890184
TEMP_TEST\REAL\0009 (5).jpg,REAL,resize_8_roundtrip,0.0007661719573661685,0.1363275796175003,0.13556140766013414,0,0,0,0.9992338280426338,0.8636724203824997,-0.13556140766013414
TEMP_TEST\REAL\0009 (5).jpg,REAL,gaussian_blur,0.0007661719573661685,0.004014432430267334,0.0032482604729011655,0,0,0,0.9992338280426338,0.9959855675697327,-0.0032482604729011655
TEMP_TEST\REAL\0009 (5).jpg,REAL,contrast_low,0.0007661719573661685,0.0005444441339932382,-0.0002217278233729303,0,0,0,0.9992338280426338,0.9994555558660068,0.0002217278233729303
TEMP_TEST\REAL\0009 (5).jpg,REAL,contrast_high,0.0007661719573661685,0.011060241609811783,0.010294069652445614,0,0,0,0.9992338280426338,0.9889397583901882,-0.010294069652445614
TEMP_TEST\REAL\0009 (5).jpg,REAL,brightness_low,0.0007661719573661685,0.0018707899143919349,0.0011046179570257664,0,0,0,0.9992338280426338,0.9981292100856081,-0.0011046179570257664
TEMP_TEST\REAL\0009 (5).jpg,REAL,brightness_high,0.0007661719573661685,0.0019102513324469328,0.0011440793750807643,0,0,0,0.9992338280426338,0.9980897486675531,-0.0011440793750807643
TEMP_TEST\REAL\0009 (5).jpg,REAL,gaussian_noise,0.0007661719573661685,0.004739303141832352,0.003973131184466183,0,0,0,0.9992338280426338,0.9952606968581676,-0.003973131184466183
TEMP_TEST\REAL\0009 (6).jpg,REAL,jpeg_70,0.06689829379320145,0.09946341812610626,0.032565124332904816,0,0,0,0.9331017062067986,0.9005365818738937,-0.032565124332904816
TEMP_TEST\REAL\0009 (6).jpg,REAL,jpeg_50,0.06689829379320145,0.42719918489456177,0.3603008911013603,0,0,0,0.9331017062067986,0.5728008151054382,-0.3603008911013603
TEMP_TEST\REAL\0009 (6).jpg,REAL,resize_16_roundtrip,0.06689829379320145,0.024951227009296417,-0.04194706678390503,0,0,0,0.9331017062067986,0.9750487729907036,0.04194706678390503
TEMP_TEST\REAL\0009 (6).jpg,REAL,resize_8_roundtrip,0.06689829379320145,0.02548602968454361,-0.04141226410865784,0,0,0,0.9331017062067986,0.9745139703154564,0.04141226410865784
TEMP_TEST\REAL\0009 (6).jpg,REAL,gaussian_blur,0.06689829379320145,0.024967379868030548,-0.0419309139251709,0,0,0,0.9331017062067986,0.9750326201319695,0.0419309139251709
TEMP_TEST\REAL\0009 (6).jpg,REAL,contrast_low,0.06689829379320145,0.08058472722768784,0.01368643343448639,0,0,0,0.9331017062067986,0.9194152727723122,-0.01368643343448639
TEMP_TEST\REAL\0009 (6).jpg,REAL,contrast_high,0.06689829379320145,0.03790397197008133,-0.028994321823120117,0,0,0,0.9331017062067986,0.9620960280299187,0.028994321823120117
TEMP_TEST\REAL\0009 (6).jpg,REAL,brightness_low,0.06689829379320145,0.09774897247552872,0.03085067868232727,0,0,0,0.9331017062067986,0.9022510275244713,-0.03085067868232727
TEMP_TEST\REAL\0009 (6).jpg,REAL,brightness_high,0.06689829379320145,0.03522086516022682,-0.031677428632974625,0,0,0,0.9331017062067986,0.9647791348397732,0.031677428632974625
TEMP_TEST\REAL\0009 (6).jpg,REAL,gaussian_noise,0.06689829379320145,0.05371234938502312,-0.01318594440817833,0,0,0,0.9331017062067986,0.9462876506149769,0.01318594440817833
TEMP_TEST\REAL\0009 (7).jpg,REAL,jpeg_70,0.00011310951231280342,8.98979342309758e-05,-2.321157808182761e-05,0,0,0,0.9998868904876872,0.999910102065769,2.321157808182761e-05
TEMP_TEST\REAL\0009 (7).jpg,REAL,jpeg_50,0.00011310951231280342,2.5764866222743876e-05,-8.734464609005954e-05,0,0,0,0.9998868904876872,0.9999742351337773,8.734464609005954e-05
TEMP_TEST\REAL\0009 (7).jpg,REAL,resize_16_roundtrip,0.00011310951231280342,0.02146538719534874,0.021352277683035936,0,0,0,0.9998868904876872,0.9785346128046513,-0.021352277683035936
TEMP_TEST\REAL\0009 (7).jpg,REAL,resize_8_roundtrip,0.00011310951231280342,0.08809000253677368,0.08797689302446088,0,0,0,0.9998868904876872,0.9119099974632263,-0.08797689302446088
TEMP_TEST\REAL\0009 (7).jpg,REAL,gaussian_blur,0.00011310951231280342,0.005226748529821634,0.005113639017508831,0,0,0,0.9998868904876872,0.9947732514701784,-0.005113639017508831
TEMP_TEST\REAL\0009 (7).jpg,REAL,contrast_low,0.00011310951231280342,0.0002550696372054517,0.0001419601248926483,0,0,0,0.9998868904876872,0.9997449303627945,-0.0001419601248926483
TEMP_TEST\REAL\0009 (7).jpg,REAL,contrast_high,0.00011310951231280342,0.00012764045095536858,1.4530938642565161e-05,0,0,0,0.9998868904876872,0.9998723595490446,-1.4530938642565161e-05
TEMP_TEST\REAL\0009 (7).jpg,REAL,brightness_low,0.00011310951231280342,0.000441951269749552,0.0003288417574367486,0,0,0,0.9998868904876872,0.9995580487302504,-0.0003288417574367486
TEMP_TEST\REAL\0009 (7).jpg,REAL,brightness_high,0.00011310951231280342,5.455383870867081e-05,-5.855567360413261e-05,0,0,0,0.9998868904876872,0.9999454461612913,5.855567360413261e-05
TEMP_TEST\REAL\0009 (7).jpg,REAL,gaussian_noise,0.00011310951231280342,0.0024280778598040342,0.002314968347491231,0,0,0,0.9998868904876872,0.997571922140196,-0.002314968347491231
TEMP_TEST\REAL\0009 (8).jpg,REAL,jpeg_70,0.0003423900343477726,0.0001913231099024415,-0.0001510669244453311,0,0,0,0.9996576099656522,0.9998086768900976,0.0001510669244453311
TEMP_TEST\REAL\0009 (8).jpg,REAL,jpeg_50,0.0003423900343477726,0.0001326823839917779,-0.0002097076503559947,0,0,0,0.9996576099656522,0.9998673176160082,0.0002097076503559947
TEMP_TEST\REAL\0009 (8).jpg,REAL,resize_16_roundtrip,0.0003423900343477726,0.0069725653156638145,0.006630175281316042,0,0,0,0.9996576099656522,0.9930274346843362,-0.006630175281316042
TEMP_TEST\REAL\0009 (8).jpg,REAL,resize_8_roundtrip,0.0003423900343477726,0.028059933334589005,0.027717543300241232,0,0,0,0.9996576099656522,0.971940066665411,-0.027717543300241232
TEMP_TEST\REAL\0009 (8).jpg,REAL,gaussian_blur,0.0003423900343477726,0.0034824395552277565,0.003140049520879984,0,0,0,0.9996576099656522,0.9965175604447722,-0.003140049520879984
TEMP_TEST\REAL\0009 (8).jpg,REAL,contrast_low,0.0003423900343477726,0.0014867582358419895,0.001144368201494217,0,0,0,0.9996576099656522,0.998513241764158,-0.001144368201494217
TEMP_TEST\REAL\0009 (8).jpg,REAL,contrast_high,0.0003423900343477726,0.0003421384608373046,-2.5157351046800613e-07,0,0,0,0.9996576099656522,0.9996578615391627,2.5157351046800613e-07
TEMP_TEST\REAL\0009 (8).jpg,REAL,brightness_low,0.0003423900343477726,0.009196886792778969,0.008854496758431196,0,0,0,0.9996576099656522,0.990803113207221,-0.008854496758431196
TEMP_TEST\REAL\0009 (8).jpg,REAL,brightness_high,0.0003423900343477726,0.0007617906667292118,0.0004194006323814392,0,0,0,0.9996576099656522,0.9992382093332708,-0.0004194006323814392
TEMP_TEST\REAL\0009 (8).jpg,REAL,gaussian_noise,0.0003423900343477726,0.0004784294869750738,0.00013603945262730122,0,0,0,0.9996576099656522,0.9995215705130249,-0.00013603945262730122
TEMP_TEST\REAL\0009 (9).jpg,REAL,jpeg_70,4.6115692384773865e-06,3.7256761515891412e-06,-8.858930868882453e-07,0,0,0,0.9999953884307615,0.9999962743238484,8.858930868882453e-07
TEMP_TEST\REAL\0009 (9).jpg,REAL,jpeg_50,4.6115692384773865e-06,1.0924901516773389e-06,-3.5190790868000477e-06,0,0,0,0.9999953884307615,0.9999989075098483,3.5190790868000477e-06
TEMP_TEST\REAL\0009 (9).jpg,REAL,resize_16_roundtrip,4.6115692384773865e-06,0.00060310895787552,0.0005984973886370426,0,0,0,0.9999953884307615,0.9993968910421245,-0.0005984973886370426
TEMP_TEST\REAL\0009 (9).jpg,REAL,resize_8_roundtrip,4.6115692384773865e-06,0.0010570790618658066,0.0010524674926273292,0,0,0,0.9999953884307615,0.9989429209381342,-0.0010524674926273292
TEMP_TEST\REAL\0009 (9).jpg,REAL,gaussian_blur,4.6115692384773865e-06,0.00014937378000468016,0.00014476221076620277,0,0,0,0.9999953884307615,0.9998506262199953,-0.00014476221076620277
TEMP_TEST\REAL\0009 (9).jpg,REAL,contrast_low,4.6115692384773865e-06,3.335058136144653e-05,2.8739012122969143e-05,0,0,0,0.9999953884307615,0.9999666494186386,-2.8739012122969143e-05
TEMP_TEST\REAL\0009 (9).jpg,REAL,contrast_high,4.6115692384773865e-06,3.4714646517386427e-06,-1.1401045867387438e-06,0,0,0,0.9999953884307615,0.9999965285353483,1.1401045867387438e-06
TEMP_TEST\REAL\0009 (9).jpg,REAL,brightness_low,4.6115692384773865e-06,0.001370177953504026,0.0013655663842655485,0,0,0,0.9999953884307615,0.998629822046496,-0.0013655663842655485
TEMP_TEST\REAL\0009 (9).jpg,REAL,brightness_high,4.6115692384773865e-06,5.003585101803765e-06,3.9201586332637817e-07,0,0,0,0.9999953884307615,0.9999949964148982,-3.9201586332637817e-07
TEMP_TEST\REAL\0009 (9).jpg,REAL,gaussian_noise,4.6115692384773865e-06,9.215345926349983e-06,4.603776687872596e-06,0,0,0,0.9999953884307615,0.9999907846540737,-4.603776687872596e-06
TEMP_TEST\REAL\0009.jpg,REAL,jpeg_70,0.00021028569608461112,0.0004833975399378687,0.0002731118438532576,0,0,0,0.9997897143039154,0.9995166024600621,-0.0002731118438532576
TEMP_TEST\REAL\0009.jpg,REAL,jpeg_50,0.00021028569608461112,0.00011810904834419489,-9.217664774041623e-05,0,0,0,0.9997897143039154,0.9998818909516558,9.217664774041623e-05
TEMP_TEST\REAL\0009.jpg,REAL,resize_16_roundtrip,0.00021028569608461112,0.0014887949218973517,0.0012785092258127406,0,0,0,0.9997897143039154,0.9985112050781026,-0.0012785092258127406
TEMP_TEST\REAL\0009.jpg,REAL,resize_8_roundtrip,0.00021028569608461112,0.0043903496116399765,0.004180063915555365,0,0,0,0.9997897143039154,0.99560965038836,-0.004180063915555365
TEMP_TEST\REAL\0009.jpg,REAL,gaussian_blur,0.00021028569608461112,0.00031352287624031305,0.00010323718015570194,0,0,0,0.9997897143039154,0.9996864771237597,-0.00010323718015570194
TEMP_TEST\REAL\0009.jpg,REAL,contrast_low,0.00021028569608461112,0.00022924668155610561,1.8960985471494496e-05,0,0,0,0.9997897143039154,0.9997707533184439,-1.8960985471494496e-05
TEMP_TEST\REAL\0009.jpg,REAL,contrast_high,0.00021028569608461112,0.0034497787710279226,0.0032394930749433115,0,0,0,0.9997897143039154,0.9965502212289721,-0.0032394930749433115
TEMP_TEST\REAL\0009.jpg,REAL,brightness_low,0.00021028569608461112,0.17913369834423065,0.17892341264814604,0,0,0,0.9997897143039154,0.8208663016557693,-0.17892341264814604
TEMP_TEST\REAL\0009.jpg,REAL,brightness_high,0.00021028569608461112,0.003434586338698864,0.003224300642614253,0,0,0,0.9997897143039154,0.9965654136613011,-0.003224300642614253
TEMP_TEST\REAL\0009.jpg,REAL,gaussian_noise,0.00021028569608461112,0.0005332227447070181,0.000322937048622407,0,0,0,0.9997897143039154,0.999466777255293,-0.000322937048622407
TEMP_TEST\FAKE\0 (10).jpg,AI-generated,jpeg_70,0.9999550580978394,0.999977707862854,2.2649765014648438e-05,1,1,0,0.9999550580978394,0.999977707862854,2.2649765014648438e-05
TEMP_TEST\FAKE\0 (10).jpg,AI-generated,jpeg_50,0.9999550580978394,0.999972939491272,1.7881393432617188e-05,1,1,0,0.9999550580978394,0.999972939491272,1.7881393432617188e-05
TEMP_TEST\FAKE\0 (10).jpg,AI-generated,resize_16_roundtrip,0.9999550580978394,0.5301014184951782,-0.46985363960266113,1,0,1,0.9999550580978394,0.4698985815048218,-0.5300564765930176
TEMP_TEST\FAKE\0 (10).jpg,AI-generated,resize_8_roundtrip,0.9999550580978394,0.27576279640197754,-0.7241922616958618,1,0,1,0.9999550580978394,0.7242372035980225,-0.2757178544998169
TEMP_TEST\FAKE\0 (10).jpg,AI-generated,gaussian_blur,0.9999550580978394,0.9436373710632324,-0.056317687034606934,1,1,0,0.9999550580978394,0.9436373710632324,-0.056317687034606934
TEMP_TEST\FAKE\0 (10).jpg,AI-generated,contrast_low,0.9999550580978394,0.9969911575317383,-0.0029639005661010742,1,1,0,0.9999550580978394,0.9969911575317383,-0.0029639005661010742
TEMP_TEST\FAKE\0 (10).jpg,AI-generated,contrast_high,0.9999550580978394,0.9999991655349731,4.410743713378906e-05,1,1,0,0.9999550580978394,0.9999991655349731,4.410743713378906e-05
TEMP_TEST\FAKE\0 (10).jpg,AI-generated,brightness_low,0.9999550580978394,0.9994895458221436,-0.0004655122756958008,1,1,0,0.9999550580978394,0.9994895458221436,-0.0004655122756958008
TEMP_TEST\FAKE\0 (10).jpg,AI-generated,brightness_high,0.9999550580978394,0.9999943971633911,3.933906555175781e-05,1,1,0,0.9999550580978394,0.9999943971633911,3.933906555175781e-05
TEMP_TEST\FAKE\0 (10).jpg,AI-generated,gaussian_noise,0.9999550580978394,0.9997120499610901,-0.00024300813674926758,1,1,0,0.9999550580978394,0.9997120499610901,-0.00024300813674926758
TEMP_TEST\FAKE\0 (2).jpg,AI-generated,jpeg_70,0.9950061440467834,0.9949287176132202,-7.742643356323242e-05,1,1,0,0.9950061440467834,0.9949287176132202,-7.742643356323242e-05
TEMP_TEST\FAKE\0 (2).jpg,AI-generated,jpeg_50,0.9950061440467834,0.9978233575820923,0.002817213535308838,1,1,0,0.9950061440467834,0.9978233575820923,0.002817213535308838
TEMP_TEST\FAKE\0 (2).jpg,AI-generated,resize_16_roundtrip,0.9950061440467834,0.9225952625274658,-0.07241088151931763,1,1,0,0.9950061440467834,0.9225952625274658,-0.07241088151931763
TEMP_TEST\FAKE\0 (2).jpg,AI-generated,resize_8_roundtrip,0.9950061440467834,0.5607986450195312,-0.4342074990272522,1,1,0,0.9950061440467834,0.5607986450195312,-0.4342074990272522
TEMP_TEST\FAKE\0 (2).jpg,AI-generated,gaussian_blur,0.9950061440467834,0.9776140451431274,-0.017392098903656006,1,1,0,0.9950061440467834,0.9776140451431274,-0.017392098903656006
TEMP_TEST\FAKE\0 (2).jpg,AI-generated,contrast_low,0.9950061440467834,0.9772865772247314,-0.017719566822052002,1,1,0,0.9950061440467834,0.9772865772247314,-0.017719566822052002
TEMP_TEST\FAKE\0 (2).jpg,AI-generated,contrast_high,0.9950061440467834,0.9991033673286438,0.0040972232818603516,1,1,0,0.9950061440467834,0.9991033673286438,0.0040972232818603516
TEMP_TEST\FAKE\0 (2).jpg,AI-generated,brightness_low,0.9950061440467834,0.9936323761940002,-0.0013737678527832031,1,1,0,0.9950061440467834,0.9936323761940002,-0.0013737678527832031
TEMP_TEST\FAKE\0 (2).jpg,AI-generated,brightness_high,0.9950061440467834,0.9920263886451721,-0.002979755401611328,1,1,0,0.9950061440467834,0.9920263886451721,-0.002979755401611328
TEMP_TEST\FAKE\0 (2).jpg,AI-generated,gaussian_noise,0.9950061440467834,0.990136981010437,-0.0048691630363464355,1,1,0,0.9950061440467834,0.990136981010437,-0.0048691630363464355
TEMP_TEST\FAKE\0 (3).jpg,AI-generated,jpeg_70,0.988311231136322,0.9877390265464783,-0.00057220458984375,1,1,0,0.988311231136322,0.9877390265464783,-0.00057220458984375
TEMP_TEST\FAKE\0 (3).jpg,AI-generated,jpeg_50,0.988311231136322,0.9960044026374817,0.007693171501159668,1,1,0,0.988311231136322,0.9960044026374817,0.007693171501159668
TEMP_TEST\FAKE\0 (3).jpg,AI-generated,resize_16_roundtrip,0.988311231136322,0.9250706434249878,-0.06324058771133423,1,1,0,0.988311231136322,0.9250706434249878,-0.06324058771133423
TEMP_TEST\FAKE\0 (3).jpg,AI-generated,resize_8_roundtrip,0.988311231136322,0.19964875280857086,-0.7886624783277512,1,0,1,0.988311231136322,0.8003512471914291,-0.18795998394489288
TEMP_TEST\FAKE\0 (3).jpg,AI-generated,gaussian_blur,0.988311231136322,0.9596899747848511,-0.028621256351470947,1,1,0,0.988311231136322,0.9596899747848511,-0.028621256351470947
TEMP_TEST\FAKE\0 (3).jpg,AI-generated,contrast_low,0.988311231136322,0.9761306643486023,-0.012180566787719727,1,1,0,0.988311231136322,0.9761306643486023,-0.012180566787719727
TEMP_TEST\FAKE\0 (3).jpg,AI-generated,contrast_high,0.988311231136322,0.9944678544998169,0.006156623363494873,1,1,0,0.988311231136322,0.9944678544998169,0.006156623363494873
TEMP_TEST\FAKE\0 (3).jpg,AI-generated,brightness_low,0.988311231136322,0.9959971904754639,0.007685959339141846,1,1,0,0.988311231136322,0.9959971904754639,0.007685959339141846
TEMP_TEST\FAKE\0 (3).jpg,AI-generated,brightness_high,0.988311231136322,0.9586012959480286,-0.029709935188293457,1,1,0,0.988311231136322,0.9586012959480286,-0.029709935188293457
TEMP_TEST\FAKE\0 (3).jpg,AI-generated,gaussian_noise,0.988311231136322,0.964521586894989,-0.023789644241333008,1,1,0,0.988311231136322,0.964521586894989,-0.023789644241333008
TEMP_TEST\FAKE\0 (4).jpg,AI-generated,jpeg_70,0.9999983310699463,0.9999984502792358,1.1920928955078125e-07,1,1,0,0.9999983310699463,0.9999984502792358,1.1920928955078125e-07
TEMP_TEST\FAKE\0 (4).jpg,AI-generated,jpeg_50,0.9999983310699463,0.9999915361404419,-6.794929504394531e-06,1,1,0,0.9999983310699463,0.9999915361404419,-6.794929504394531e-06
TEMP_TEST\FAKE\0 (4).jpg,AI-generated,resize_16_roundtrip,0.9999983310699463,0.9963165521621704,-0.003681778907775879,1,1,0,0.9999983310699463,0.9963165521621704,-0.003681778907775879
TEMP_TEST\FAKE\0 (4).jpg,AI-generated,resize_8_roundtrip,0.9999983310699463,0.9214239716529846,-0.07857435941696167,1,1,0,0.9999983310699463,0.9214239716529846,-0.07857435941696167
TEMP_TEST\FAKE\0 (4).jpg,AI-generated,gaussian_blur,0.9999983310699463,0.9997637867927551,-0.0002345442771911621,1,1,0,0.9999983310699463,0.9997637867927551,-0.0002345442771911621
TEMP_TEST\FAKE\0 (4).jpg,AI-generated,contrast_low,0.9999983310699463,0.9999511241912842,-4.7206878662109375e-05,1,1,0,0.9999983310699463,0.9999511241912842,-4.7206878662109375e-05
TEMP_TEST\FAKE\0 (4).jpg,AI-generated,contrast_high,0.9999983310699463,0.9999997615814209,1.430511474609375e-06,1,1,0,0.9999983310699463,0.9999997615814209,1.430511474609375e-06
TEMP_TEST\FAKE\0 (4).jpg,AI-generated,brightness_low,0.9999983310699463,0.9999884366989136,-9.894371032714844e-06,1,1,0,0.9999983310699463,0.9999884366989136,-9.894371032714844e-06
TEMP_TEST\FAKE\0 (4).jpg,AI-generated,brightness_high,0.9999983310699463,0.9999959468841553,-2.384185791015625e-06,1,1,0,0.9999983310699463,0.9999959468841553,-2.384185791015625e-06
TEMP_TEST\FAKE\0 (4).jpg,AI-generated,gaussian_noise,0.9999983310699463,0.9997920393943787,-0.00020629167556762695,1,1,0,0.9999983310699463,0.9997920393943787,-0.00020629167556762695
TEMP_TEST\FAKE\0 (5).jpg,AI-generated,jpeg_70,0.9989755153656006,0.9994720816612244,0.0004965662956237793,1,1,0,0.9989755153656006,0.9994720816612244,0.0004965662956237793
TEMP_TEST\FAKE\0 (5).jpg,AI-generated,jpeg_50,0.9989755153656006,0.9664238095283508,-0.032551705837249756,1,1,0,0.9989755153656006,0.9664238095283508,-0.032551705837249756
TEMP_TEST\FAKE\0 (5).jpg,AI-generated,resize_16_roundtrip,0.9989755153656006,0.5697041749954224,-0.4292713403701782,1,1,0,0.9989755153656006,0.5697041749954224,-0.4292713403701782
TEMP_TEST\FAKE\0 (5).jpg,AI-generated,resize_8_roundtrip,0.9989755153656006,0.4459107220172882,-0.5530647933483124,1,0,1,0.9989755153656006,0.5540892779827118,-0.4448862373828888
TEMP_TEST\FAKE\0 (5).jpg,AI-generated,gaussian_blur,0.9989755153656006,0.8406274914741516,-0.15834802389144897,1,1,0,0.9989755153656006,0.8406274914741516,-0.15834802389144897
TEMP_TEST\FAKE\0 (5).jpg,AI-generated,contrast_low,0.9989755153656006,0.9650095701217651,-0.03396594524383545,1,1,0,0.9989755153656006,0.9650095701217651,-0.03396594524383545
TEMP_TEST\FAKE\0 (5).jpg,AI-generated,contrast_high,0.9989755153656006,0.9999796152114868,0.0010040998458862305,1,1,0,0.9989755153656006,0.9999796152114868,0.0010040998458862305
TEMP_TEST\FAKE\0 (5).jpg,AI-generated,brightness_low,0.9989755153656006,0.9931423664093018,-0.005833148956298828,1,1,0,0.9989755153656006,0.9931423664093018,-0.005833148956298828
TEMP_TEST\FAKE\0 (5).jpg,AI-generated,brightness_high,0.9989755153656006,0.9997578263282776,0.000782310962677002,1,1,0,0.9989755153656006,0.9997578263282776,0.000782310962677002
TEMP_TEST\FAKE\0 (5).jpg,AI-generated,gaussian_noise,0.9989755153656006,0.9963998794555664,-0.0025756359100341797,1,1,0,0.9989755153656006,0.9963998794555664,-0.0025756359100341797
TEMP_TEST\FAKE\0 (6).jpg,AI-generated,jpeg_70,0.9990563988685608,0.9990247488021851,-3.165006637573242e-05,1,1,0,0.9990563988685608,0.9990247488021851,-3.165006637573242e-05
TEMP_TEST\FAKE\0 (6).jpg,AI-generated,jpeg_50,0.9990563988685608,0.9938300251960754,-0.0052263736724853516,1,1,0,0.9990563988685608,0.9938300251960754,-0.0052263736724853516
TEMP_TEST\FAKE\0 (6).jpg,AI-generated,resize_16_roundtrip,0.9990563988685608,0.9883480668067932,-0.010708332061767578,1,1,0,0.9990563988685608,0.9883480668067932,-0.010708332061767578
TEMP_TEST\FAKE\0 (6).jpg,AI-generated,resize_8_roundtrip,0.9990563988685608,0.4119477868080139,-0.5871086120605469,1,0,1,0.9990563988685608,0.5880522131919861,-0.4110041856765747
TEMP_TEST\FAKE\0 (6).jpg,AI-generated,gaussian_blur,0.9990563988685608,0.9948962330818176,-0.004160165786743164,1,1,0,0.9990563988685608,0.9948962330818176,-0.004160165786743164
TEMP_TEST\FAKE\0 (6).jpg,AI-generated,contrast_low,0.9990563988685608,0.9911165237426758,-0.00793987512588501,1,1,0,0.9990563988685608,0.9911165237426758,-0.00793987512588501
TEMP_TEST\FAKE\0 (6).jpg,AI-generated,contrast_high,0.9990563988685608,0.9994090795516968,0.00035268068313598633,1,1,0,0.9990563988685608,0.9994090795516968,0.00035268068313598633
TEMP_TEST\FAKE\0 (6).jpg,AI-generated,brightness_low,0.9990563988685608,0.9985394477844238,-0.0005169510841369629,1,1,0,0.9990563988685608,0.9985394477844238,-0.0005169510841369629
TEMP_TEST\FAKE\0 (6).jpg,AI-generated,brightness_high,0.9990563988685608,0.9993013143539429,0.0002449154853820801,1,1,0,0.9990563988685608,0.9993013143539429,0.0002449154853820801
TEMP_TEST\FAKE\0 (6).jpg,AI-generated,gaussian_noise,0.9990563988685608,0.9955459833145142,-0.003510415554046631,1,1,0,0.9990563988685608,0.9955459833145142,-0.003510415554046631
TEMP_TEST\FAKE\0 (7).jpg,AI-generated,jpeg_70,0.9998700618743896,0.9999493360519409,7.927417755126953e-05,1,1,0,0.9998700618743896,0.9999493360519409,7.927417755126953e-05
TEMP_TEST\FAKE\0 (7).jpg,AI-generated,jpeg_50,0.9998700618743896,0.999541163444519,-0.00032889842987060547,1,1,0,0.9998700618743896,0.999541163444519,-0.00032889842987060547
TEMP_TEST\FAKE\0 (7).jpg,AI-generated,resize_16_roundtrip,0.9998700618743896,0.732272744178772,-0.2675973176956177,1,1,0,0.9998700618743896,0.732272744178772,-0.2675973176956177
TEMP_TEST\FAKE\0 (7).jpg,AI-generated,resize_8_roundtrip,0.9998700618743896,0.6516050100326538,-0.34826505184173584,1,1,0,0.9998700618743896,0.6516050100326538,-0.34826505184173584
TEMP_TEST\FAKE\0 (7).jpg,AI-generated,gaussian_blur,0.9998700618743896,0.962291419506073,-0.03757864236831665,1,1,0,0.9998700618743896,0.962291419506073,-0.03757864236831665
TEMP_TEST\FAKE\0 (7).jpg,AI-generated,contrast_low,0.9998700618743896,0.9964231848716736,-0.0034468770027160645,1,1,0,0.9998700618743896,0.9964231848716736,-0.0034468770027160645
TEMP_TEST\FAKE\0 (7).jpg,AI-generated,contrast_high,0.9998700618743896,0.9999856948852539,0.00011563301086425781,1,1,0,0.9998700618743896,0.9999856948852539,0.00011563301086425781
TEMP_TEST\FAKE\0 (7).jpg,AI-generated,brightness_low,0.9998700618743896,0.9983293414115906,-0.0015407204627990723,1,1,0,0.9998700618743896,0.9983293414115906,-0.0015407204627990723
TEMP_TEST\FAKE\0 (7).jpg,AI-generated,brightness_high,0.9998700618743896,0.9999806880950928,0.000110626220703125,1,1,0,0.9998700618743896,0.9999806880950928,0.000110626220703125
TEMP_TEST\FAKE\0 (7).jpg,AI-generated,gaussian_noise,0.9998700618743896,0.999553382396698,-0.0003166794776916504,1,1,0,0.9998700618743896,0.999553382396698,-0.0003166794776916504
TEMP_TEST\FAKE\0 (8).jpg,AI-generated,jpeg_70,0.9999983310699463,0.9999996423721313,1.3113021850585938e-06,1,1,0,0.9999983310699463,0.9999996423721313,1.3113021850585938e-06
TEMP_TEST\FAKE\0 (8).jpg,AI-generated,jpeg_50,0.9999983310699463,0.9999996423721313,1.3113021850585938e-06,1,1,0,0.9999983310699463,0.9999996423721313,1.3113021850585938e-06
TEMP_TEST\FAKE\0 (8).jpg,AI-generated,resize_16_roundtrip,0.9999983310699463,0.9970408082008362,-0.0029575228691101074,1,1,0,0.9999983310699463,0.9970408082008362,-0.0029575228691101074
TEMP_TEST\FAKE\0 (8).jpg,AI-generated,resize_8_roundtrip,0.9999983310699463,0.907427191734314,-0.09257113933563232,1,1,0,0.9999983310699463,0.907427191734314,-0.09257113933563232
TEMP_TEST\FAKE\0 (8).jpg,AI-generated,gaussian_blur,0.9999983310699463,0.9948666095733643,-0.005131721496582031,1,1,0,0.9999983310699463,0.9948666095733643,-0.005131721496582031
TEMP_TEST\FAKE\0 (8).jpg,AI-generated,contrast_low,0.9999983310699463,0.9999884366989136,-9.894371032714844e-06,1,1,0,0.9999983310699463,0.9999884366989136,-9.894371032714844e-06
TEMP_TEST\FAKE\0 (8).jpg,AI-generated,contrast_high,0.9999983310699463,0.9999997615814209,1.430511474609375e-06,1,1,0,0.9999983310699463,0.9999997615814209,1.430511474609375e-06
TEMP_TEST\FAKE\0 (8).jpg,AI-generated,brightness_low,0.9999983310699463,0.9999613761901855,-3.695487976074219e-05,1,1,0,0.9999983310699463,0.9999613761901855,-3.695487976074219e-05
TEMP_TEST\FAKE\0 (8).jpg,AI-generated,brightness_high,0.9999983310699463,0.9999998807907104,1.5497207641601562e-06,1,1,0,0.9999983310699463,0.9999998807907104,1.5497207641601562e-06
TEMP_TEST\FAKE\0 (8).jpg,AI-generated,gaussian_noise,0.9999983310699463,0.9999779462814331,-2.0384788513183594e-05,1,1,0,0.9999983310699463,0.9999779462814331,-2.0384788513183594e-05
TEMP_TEST\FAKE\0 (9).jpg,AI-generated,jpeg_70,0.9981233477592468,0.9984933137893677,0.0003699660301208496,1,1,0,0.9981233477592468,0.9984933137893677,0.0003699660301208496
TEMP_TEST\FAKE\0 (9).jpg,AI-generated,jpeg_50,0.9981233477592468,0.9972203969955444,-0.0009029507637023926,1,1,0,0.9981233477592468,0.9972203969955444,-0.0009029507637023926
TEMP_TEST\FAKE\0 (9).jpg,AI-generated,resize_16_roundtrip,0.9981233477592468,0.5953502058982849,-0.4027731418609619,1,1,0,0.9981233477592468,0.5953502058982849,-0.4027731418609619
TEMP_TEST\FAKE\0 (9).jpg,AI-generated,resize_8_roundtrip,0.9981233477592468,0.32208818197250366,-0.6760351657867432,1,0,1,0.9981233477592468,0.6779118180274963,-0.3202115297317505
TEMP_TEST\FAKE\0 (9).jpg,AI-generated,gaussian_blur,0.9981233477592468,0.9250690937042236,-0.0730542540550232,1,1,0,0.9981233477592468,0.9250690937042236,-0.0730542540550232
TEMP_TEST\FAKE\0 (9).jpg,AI-generated,contrast_low,0.9981233477592468,0.9229570627212524,-0.07516628503799438,1,1,0,0.9981233477592468,0.9229570627212524,-0.07516628503799438
TEMP_TEST\FAKE\0 (9).jpg,AI-generated,contrast_high,0.9981233477592468,0.999876856803894,0.0017535090446472168,1,1,0,0.9981233477592468,0.999876856803894,0.0017535090446472168
TEMP_TEST\FAKE\0 (9).jpg,AI-generated,brightness_low,0.9981233477592468,0.9926068782806396,-0.005516469478607178,1,1,0,0.9981233477592468,0.9926068782806396,-0.005516469478607178
TEMP_TEST\FAKE\0 (9).jpg,AI-generated,brightness_high,0.9981233477592468,0.9989805817604065,0.000857234001159668,1,1,0,0.9981233477592468,0.9989805817604065,0.000857234001159668
TEMP_TEST\FAKE\0 (9).jpg,AI-generated,gaussian_noise,0.9981233477592468,0.9875407814979553,-0.010582566261291504,1,1,0,0.9981233477592468,0.9875407814979553,-0.010582566261291504
TEMP_TEST\FAKE\0.jpg,AI-generated,jpeg_70,0.9983785152435303,0.9991371035575867,0.0007585883140563965,1,1,0,0.9983785152435303,0.9991371035575867,0.0007585883140563965
TEMP_TEST\FAKE\0.jpg,AI-generated,jpeg_50,0.9983785152435303,0.9986989498138428,0.0003204345703125,1,1,0,0.9983785152435303,0.9986989498138428,0.0003204345703125
TEMP_TEST\FAKE\0.jpg,AI-generated,resize_16_roundtrip,0.9983785152435303,0.8098086714744568,-0.1885698437690735,1,1,0,0.9983785152435303,0.8098086714744568,-0.1885698437690735
TEMP_TEST\FAKE\0.jpg,AI-generated,resize_8_roundtrip,0.9983785152435303,0.10753656178712845,-0.8908419534564018,1,0,1,0.9983785152435303,0.8924634382128716,-0.10591507703065872
TEMP_TEST\FAKE\0.jpg,AI-generated,gaussian_blur,0.9983785152435303,0.960917055606842,-0.03746145963668823,1,1,0,0.9983785152435303,0.960917055606842,-0.03746145963668823
TEMP_TEST\FAKE\0.jpg,AI-generated,contrast_low,0.9983785152435303,0.9401242136955261,-0.05825430154800415,1,1,0,0.9983785152435303,0.9401242136955261,-0.05825430154800415
TEMP_TEST\FAKE\0.jpg,AI-generated,contrast_high,0.9983785152435303,0.999961256980896,0.0015827417373657227,1,1,0,0.9983785152435303,0.999961256980896,0.0015827417373657227
TEMP_TEST\FAKE\0.jpg,AI-generated,brightness_low,0.9983785152435303,0.9974818825721741,-0.0008966326713562012,1,1,0,0.9983785152435303,0.9974818825721741,-0.0008966326713562012
TEMP_TEST\FAKE\0.jpg,AI-generated,brightness_high,0.9983785152435303,0.9906342029571533,-0.007744312286376953,1,1,0,0.9983785152435303,0.9906342029571533,-0.007744312286376953
TEMP_TEST\FAKE\0.jpg,AI-generated,gaussian_noise,0.9983785152435303,0.9972710013389587,-0.0011075139045715332,1,1,0,0.9983785152435303,0.9972710013389587,-0.0011075139045715332
TEMP_TEST\FAKE\1 (10).jpg,AI-generated,jpeg_70,0.993863582611084,0.9975685477256775,0.003704965114593506,1,1,0,0.993863582611084,0.9975685477256775,0.003704965114593506
TEMP_TEST\FAKE\1 (10).jpg,AI-generated,jpeg_50,0.993863582611084,0.9815894961357117,-0.012274086475372314,1,1,0,0.993863582611084,0.9815894961357117,-0.012274086475372314
TEMP_TEST\FAKE\1 (10).jpg,AI-generated,resize_16_roundtrip,0.993863582611084,0.6748428344726562,-0.31902074813842773,1,1,0,0.993863582611084,0.6748428344726562,-0.31902074813842773
TEMP_TEST\FAKE\1 (10).jpg,AI-generated,resize_8_roundtrip,0.993863582611084,0.4049142897129059,-0.5889492928981781,1,0,1,0.993863582611084,0.5950857102870941,-0.39877787232398987
TEMP_TEST\FAKE\1 (10).jpg,AI-generated,gaussian_blur,0.993863582611084,0.9364306926727295,-0.05743288993835449,1,1,0,0.993863582611084,0.9364306926727295,-0.05743288993835449
TEMP_TEST\FAKE\1 (10).jpg,AI-generated,contrast_low,0.993863582611084,0.9037618637084961,-0.09010171890258789,1,1,0,0.993863582611084,0.9037618637084961,-0.09010171890258789
TEMP_TEST\FAKE\1 (10).jpg,AI-generated,contrast_high,0.993863582611084,0.9972568154335022,0.003393232822418213,1,1,0,0.993863582611084,0.9972568154335022,0.003393232822418213
TEMP_TEST\FAKE\1 (10).jpg,AI-generated,brightness_low,0.993863582611084,0.9930351972579956,-0.0008283853530883789,1,1,0,0.993863582611084,0.9930351972579956,-0.0008283853530883789
TEMP_TEST\FAKE\1 (10).jpg,AI-generated,brightness_high,0.993863582611084,0.993782103061676,-8.147954940795898e-05,1,1,0,0.993863582611084,0.993782103061676,-8.147954940795898e-05
TEMP_TEST\FAKE\1 (10).jpg,AI-generated,gaussian_noise,0.993863582611084,0.9775567650794983,-0.016306817531585693,1,1,0,0.993863582611084,0.9775567650794983,-0.016306817531585693
TEMP_TEST\FAKE\1 (2).jpg,AI-generated,jpeg_70,0.9991010427474976,0.9997705817222595,0.0006695389747619629,1,1,0,0.9991010427474976,0.9997705817222595,0.0006695389747619629
TEMP_TEST\FAKE\1 (2).jpg,AI-generated,jpeg_50,0.9991010427474976,0.9993938207626343,0.00029277801513671875,1,1,0,0.9991010427474976,0.9993938207626343,0.00029277801513671875
TEMP_TEST\FAKE\1 (2).jpg,AI-generated,resize_16_roundtrip,0.9991010427474976,0.9491155743598938,-0.04998546838760376,1,1,0,0.9991010427474976,0.9491155743598938,-0.04998546838760376
TEMP_TEST\FAKE\1 (2).jpg,AI-generated,resize_8_roundtrip,0.9991010427474976,0.9847577810287476,-0.01434326171875,1,1,0,0.9991010427474976,0.9847577810287476,-0.01434326171875
TEMP_TEST\FAKE\1 (2).jpg,AI-generated,gaussian_blur,0.9991010427474976,0.9810422658920288,-0.01805877685546875,1,1,0,0.9991010427474976,0.9810422658920288,-0.01805877685546875
TEMP_TEST\FAKE\1 (2).jpg,AI-generated,contrast_low,0.9991010427474976,0.9909765720367432,-0.008124470710754395,1,1,0,0.9991010427474976,0.9909765720367432,-0.008124470710754395
TEMP_TEST\FAKE\1 (2).jpg,AI-generated,contrast_high,0.9991010427474976,0.9962829947471619,-0.0028180480003356934,1,1,0,0.9991010427474976,0.9962829947471619,-0.0028180480003356934
TEMP_TEST\FAKE\1 (2).jpg,AI-generated,brightness_low,0.9991010427474976,0.9990153312683105,-8.571147918701172e-05,1,1,0,0.9991010427474976,0.9990153312683105,-8.571147918701172e-05
TEMP_TEST\FAKE\1 (2).jpg,AI-generated,brightness_high,0.9991010427474976,0.9959495067596436,-0.003151535987854004,1,1,0,0.9991010427474976,0.9959495067596436,-0.003151535987854004
TEMP_TEST\FAKE\1 (2).jpg,AI-generated,gaussian_noise,0.9991010427474976,0.9903900623321533,-0.008710980415344238,1,1,0,0.9991010427474976,0.9903900623321533,-0.008710980415344238
TEMP_TEST\FAKE\1 (3).jpg,AI-generated,jpeg_70,0.9989232420921326,0.9994719624519348,0.0005487203598022461,1,1,0,0.9989232420921326,0.9994719624519348,0.0005487203598022461
TEMP_TEST\FAKE\1 (3).jpg,AI-generated,jpeg_50,0.9989232420921326,0.9998327493667603,0.0009095072746276855,1,1,0,0.9989232420921326,0.9998327493667603,0.0009095072746276855
TEMP_TEST\FAKE\1 (3).jpg,AI-generated,resize_16_roundtrip,0.9989232420921326,0.7132745981216431,-0.2856486439704895,1,1,0,0.9989232420921326,0.7132745981216431,-0.2856486439704895
TEMP_TEST\FAKE\1 (3).jpg,AI-generated,resize_8_roundtrip,0.9989232420921326,0.23980712890625,-0.7591161131858826,1,0,1,0.9989232420921326,0.76019287109375,-0.23873037099838257
TEMP_TEST\FAKE\1 (3).jpg,AI-generated,gaussian_blur,0.9989232420921326,0.9772254824638367,-0.0216977596282959,1,1,0,0.9989232420921326,0.9772254824638367,-0.0216977596282959
TEMP_TEST\FAKE\1 (3).jpg,AI-generated,contrast_low,0.9989232420921326,0.9915618300437927,-0.007361412048339844,1,1,0,0.9989232420921326,0.9915618300437927,-0.007361412048339844
TEMP_TEST\FAKE\1 (3).jpg,AI-generated,contrast_high,0.9989232420921326,0.999825656414032,0.0009024143218994141,1,1,0,0.9989232420921326,0.999825656414032,0.0009024143218994141
TEMP_TEST\FAKE\1 (3).jpg,AI-generated,brightness_low,0.9989232420921326,0.9989635944366455,4.035234451293945e-05,1,1,0,0.9989232420921326,0.9989635944366455,4.035234451293945e-05
TEMP_TEST\FAKE\1 (3).jpg,AI-generated,brightness_high,0.9989232420921326,0.9892876148223877,-0.009635627269744873,1,1,0,0.9989232420921326,0.9892876148223877,-0.009635627269744873
TEMP_TEST\FAKE\1 (3).jpg,AI-generated,gaussian_noise,0.9989232420921326,0.9112048149108887,-0.0877184271812439,1,1,0,0.9989232420921326,0.9112048149108887,-0.0877184271812439
TEMP_TEST\FAKE\1 (4).jpg,AI-generated,jpeg_70,0.9999607801437378,0.9999749660491943,1.4185905456542969e-05,1,1,0,0.9999607801437378,0.9999749660491943,1.4185905456542969e-05
TEMP_TEST\FAKE\1 (4).jpg,AI-generated,jpeg_50,0.9999607801437378,0.9999462366104126,-1.4543533325195312e-05,1,1,0,0.9999607801437378,0.9999462366104126,-1.4543533325195312e-05
TEMP_TEST\FAKE\1 (4).jpg,AI-generated,resize_16_roundtrip,0.9999607801437378,0.2660749852657318,-0.733885794878006,1,0,1,0.9999607801437378,0.7339250147342682,-0.2660357654094696
TEMP_TEST\FAKE\1 (4).jpg,AI-generated,resize_8_roundtrip,0.9999607801437378,0.5644515156745911,-0.43550926446914673,1,1,0,0.9999607801437378,0.5644515156745911,-0.43550926446914673
TEMP_TEST\FAKE\1 (4).jpg,AI-generated,gaussian_blur,0.9999607801437378,0.8935514092445374,-0.10640937089920044,1,1,0,0.9999607801437378,0.8935514092445374,-0.10640937089920044
TEMP_TEST\FAKE\1 (4).jpg,AI-generated,contrast_low,0.9999607801437378,0.9979720711708069,-0.001988708972930908,1,1,0,0.9999607801437378,0.9979720711708069,-0.001988708972930908
TEMP_TEST\FAKE\1 (4).jpg,AI-generated,contrast_high,0.9999607801437378,0.9999984502792358,3.7670135498046875e-05,1,1,0,0.9999607801437378,0.9999984502792358,3.7670135498046875e-05
TEMP_TEST\FAKE\1 (4).jpg,AI-generated,brightness_low,0.9999607801437378,0.9998132586479187,-0.0001475214958190918,1,1,0,0.9999607801437378,0.9998132586479187,-0.0001475214958190918
TEMP_TEST\FAKE\1 (4).jpg,AI-generated,brightness_high,0.9999607801437378,0.999987006187439,2.6226043701171875e-05,1,1,0,0.9999607801437378,0.999987006187439,2.6226043701171875e-05
TEMP_TEST\FAKE\1 (4).jpg,AI-generated,gaussian_noise,0.9999607801437378,0.999790370464325,-0.0001704096794128418,1,1,0,0.9999607801437378,0.999790370464325,-0.0001704096794128418
TEMP_TEST\FAKE\1 (5).jpg,AI-generated,jpeg_70,0.9989487528800964,0.9993908405303955,0.00044208765029907227,1,1,0,0.9989487528800964,0.9993908405303955,0.00044208765029907227
TEMP_TEST\FAKE\1 (5).jpg,AI-generated,jpeg_50,0.9989487528800964,0.9994226694107056,0.00047391653060913086,1,1,0,0.9989487528800964,0.9994226694107056,0.00047391653060913086
TEMP_TEST\FAKE\1 (5).jpg,AI-generated,resize_16_roundtrip,0.9989487528800964,0.5502007007598877,-0.44874805212020874,1,0,1,0.9989487528800964,0.4497992992401123,-0.5491494536399841
TEMP_TEST\FAKE\1 (5).jpg,AI-generated,resize_8_roundtrip,0.9989487528800964,0.6454706788063049,-0.3534780740737915,1,1,0,0.9989487528800964,0.6454706788063049,-0.3534780740737915
TEMP_TEST\FAKE\1 (5).jpg,AI-generated,gaussian_blur,0.9989487528800964,0.9228532910346985,-0.07609546184539795,1,1,0,0.9989487528800964,0.9228532910346985,-0.07609546184539795
TEMP_TEST\FAKE\1 (5).jpg,AI-generated,contrast_low,0.9989487528800964,0.9575081467628479,-0.041440606117248535,1,1,0,0.9989487528800964,0.9575081467628479,-0.041440606117248535
TEMP_TEST\FAKE\1 (5).jpg,AI-generated,contrast_high,0.9989487528800964,0.9999918937683105,0.0010431408882141113,1,1,0,0.9989487528800964,0.9999918937683105,0.0010431408882141113
TEMP_TEST\FAKE\1 (5).jpg,AI-generated,brightness_low,0.9989487528800964,0.9958637952804565,-0.0030849575996398926,1,1,0,0.9989487528800964,0.9958637952804565,-0.0030849575996398926
TEMP_TEST\FAKE\1 (5).jpg,AI-generated,brightness_high,0.9989487528800964,0.999768078327179,0.0008193254470825195,1,1,0,0.9989487528800964,0.999768078327179,0.0008193254470825195
TEMP_TEST\FAKE\1 (5).jpg,AI-generated,gaussian_noise,0.9989487528800964,0.9860636591911316,-0.012885093688964844,1,1,0,0.9989487528800964,0.9860636591911316,-0.012885093688964844
TEMP_TEST\FAKE\1 (6).jpg,AI-generated,jpeg_70,0.9989452958106995,0.9988328814506531,-0.00011241436004638672,1,1,0,0.9989452958106995,0.9988328814506531,-0.00011241436004638672
TEMP_TEST\FAKE\1 (6).jpg,AI-generated,jpeg_50,0.9989452958106995,0.9997269511222839,0.0007816553115844727,1,1,0,0.9989452958106995,0.9997269511222839,0.0007816553115844727
TEMP_TEST\FAKE\1 (6).jpg,AI-generated,resize_16_roundtrip,0.9989452958106995,0.8599132895469666,-0.1390320062637329,1,1,0,0.9989452958106995,0.8599132895469666,-0.1390320062637329
TEMP_TEST\FAKE\1 (6).jpg,AI-generated,resize_8_roundtrip,0.9989452958106995,0.7087008357048035,-0.290244460105896,1,1,0,0.9989452958106995,0.7087008357048035,-0.290244460105896
TEMP_TEST\FAKE\1 (6).jpg,AI-generated,gaussian_blur,0.9989452958106995,0.9702267646789551,-0.028718531131744385,1,1,0,0.9989452958106995,0.9702267646789551,-0.028718531131744385
TEMP_TEST\FAKE\1 (6).jpg,AI-generated,contrast_low,0.9989452958106995,0.9941984415054321,-0.004746854305267334,1,1,0,0.9989452958106995,0.9941984415054321,-0.004746854305267334
TEMP_TEST\FAKE\1 (6).jpg,AI-generated,contrast_high,0.9989452958106995,0.9998685121536255,0.0009232163429260254,1,1,0,0.9989452958106995,0.9998685121536255,0.0009232163429260254
TEMP_TEST\FAKE\1 (6).jpg,AI-generated,brightness_low,0.9989452958106995,0.9960359930992126,-0.0029093027114868164,1,1,0,0.9989452958106995,0.9960359930992126,-0.0029093027114868164
TEMP_TEST\FAKE\1 (6).jpg,AI-generated,brightness_high,0.9989452958106995,0.9996644258499146,0.0007191300392150879,1,1,0,0.9989452958106995,0.9996644258499146,0.0007191300392150879
TEMP_TEST\FAKE\1 (6).jpg,AI-generated,gaussian_noise,0.9989452958106995,0.992727518081665,-0.006217777729034424,1,1,0,0.9989452958106995,0.992727518081665,-0.006217777729034424
TEMP_TEST\FAKE\1 (7).jpg,AI-generated,jpeg_70,0.9999799728393555,0.9999786615371704,-1.3113021850585938e-06,1,1,0,0.9999799728393555,0.9999786615371704,-1.3113021850585938e-06
TEMP_TEST\FAKE\1 (7).jpg,AI-generated,jpeg_50,0.9999799728393555,0.9998613595962524,-0.00011861324310302734,1,1,0,0.9999799728393555,0.9998613595962524,-0.00011861324310302734
TEMP_TEST\FAKE\1 (7).jpg,AI-generated,resize_16_roundtrip,0.9999799728393555,0.9931584000587463,-0.006821572780609131,1,1,0,0.9999799728393555,0.9931584000587463,-0.006821572780609131
TEMP_TEST\FAKE\1 (7).jpg,AI-generated,resize_8_roundtrip,0.9999799728393555,0.9430489540100098,-0.0569310188293457,1,1,0,0.9999799728393555,0.9430489540100098,-0.0569310188293457
TEMP_TEST\FAKE\1 (7).jpg,AI-generated,gaussian_blur,0.9999799728393555,0.9992647767066956,-0.0007151961326599121,1,1,0,0.9999799728393555,0.9992647767066956,-0.0007151961326599121
TEMP_TEST\FAKE\1 (7).jpg,AI-generated,contrast_low,0.9999799728393555,0.9934044480323792,-0.006575524806976318,1,1,0,0.9999799728393555,0.9934044480323792,-0.006575524806976318
TEMP_TEST\FAKE\1 (7).jpg,AI-generated,contrast_high,0.9999799728393555,0.9999979734420776,1.800060272216797e-05,1,1,0,0.9999799728393555,0.9999979734420776,1.800060272216797e-05
TEMP_TEST\FAKE\1 (7).jpg,AI-generated,brightness_low,0.9999799728393555,0.9998840093612671,-9.59634780883789e-05,1,1,0,0.9999799728393555,0.9998840093612671,-9.59634780883789e-05
TEMP_TEST\FAKE\1 (7).jpg,AI-generated,brightness_high,0.9999799728393555,0.9999889135360718,8.940696716308594e-06,1,1,0,0.9999799728393555,0.9999889135360718,8.940696716308594e-06
TEMP_TEST\FAKE\1 (7).jpg,AI-generated,gaussian_noise,0.9999799728393555,0.9999624490737915,-1.7523765563964844e-05,1,1,0,0.9999799728393555,0.9999624490737915,-1.7523765563964844e-05
TEMP_TEST\FAKE\1 (8).jpg,AI-generated,jpeg_70,0.9915547966957092,0.987236499786377,-0.004318296909332275,1,1,0,0.9915547966957092,0.987236499786377,-0.004318296909332275
TEMP_TEST\FAKE\1 (8).jpg,AI-generated,jpeg_50,0.9915547966957092,0.9669094085693359,-0.02464538812637329,1,1,0,0.9915547966957092,0.9669094085693359,-0.02464538812637329
TEMP_TEST\FAKE\1 (8).jpg,AI-generated,resize_16_roundtrip,0.9915547966957092,0.7981799840927124,-0.19337481260299683,1,1,0,0.9915547966957092,0.7981799840927124,-0.19337481260299683
TEMP_TEST\FAKE\1 (8).jpg,AI-generated,resize_8_roundtrip,0.9915547966957092,0.699262261390686,-0.2922925353050232,1,1,0,0.9915547966957092,0.699262261390686,-0.2922925353050232
TEMP_TEST\FAKE\1 (8).jpg,AI-generated,gaussian_blur,0.9915547966957092,0.8935452103614807,-0.09800958633422852,1,1,0,0.9915547966957092,0.8935452103614807,-0.09800958633422852
TEMP_TEST\FAKE\1 (8).jpg,AI-generated,contrast_low,0.9915547966957092,0.5710894465446472,-0.420465350151062,1,1,0,0.9915547966957092,0.5710894465446472,-0.420465350151062
TEMP_TEST\FAKE\1 (8).jpg,AI-generated,contrast_high,0.9915547966957092,0.9982746839523315,0.0067198872566223145,1,1,0,0.9915547966957092,0.9982746839523315,0.0067198872566223145
TEMP_TEST\FAKE\1 (8).jpg,AI-generated,brightness_low,0.9915547966957092,0.9593159556388855,-0.03223884105682373,1,1,0,0.9915547966957092,0.9593159556388855,-0.03223884105682373
TEMP_TEST\FAKE\1 (8).jpg,AI-generated,brightness_high,0.9915547966957092,0.9956796765327454,0.004124879837036133,1,1,0,0.9915547966957092,0.9956796765327454,0.004124879837036133
TEMP_TEST\FAKE\1 (8).jpg,AI-generated,gaussian_noise,0.9915547966957092,0.9781436920166016,-0.013411104679107666,1,1,0,0.9915547966957092,0.9781436920166016,-0.013411104679107666
TEMP_TEST\FAKE\1 (9).jpg,AI-generated,jpeg_70,0.996723473072052,0.9963500499725342,-0.00037342309951782227,1,1,0,0.996723473072052,0.9963500499725342,-0.00037342309951782227
TEMP_TEST\FAKE\1 (9).jpg,AI-generated,jpeg_50,0.996723473072052,0.9655660390853882,-0.03115743398666382,1,1,0,0.996723473072052,0.9655660390853882,-0.03115743398666382
TEMP_TEST\FAKE\1 (9).jpg,AI-generated,resize_16_roundtrip,0.996723473072052,0.9286110401153564,-0.06811243295669556,1,1,0,0.996723473072052,0.9286110401153564,-0.06811243295669556
TEMP_TEST\FAKE\1 (9).jpg,AI-generated,resize_8_roundtrip,0.996723473072052,0.7311838269233704,-0.26553964614868164,1,1,0,0.996723473072052,0.7311838269233704,-0.26553964614868164
TEMP_TEST\FAKE\1 (9).jpg,AI-generated,gaussian_blur,0.996723473072052,0.9368711113929749,-0.05985236167907715,1,1,0,0.996723473072052,0.9368711113929749,-0.05985236167907715
TEMP_TEST\FAKE\1 (9).jpg,AI-generated,contrast_low,0.996723473072052,0.943885862827301,-0.05283761024475098,1,1,0,0.996723473072052,0.943885862827301,-0.05283761024475098
TEMP_TEST\FAKE\1 (9).jpg,AI-generated,contrast_high,0.996723473072052,0.9997348189353943,0.003011345863342285,1,1,0,0.996723473072052,0.9997348189353943,0.003011345863342285
TEMP_TEST\FAKE\1 (9).jpg,AI-generated,brightness_low,0.996723473072052,0.9977499842643738,0.0010265111923217773,1,1,0,0.996723473072052,0.9977499842643738,0.0010265111923217773
TEMP_TEST\FAKE\1 (9).jpg,AI-generated,brightness_high,0.996723473072052,0.9890572428703308,-0.007666230201721191,1,1,0,0.996723473072052,0.9890572428703308,-0.007666230201721191
TEMP_TEST\FAKE\1 (9).jpg,AI-generated,gaussian_noise,0.996723473072052,0.9899987578392029,-0.006724715232849121,1,1,0,0.996723473072052,0.9899987578392029,-0.006724715232849121
TEMP_TEST\FAKE\1.jpg,AI-generated,jpeg_70,0.9994375109672546,0.9993213415145874,-0.00011616945266723633,1,1,0,0.9994375109672546,0.9993213415145874,-0.00011616945266723633
TEMP_TEST\FAKE\1.jpg,AI-generated,jpeg_50,0.9994375109672546,0.9959650039672852,-0.0034725069999694824,1,1,0,0.9994375109672546,0.9959650039672852,-0.0034725069999694824
TEMP_TEST\FAKE\1.jpg,AI-generated,resize_16_roundtrip,0.9994375109672546,0.9859790205955505,-0.013458490371704102,1,1,0,0.9994375109672546,0.9859790205955505,-0.013458490371704102
TEMP_TEST\FAKE\1.jpg,AI-generated,resize_8_roundtrip,0.9994375109672546,0.3381306827068329,-0.6613068282604218,1,0,1,0.9994375109672546,0.6618693172931671,-0.3375681936740875
TEMP_TEST\FAKE\1.jpg,AI-generated,gaussian_blur,0.9994375109672546,0.9955828785896301,-0.0038546323776245117,1,1,0,0.9994375109672546,0.9955828785896301,-0.0038546323776245117
TEMP_TEST\FAKE\1.jpg,AI-generated,contrast_low,0.9994375109672546,0.9952542781829834,-0.00418323278427124,1,1,0,0.9994375109672546,0.9952542781829834,-0.00418323278427124
TEMP_TEST\FAKE\1.jpg,AI-generated,contrast_high,0.9994375109672546,0.9999284744262695,0.0004909634590148926,1,1,0,0.9994375109672546,0.9999284744262695,0.0004909634590148926
TEMP_TEST\FAKE\1.jpg,AI-generated,brightness_low,0.9994375109672546,0.9994009733200073,-3.653764724731445e-05,1,1,0,0.9994375109672546,0.9994009733200073,-3.653764724731445e-05
TEMP_TEST\FAKE\1.jpg,AI-generated,brightness_high,0.9994375109672546,0.9988414645195007,-0.0005960464477539062,1,1,0,0.9994375109672546,0.9988414645195007,-0.0005960464477539062
TEMP_TEST\FAKE\1.jpg,AI-generated,gaussian_noise,0.9994375109672546,0.995121419429779,-0.004316091537475586,1,1,0,0.9994375109672546,0.995121419429779,-0.004316091537475586
TEMP_TEST\FAKE\10 (10).jpg,AI-generated,jpeg_70,0.9988079071044922,0.9989898800849915,0.00018197298049926758,1,1,0,0.9988079071044922,0.9989898800849915,0.00018197298049926758
TEMP_TEST\FAKE\10 (10).jpg,AI-generated,jpeg_50,0.9988079071044922,0.9853999018669128,-0.013408005237579346,1,1,0,0.9988079071044922,0.9853999018669128,-0.013408005237579346
TEMP_TEST\FAKE\10 (10).jpg,AI-generated,resize_16_roundtrip,0.9988079071044922,0.911170482635498,-0.08763742446899414,1,1,0,0.9988079071044922,0.911170482635498,-0.08763742446899414
TEMP_TEST\FAKE\10 (10).jpg,AI-generated,resize_8_roundtrip,0.9988079071044922,0.6358593106269836,-0.36294859647750854,1,1,0,0.9988079071044922,0.6358593106269836,-0.36294859647750854
TEMP_TEST\FAKE\10 (10).jpg,AI-generated,gaussian_blur,0.9988079071044922,0.9904894828796387,-0.008318424224853516,1,1,0,0.9988079071044922,0.9904894828796387,-0.008318424224853516
TEMP_TEST\FAKE\10 (10).jpg,AI-generated,contrast_low,0.9988079071044922,0.9498596787452698,-0.04894822835922241,1,1,0,0.9988079071044922,0.9498596787452698,-0.04894822835922241
TEMP_TEST\FAKE\10 (10).jpg,AI-generated,contrast_high,0.9988079071044922,0.9998190999031067,0.001011192798614502,1,1,0,0.9988079071044922,0.9998190999031067,0.001011192798614502
TEMP_TEST\FAKE\10 (10).jpg,AI-generated,brightness_low,0.9988079071044922,0.998894989490509,8.70823860168457e-05,1,1,0,0.9988079071044922,0.998894989490509,8.70823860168457e-05
TEMP_TEST\FAKE\10 (10).jpg,AI-generated,brightness_high,0.9988079071044922,0.9964964985847473,-0.002311408519744873,1,1,0,0.9988079071044922,0.9964964985847473,-0.002311408519744873
TEMP_TEST\FAKE\10 (10).jpg,AI-generated,gaussian_noise,0.9988079071044922,0.9973322153091431,-0.001475691795349121,1,1,0,0.9988079071044922,0.9973322153091431,-0.001475691795349121
TEMP_TEST\FAKE\10 (2).jpg,AI-generated,jpeg_70,0.986456036567688,0.9918646216392517,0.005408585071563721,1,1,0,0.986456036567688,0.9918646216392517,0.005408585071563721
TEMP_TEST\FAKE\10 (2).jpg,AI-generated,jpeg_50,0.986456036567688,0.9048315286636353,-0.08162450790405273,1,1,0,0.986456036567688,0.9048315286636353,-0.08162450790405273
TEMP_TEST\FAKE\10 (2).jpg,AI-generated,resize_16_roundtrip,0.986456036567688,0.901043713092804,-0.08541232347488403,1,1,0,0.986456036567688,0.901043713092804,-0.08541232347488403
TEMP_TEST\FAKE\10 (2).jpg,AI-generated,resize_8_roundtrip,0.986456036567688,0.5333452224731445,-0.45311081409454346,1,0,1,0.986456036567688,0.46665477752685547,-0.5198012590408325
TEMP_TEST\FAKE\10 (2).jpg,AI-generated,gaussian_blur,0.986456036567688,0.962817370891571,-0.023638665676116943,1,1,0,0.986456036567688,0.962817370891571,-0.023638665676116943
TEMP_TEST\FAKE\10 (2).jpg,AI-generated,contrast_low,0.986456036567688,0.5163819789886475,-0.4700740575790405,1,0,1,0.986456036567688,0.48361802101135254,-0.5028380155563354
TEMP_TEST\FAKE\10 (2).jpg,AI-generated,contrast_high,0.986456036567688,0.9896538853645325,0.0031978487968444824,1,1,0,0.986456036567688,0.9896538853645325,0.0031978487968444824
TEMP_TEST\FAKE\10 (2).jpg,AI-generated,brightness_low,0.986456036567688,0.9961226582527161,0.009666621685028076,1,1,0,0.986456036567688,0.9961226582527161,0.009666621685028076
TEMP_TEST\FAKE\10 (2).jpg,AI-generated,brightness_high,0.986456036567688,0.944501519203186,-0.04195451736450195,1,1,0,0.986456036567688,0.944501519203186,-0.04195451736450195
TEMP_TEST\FAKE\10 (2).jpg,AI-generated,gaussian_noise,0.986456036567688,0.9142984747886658,-0.07215756177902222,1,1,0,0.986456036567688,0.9142984747886658,-0.07215756177902222
TEMP_TEST\FAKE\10 (3).jpg,AI-generated,jpeg_70,0.9999997615814209,0.9999998807907104,1.1920928955078125e-07,1,1,0,0.9999997615814209,0.9999998807907104,1.1920928955078125e-07
TEMP_TEST\FAKE\10 (3).jpg,AI-generated,jpeg_50,0.9999997615814209,0.9999994039535522,-3.5762786865234375e-07,1,1,0,0.9999997615814209,0.9999994039535522,-3.5762786865234375e-07
TEMP_TEST\FAKE\10 (3).jpg,AI-generated,resize_16_roundtrip,0.9999997615814209,0.9992181062698364,-0.0007816553115844727,1,1,0,0.9999997615814209,0.9992181062698364,-0.0007816553115844727
TEMP_TEST\FAKE\10 (3).jpg,AI-generated,resize_8_roundtrip,0.9999997615814209,0.7923640608787537,-0.20763570070266724,1,1,0,0.9999997615814209,0.7923640608787537,-0.20763570070266724
TEMP_TEST\FAKE\10 (3).jpg,AI-generated,gaussian_blur,0.9999997615814209,0.9999704360961914,-2.9325485229492188e-05,1,1,0,0.9999997615814209,0.9999704360961914,-2.9325485229492188e-05
TEMP_TEST\FAKE\10 (3).jpg,AI-generated,contrast_low,0.9999997615814209,0.9999977350234985,-2.0265579223632812e-06,1,1,0,0.9999997615814209,0.9999977350234985,-2.0265579223632812e-06
TEMP_TEST\FAKE\10 (3).jpg,AI-generated,contrast_high,0.9999997615814209,1.0,2.384185791015625e-07,1,1,0,0.9999997615814209,1.0,2.384185791015625e-07
TEMP_TEST\FAKE\10 (3).jpg,AI-generated,brightness_low,0.9999997615814209,0.9999997615814209,0.0,1,1,0,0.9999997615814209,0.9999997615814209,0.0
TEMP_TEST\FAKE\10 (3).jpg,AI-generated,brightness_high,0.9999997615814209,0.9999994039535522,-3.5762786865234375e-07,1,1,0,0.9999997615814209,0.9999994039535522,-3.5762786865234375e-07
TEMP_TEST\FAKE\10 (3).jpg,AI-generated,gaussian_noise,0.9999997615814209,0.9999676942825317,-3.2067298889160156e-05,1,1,0,0.9999997615814209,0.9999676942825317,-3.2067298889160156e-05
TEMP_TEST\FAKE\10 (4).jpg,AI-generated,jpeg_70,0.9898194670677185,0.9950891137123108,0.005269646644592285,1,1,0,0.9898194670677185,0.9950891137123108,0.005269646644592285
TEMP_TEST\FAKE\10 (4).jpg,AI-generated,jpeg_50,0.9898194670677185,0.8972360491752625,-0.09258341789245605,1,1,0,0.9898194670677185,0.8972360491752625,-0.09258341789245605
TEMP_TEST\FAKE\10 (4).jpg,AI-generated,resize_16_roundtrip,0.9898194670677185,0.7032294869422913,-0.28658998012542725,1,1,0,0.9898194670677185,0.7032294869422913,-0.28658998012542725
TEMP_TEST\FAKE\10 (4).jpg,AI-generated,resize_8_roundtrip,0.9898194670677185,0.6495276689529419,-0.3402917981147766,1,1,0,0.9898194670677185,0.6495276689529419,-0.3402917981147766
TEMP_TEST\FAKE\10 (4).jpg,AI-generated,gaussian_blur,0.9898194670677185,0.6930875182151794,-0.29673194885253906,1,1,0,0.9898194670677185,0.6930875182151794,-0.29673194885253906
TEMP_TEST\FAKE\10 (4).jpg,AI-generated,contrast_low,0.9898194670677185,0.9185121655464172,-0.07130730152130127,1,1,0,0.9898194670677185,0.9185121655464172,-0.07130730152130127
TEMP_TEST\FAKE\10 (4).jpg,AI-generated,contrast_high,0.9898194670677185,0.9973292350769043,0.007509768009185791,1,1,0,0.9898194670677185,0.9973292350769043,0.007509768009185791
TEMP_TEST\FAKE\10 (4).jpg,AI-generated,brightness_low,0.9898194670677185,0.995137631893158,0.005318164825439453,1,1,0,0.9898194670677185,0.995137631893158,0.005318164825439453
TEMP_TEST\FAKE\10 (4).jpg,AI-generated,brightness_high,0.9898194670677185,0.9646364450454712,-0.025183022022247314,1,1,0,0.9898194670677185,0.9646364450454712,-0.025183022022247314
TEMP_TEST\FAKE\10 (4).jpg,AI-generated,gaussian_noise,0.9898194670677185,0.9658705592155457,-0.02394890785217285,1,1,0,0.9898194670677185,0.9658705592155457,-0.02394890785217285
TEMP_TEST\FAKE\10 (5).jpg,AI-generated,jpeg_70,0.9928871989250183,0.9961115717887878,0.0032243728637695312,1,1,0,0.9928871989250183,0.9961115717887878,0.0032243728637695312
TEMP_TEST\FAKE\10 (5).jpg,AI-generated,jpeg_50,0.9928871989250183,0.9918537735939026,-0.0010334253311157227,1,1,0,0.9928871989250183,0.9918537735939026,-0.0010334253311157227
TEMP_TEST\FAKE\10 (5).jpg,AI-generated,resize_16_roundtrip,0.9928871989250183,0.41051679849624634,-0.582370400428772,1,0,1,0.9928871989250183,0.5894832015037537,-0.40340399742126465
TEMP_TEST\FAKE\10 (5).jpg,AI-generated,resize_8_roundtrip,0.9928871989250183,0.3646039664745331,-0.6282832324504852,1,0,1,0.9928871989250183,0.6353960335254669,-0.3574911653995514
TEMP_TEST\FAKE\10 (5).jpg,AI-generated,gaussian_blur,0.9928871989250183,0.8607978224754333,-0.13208937644958496,1,1,0,0.9928871989250183,0.8607978224754333,-0.13208937644958496
TEMP_TEST\FAKE\10 (5).jpg,AI-generated,contrast_low,0.9928871989250183,0.9555940628051758,-0.03729313611984253,1,1,0,0.9928871989250183,0.9555940628051758,-0.03729313611984253
TEMP_TEST\FAKE\10 (5).jpg,AI-generated,contrast_high,0.9928871989250183,0.9988631010055542,0.005975902080535889,1,1,0,0.9928871989250183,0.9988631010055542,0.005975902080535889
TEMP_TEST\FAKE\10 (5).jpg,AI-generated,brightness_low,0.9928871989250183,0.9704552292823792,-0.02243196964263916,1,1,0,0.9928871989250183,0.9704552292823792,-0.02243196964263916
TEMP_TEST\FAKE\10 (5).jpg,AI-generated,brightness_high,0.9928871989250183,0.9962965846061707,0.0034093856811523438,1,1,0,0.9928871989250183,0.9962965846061707,0.0034093856811523438
TEMP_TEST\FAKE\10 (5).jpg,AI-generated,gaussian_noise,0.9928871989250183,0.9911880493164062,-0.0016991496086120605,1,1,0,0.9928871989250183,0.9911880493164062,-0.0016991496086120605
TEMP_TEST\FAKE\10 (6).jpg,AI-generated,jpeg_70,0.9114729166030884,0.5878670811653137,-0.32360583543777466,1,1,0,0.9114729166030884,0.5878670811653137,-0.32360583543777466
TEMP_TEST\FAKE\10 (6).jpg,AI-generated,jpeg_50,0.9114729166030884,0.023460909724235535,-0.8880120068788528,1,0,1,0.9114729166030884,0.9765390902757645,0.06506617367267609
TEMP_TEST\FAKE\10 (6).jpg,AI-generated,resize_16_roundtrip,0.9114729166030884,0.8683973550796509,-0.0430755615234375,1,1,0,0.9114729166030884,0.8683973550796509,-0.0430755615234375
TEMP_TEST\FAKE\10 (6).jpg,AI-generated,resize_8_roundtrip,0.9114729166030884,0.4341614246368408,-0.47731149196624756,1,0,1,0.9114729166030884,0.5658385753631592,-0.3456343412399292
TEMP_TEST\FAKE\10 (6).jpg,AI-generated,gaussian_blur,0.9114729166030884,0.9572054743766785,0.04573255777359009,1,1,0,0.9114729166030884,0.9572054743766785,0.04573255777359009
TEMP_TEST\FAKE\10 (6).jpg,AI-generated,contrast_low,0.9114729166030884,0.4610064625740051,-0.45046645402908325,1,0,1,0.9114729166030884,0.5389935374259949,-0.3724793791770935
TEMP_TEST\FAKE\10 (6).jpg,AI-generated,contrast_high,0.9114729166030884,0.9760600924491882,0.06458717584609985,1,1,0,0.9114729166030884,0.9760600924491882,0.06458717584609985
TEMP_TEST\FAKE\10 (6).jpg,AI-generated,brightness_low,0.9114729166030884,0.9168372750282288,0.005364358425140381,1,1,0,0.9114729166030884,0.9168372750282288,0.005364358425140381
TEMP_TEST\FAKE\10 (6).jpg,AI-generated,brightness_high,0.9114729166030884,0.9139313697814941,0.0024584531784057617,1,1,0,0.9114729166030884,0.9139313697814941,0.0024584531784057617
TEMP_TEST\FAKE\10 (6).jpg,AI-generated,gaussian_noise,0.9114729166030884,0.8426131010055542,-0.06885981559753418,1,1,0,0.9114729166030884,0.8426131010055542,-0.06885981559753418
TEMP_TEST\FAKE\10 (7).jpg,AI-generated,jpeg_70,0.9867355823516846,0.992233395576477,0.0054978132247924805,1,1,0,0.9867355823516846,0.992233395576477,0.0054978132247924805
TEMP_TEST\FAKE\10 (7).jpg,AI-generated,jpeg_50,0.9867355823516846,0.9770988821983337,-0.00963670015335083,1,1,0,0.9867355823516846,0.9770988821983337,-0.00963670015335083
TEMP_TEST\FAKE\10 (7).jpg,AI-generated,resize_16_roundtrip,0.9867355823516846,0.44486501812934875,-0.5418705642223358,1,0,1,0.9867355823516846,0.5551349818706512,-0.4316006004810333
TEMP_TEST\FAKE\10 (7).jpg,AI-generated,resize_8_roundtrip,0.9867355823516846,0.3091398775577545,-0.67759570479393,1,0,1,0.9867355823516846,0.6908601224422455,-0.2958754599094391
TEMP_TEST\FAKE\10 (7).jpg,AI-generated,gaussian_blur,0.9867355823516846,0.9236117005348206,-0.06312388181686401,1,1,0,0.9867355823516846,0.9236117005348206,-0.06312388181686401
TEMP_TEST\FAKE\10 (7).jpg,AI-generated,contrast_low,0.9867355823516846,0.6578965187072754,-0.3288390636444092,1,1,0,0.9867355823516846,0.6578965187072754,-0.3288390636444092
TEMP_TEST\FAKE\10 (7).jpg,AI-generated,contrast_high,0.9867355823516846,0.9995030164718628,0.012767434120178223,1,1,0,0.9867355823516846,0.9995030164718628,0.012767434120178223
TEMP_TEST\FAKE\10 (7).jpg,AI-generated,brightness_low,0.9867355823516846,0.9129756093025208,-0.07375997304916382,1,1,0,0.9867355823516846,0.9129756093025208,-0.07375997304916382
TEMP_TEST\FAKE\10 (7).jpg,AI-generated,brightness_high,0.9867355823516846,0.9977965354919434,0.011060953140258789,1,1,0,0.9867355823516846,0.9977965354919434,0.011060953140258789
TEMP_TEST\FAKE\10 (7).jpg,AI-generated,gaussian_noise,0.9867355823516846,0.9944658875465393,0.007730305194854736,1,1,0,0.9867355823516846,0.9944658875465393,0.007730305194854736
TEMP_TEST\FAKE\10 (8).jpg,AI-generated,jpeg_70,0.9999953508377075,0.999997615814209,2.2649765014648438e-06,1,1,0,0.9999953508377075,0.999997615814209,2.2649765014648438e-06
TEMP_TEST\FAKE\10 (8).jpg,AI-generated,jpeg_50,0.9999953508377075,0.9999693632125854,-2.5987625122070312e-05,1,1,0,0.9999953508377075,0.9999693632125854,-2.5987625122070312e-05
TEMP_TEST\FAKE\10 (8).jpg,AI-generated,resize_16_roundtrip,0.9999953508377075,0.9847954511642456,-0.015199899673461914,1,1,0,0.9999953508377075,0.9847954511642456,-0.015199899673461914
TEMP_TEST\FAKE\10 (8).jpg,AI-generated,resize_8_roundtrip,0.9999953508377075,0.13187536597251892,-0.8681199848651886,1,0,1,0.9999953508377075,0.8681246340274811,-0.13187071681022644
TEMP_TEST\FAKE\10 (8).jpg,AI-generated,gaussian_blur,0.9999953508377075,0.999175488948822,-0.000819861888885498,1,1,0,0.9999953508377075,0.999175488948822,-0.000819861888885498
TEMP_TEST\FAKE\10 (8).jpg,AI-generated,contrast_low,0.9999953508377075,0.9995806813240051,-0.0004146695137023926,1,1,0,0.9999953508377075,0.9995806813240051,-0.0004146695137023926
TEMP_TEST\FAKE\10 (8).jpg,AI-generated,contrast_high,0.9999953508377075,0.9999970197677612,1.6689300537109375e-06,1,1,0,0.9999953508377075,0.9999970197677612,1.6689300537109375e-06
TEMP_TEST\FAKE\10 (8).jpg,AI-generated,brightness_low,0.9999953508377075,0.999997615814209,2.2649765014648438e-06,1,1,0,0.9999953508377075,0.999997615814209,2.2649765014648438e-06
TEMP_TEST\FAKE\10 (8).jpg,AI-generated,brightness_high,0.9999953508377075,0.999971866607666,-2.3484230041503906e-05,1,1,0,0.9999953508377075,0.999971866607666,-2.3484230041503906e-05
TEMP_TEST\FAKE\10 (8).jpg,AI-generated,gaussian_noise,0.9999953508377075,0.9999521970748901,-4.315376281738281e-05,1,1,0,0.9999953508377075,0.9999521970748901,-4.315376281738281e-05
TEMP_TEST\FAKE\10 (9).jpg,AI-generated,jpeg_70,0.9781842827796936,0.9794780015945435,0.0012937188148498535,1,1,0,0.9781842827796936,0.9794780015945435,0.0012937188148498535
TEMP_TEST\FAKE\10 (9).jpg,AI-generated,jpeg_50,0.9781842827796936,0.9904260039329529,0.012241721153259277,1,1,0,0.9781842827796936,0.9904260039329529,0.012241721153259277
TEMP_TEST\FAKE\10 (9).jpg,AI-generated,resize_16_roundtrip,0.9781842827796936,0.8134053349494934,-0.1647789478302002,1,1,0,0.9781842827796936,0.8134053349494934,-0.1647789478302002
TEMP_TEST\FAKE\10 (9).jpg,AI-generated,resize_8_roundtrip,0.9781842827796936,0.7285400032997131,-0.24964427947998047,1,1,0,0.9781842827796936,0.7285400032997131,-0.24964427947998047
TEMP_TEST\FAKE\10 (9).jpg,AI-generated,gaussian_blur,0.9781842827796936,0.9098603129386902,-0.06832396984100342,1,1,0,0.9781842827796936,0.9098603129386902,-0.06832396984100342
TEMP_TEST\FAKE\10 (9).jpg,AI-generated,contrast_low,0.9781842827796936,0.9544058442115784,-0.023778438568115234,1,1,0,0.9781842827796936,0.9544058442115784,-0.023778438568115234
TEMP_TEST\FAKE\10 (9).jpg,AI-generated,contrast_high,0.9781842827796936,0.995537519454956,0.01735323667526245,1,1,0,0.9781842827796936,0.995537519454956,0.01735323667526245
TEMP_TEST\FAKE\10 (9).jpg,AI-generated,brightness_low,0.9781842827796936,0.980193555355072,0.002009272575378418,1,1,0,0.9781842827796936,0.980193555355072,0.002009272575378418
TEMP_TEST\FAKE\10 (9).jpg,AI-generated,brightness_high,0.9781842827796936,0.9843171834945679,0.006132900714874268,1,1,0,0.9781842827796936,0.9843171834945679,0.006132900714874268
TEMP_TEST\FAKE\10 (9).jpg,AI-generated,gaussian_noise,0.9781842827796936,0.4035590589046478,-0.5746252238750458,1,0,1,0.9781842827796936,0.5964409410953522,-0.38174334168434143
TEMP_TEST\FAKE\10.jpg,AI-generated,jpeg_70,0.6184052228927612,0.7032217979431152,0.084816575050354,1,1,0,0.6184052228927612,0.7032217979431152,0.084816575050354
TEMP_TEST\FAKE\10.jpg,AI-generated,jpeg_50,0.6184052228927612,0.24983350932598114,-0.3685717135667801,1,0,1,0.6184052228927612,0.7501664906740189,0.13176126778125763
TEMP_TEST\FAKE\10.jpg,AI-generated,resize_16_roundtrip,0.6184052228927612,0.6540146470069885,0.035609424114227295,1,1,0,0.6184052228927612,0.6540146470069885,0.035609424114227295
TEMP_TEST\FAKE\10.jpg,AI-generated,resize_8_roundtrip,0.6184052228927612,0.41534706950187683,-0.2030581533908844,1,0,1,0.6184052228927612,0.5846529304981232,-0.03375229239463806
TEMP_TEST\FAKE\10.jpg,AI-generated,gaussian_blur,0.6184052228927612,0.7776099443435669,0.15920472145080566,1,1,0,0.6184052228927612,0.7776099443435669,0.15920472145080566
TEMP_TEST\FAKE\10.jpg,AI-generated,contrast_low,0.6184052228927612,0.6678395867347717,0.0494343638420105,1,1,0,0.6184052228927612,0.6678395867347717,0.0494343638420105
TEMP_TEST\FAKE\10.jpg,AI-generated,contrast_high,0.6184052228927612,0.9138187170028687,0.2954134941101074,1,1,0,0.6184052228927612,0.9138187170028687,0.2954134941101074
TEMP_TEST\FAKE\10.jpg,AI-generated,brightness_low,0.6184052228927612,0.785973310470581,0.16756808757781982,1,1,0,0.6184052228927612,0.785973310470581,0.16756808757781982
TEMP_TEST\FAKE\10.jpg,AI-generated,brightness_high,0.6184052228927612,0.9163399338722229,0.29793471097946167,1,1,0,0.6184052228927612,0.9163399338722229,0.29793471097946167
TEMP_TEST\FAKE\10.jpg,AI-generated,gaussian_noise,0.6184052228927612,0.19143146276474,-0.42697376012802124,1,0,1,0.6184052228927612,0.80856853723526,0.19016331434249878
TEMP_TEST\FAKE\100 (10).jpg,AI-generated,jpeg_70,0.9970577955245972,0.9987595081329346,0.0017017126083374023,1,1,0,0.9970577955245972,0.9987595081329346,0.0017017126083374023
TEMP_TEST\FAKE\100 (10).jpg,AI-generated,jpeg_50,0.9970577955245972,0.9991145730018616,0.0020567774772644043,1,1,0,0.9970577955245972,0.9991145730018616,0.0020567774772644043
TEMP_TEST\FAKE\100 (10).jpg,AI-generated,resize_16_roundtrip,0.9970577955245972,0.8977707028388977,-0.09928709268569946,1,1,0,0.9970577955245972,0.8977707028388977,-0.09928709268569946
TEMP_TEST\FAKE\100 (10).jpg,AI-generated,resize_8_roundtrip,0.9970577955245972,0.21399396657943726,-0.7830638289451599,1,0,1,0.9970577955245972,0.7860060334205627,-0.21105176210403442
TEMP_TEST\FAKE\100 (10).jpg,AI-generated,gaussian_blur,0.9970577955245972,0.9792537689208984,-0.01780402660369873,1,1,0,0.9970577955245972,0.9792537689208984,-0.01780402660369873
TEMP_TEST\FAKE\100 (10).jpg,AI-generated,contrast_low,0.9970577955245972,0.9011502861976624,-0.09590750932693481,1,1,0,0.9970577955245972,0.9011502861976624,-0.09590750932693481
TEMP_TEST\FAKE\100 (10).jpg,AI-generated,contrast_high,0.9970577955245972,0.9998798370361328,0.0028220415115356445,1,1,0,0.9970577955245972,0.9998798370361328,0.0028220415115356445
TEMP_TEST\FAKE\100 (10).jpg,AI-generated,brightness_low,0.9970577955245972,0.998195469379425,0.0011376738548278809,1,1,0,0.9970577955245972,0.998195469379425,0.0011376738548278809
TEMP_TEST\FAKE\100 (10).jpg,AI-generated,brightness_high,0.9970577955245972,0.9966048002243042,-0.00045299530029296875,1,1,0,0.9970577955245972,0.9966048002243042,-0.00045299530029296875
TEMP_TEST\FAKE\100 (10).jpg,AI-generated,gaussian_noise,0.9970577955245972,0.9879381060600281,-0.009119689464569092,1,1,0,0.9970577955245972,0.9879381060600281,-0.009119689464569092
TEMP_TEST\FAKE\100 (2).jpg,AI-generated,jpeg_70,0.8627237677574158,0.9424427151679993,0.0797189474105835,1,1,0,0.8627237677574158,0.9424427151679993,0.0797189474105835
TEMP_TEST\FAKE\100 (2).jpg,AI-generated,jpeg_50,0.8627237677574158,0.8577920198440552,-0.004931747913360596,1,1,0,0.8627237677574158,0.8577920198440552,-0.004931747913360596
TEMP_TEST\FAKE\100 (2).jpg,AI-generated,resize_16_roundtrip,0.8627237677574158,0.27103546261787415,-0.5916883051395416,1,0,1,0.8627237677574158,0.7289645373821259,-0.13375923037528992
TEMP_TEST\FAKE\100 (2).jpg,AI-generated,resize_8_roundtrip,0.8627237677574158,0.1709280014038086,-0.6917957663536072,1,0,1,0.8627237677574158,0.8290719985961914,-0.033651769161224365
TEMP_TEST\FAKE\100 (2).jpg,AI-generated,gaussian_blur,0.8627237677574158,0.5109949111938477,-0.3517288565635681,1,0,1,0.8627237677574158,0.48900508880615234,-0.3737186789512634
TEMP_TEST\FAKE\100 (2).jpg,AI-generated,contrast_low,0.8627237677574158,0.14802929759025574,-0.71469447016716,1,0,1,0.8627237677574158,0.8519707024097443,-0.010753065347671509
TEMP_TEST\FAKE\100 (2).jpg,AI-generated,contrast_high,0.8627237677574158,0.9759137034416199,0.1131899356842041,1,1,0,0.8627237677574158,0.9759137034416199,0.1131899356842041
TEMP_TEST\FAKE\100 (2).jpg,AI-generated,brightness_low,0.8627237677574158,0.8650537729263306,0.002330005168914795,1,1,0,0.8627237677574158,0.8650537729263306,0.002330005168914795
TEMP_TEST\FAKE\100 (2).jpg,AI-generated,brightness_high,0.8627237677574158,0.9124190211296082,0.04969525337219238,1,1,0,0.8627237677574158,0.9124190211296082,0.04969525337219238
TEMP_TEST\FAKE\100 (2).jpg,AI-generated,gaussian_noise,0.8627237677574158,0.5801567435264587,-0.28256702423095703,1,1,0,0.8627237677574158,0.5801567435264587,-0.28256702423095703
TEMP_TEST\FAKE\100 (3).jpg,AI-generated,jpeg_70,0.7827193140983582,0.6969342827796936,-0.08578503131866455,1,1,0,0.7827193140983582,0.6969342827796936,-0.08578503131866455
TEMP_TEST\FAKE\100 (3).jpg,AI-generated,jpeg_50,0.7827193140983582,0.8094491362571716,0.026729822158813477,1,1,0,0.7827193140983582,0.8094491362571716,0.026729822158813477
TEMP_TEST\FAKE\100 (3).jpg,AI-generated,resize_16_roundtrip,0.7827193140983582,0.8926938772201538,0.10997456312179565,1,1,0,0.7827193140983582,0.8926938772201538,0.10997456312179565
TEMP_TEST\FAKE\100 (3).jpg,AI-generated,resize_8_roundtrip,0.7827193140983582,0.6115618348121643,-0.17115747928619385,1,1,0,0.7827193140983582,0.6115618348121643,-0.17115747928619385
TEMP_TEST\FAKE\100 (3).jpg,AI-generated,gaussian_blur,0.7827193140983582,0.8611840009689331,0.07846468687057495,1,1,0,0.7827193140983582,0.8611840009689331,0.07846468687057495
TEMP_TEST\FAKE\100 (3).jpg,AI-generated,contrast_low,0.7827193140983582,0.762173056602478,-0.020546257495880127,1,1,0,0.7827193140983582,0.762173056602478,-0.020546257495880127
TEMP_TEST\FAKE\100 (3).jpg,AI-generated,contrast_high,0.7827193140983582,0.863806426525116,0.08108711242675781,1,1,0,0.7827193140983582,0.863806426525116,0.08108711242675781
TEMP_TEST\FAKE\100 (3).jpg,AI-generated,brightness_low,0.7827193140983582,0.7966688871383667,0.013949573040008545,1,1,0,0.7827193140983582,0.7966688871383667,0.013949573040008545
TEMP_TEST\FAKE\100 (3).jpg,AI-generated,brightness_high,0.7827193140983582,0.7334649562835693,-0.04925435781478882,1,1,0,0.7827193140983582,0.7334649562835693,-0.04925435781478882
TEMP_TEST\FAKE\100 (3).jpg,AI-generated,gaussian_noise,0.7827193140983582,0.7232359051704407,-0.05948340892791748,1,1,0,0.7827193140983582,0.7232359051704407,-0.05948340892791748
TEMP_TEST\FAKE\100 (4).jpg,AI-generated,jpeg_70,0.989446222782135,0.9868148565292358,-0.00263136625289917,1,1,0,0.989446222782135,0.9868148565292358,-0.00263136625289917
TEMP_TEST\FAKE\100 (4).jpg,AI-generated,jpeg_50,0.989446222782135,0.9522883296012878,-0.03715789318084717,1,1,0,0.989446222782135,0.9522883296012878,-0.03715789318084717
TEMP_TEST\FAKE\100 (4).jpg,AI-generated,resize_16_roundtrip,0.989446222782135,0.5028452277183533,-0.48660099506378174,1,0,1,0.989446222782135,0.49715477228164673,-0.4922914505004883
TEMP_TEST\FAKE\100 (4).jpg,AI-generated,resize_8_roundtrip,0.989446222782135,0.40732893347740173,-0.5821172893047333,1,0,1,0.989446222782135,0.5926710665225983,-0.39677515625953674
TEMP_TEST\FAKE\100 (4).jpg,AI-generated,gaussian_blur,0.989446222782135,0.9284164905548096,-0.06102973222732544,1,1,0,0.989446222782135,0.9284164905548096,-0.06102973222732544
TEMP_TEST\FAKE\100 (4).jpg,AI-generated,contrast_low,0.989446222782135,0.880394458770752,-0.10905176401138306,1,1,0,0.989446222782135,0.880394458770752,-0.10905176401138306
TEMP_TEST\FAKE\100 (4).jpg,AI-generated,contrast_high,0.989446222782135,0.9986732006072998,0.009226977825164795,1,1,0,0.989446222782135,0.9986732006072998,0.009226977825164795
TEMP_TEST\FAKE\100 (4).jpg,AI-generated,brightness_low,0.989446222782135,0.9737026691436768,-0.015743553638458252,1,1,0,0.989446222782135,0.9737026691436768,-0.015743553638458252
TEMP_TEST\FAKE\100 (4).jpg,AI-generated,brightness_high,0.989446222782135,0.9835523962974548,-0.005893826484680176,1,1,0,0.989446222782135,0.9835523962974548,-0.005893826484680176
TEMP_TEST\FAKE\100 (4).jpg,AI-generated,gaussian_noise,0.989446222782135,0.9888926148414612,-0.0005536079406738281,1,1,0,0.989446222782135,0.9888926148414612,-0.0005536079406738281
TEMP_TEST\FAKE\100 (5).jpg,AI-generated,jpeg_70,0.3275132477283478,0.3093622028827667,-0.018151044845581055,0,0,0,0.6724867522716522,0.6906377971172333,0.018151044845581055
TEMP_TEST\FAKE\100 (5).jpg,AI-generated,jpeg_50,0.3275132477283478,0.16444377601146698,-0.1630694717168808,0,0,0,0.6724867522716522,0.835556223988533,0.1630694717168808
TEMP_TEST\FAKE\100 (5).jpg,AI-generated,resize_16_roundtrip,0.3275132477283478,0.2463037371635437,-0.08120951056480408,0,0,0,0.6724867522716522,0.7536962628364563,0.08120951056480408
TEMP_TEST\FAKE\100 (5).jpg,AI-generated,resize_8_roundtrip,0.3275132477283478,0.45170897245407104,0.12419572472572327,0,0,0,0.6724867522716522,0.548291027545929,-0.12419572472572327
TEMP_TEST\FAKE\100 (5).jpg,AI-generated,gaussian_blur,0.3275132477283478,0.4940303564071655,0.16651710867881775,0,0,0,0.6724867522716522,0.5059696435928345,-0.16651710867881775
TEMP_TEST\FAKE\100 (5).jpg,AI-generated,contrast_low,0.3275132477283478,0.21456220746040344,-0.11295104026794434,0,0,0,0.6724867522716522,0.7854377925395966,0.11295104026794434
TEMP_TEST\FAKE\100 (5).jpg,AI-generated,contrast_high,0.3275132477283478,0.6481216549873352,0.3206084072589874,0,1,1,0.6724867522716522,0.6481216549873352,-0.024365097284317017
TEMP_TEST\FAKE\100 (5).jpg,AI-generated,brightness_low,0.3275132477283478,0.6233271956443787,0.2958139479160309,0,1,1,0.6724867522716522,0.6233271956443787,-0.04915955662727356
TEMP_TEST\FAKE\100 (5).jpg,AI-generated,brightness_high,0.3275132477283478,0.08985675871372223,-0.23765648901462555,0,0,0,0.6724867522716522,0.9101432412862778,0.23765648901462555
TEMP_TEST\FAKE\100 (5).jpg,AI-generated,gaussian_noise,0.3275132477283478,0.17501196265220642,-0.15250128507614136,0,0,0,0.6724867522716522,0.8249880373477936,0.15250128507614136
TEMP_TEST\FAKE\100 (6).jpg,AI-generated,jpeg_70,0.9999972581863403,0.9999982118606567,9.5367431640625e-07,1,1,0,0.9999972581863403,0.9999982118606567,9.5367431640625e-07
TEMP_TEST\FAKE\100 (6).jpg,AI-generated,jpeg_50,0.9999972581863403,0.999998927116394,1.6689300537109375e-06,1,1,0,0.9999972581863403,0.999998927116394,1.6689300537109375e-06
TEMP_TEST\FAKE\100 (6).jpg,AI-generated,resize_16_roundtrip,0.9999972581863403,0.9969795942306519,-0.0030176639556884766,1,1,0,0.9999972581863403,0.9969795942306519,-0.0030176639556884766
TEMP_TEST\FAKE\100 (6).jpg,AI-generated,resize_8_roundtrip,0.9999972581863403,0.9685066342353821,-0.03149062395095825,1,1,0,0.9999972581863403,0.9685066342353821,-0.03149062395095825
TEMP_TEST\FAKE\100 (6).jpg,AI-generated,gaussian_blur,0.9999972581863403,0.9997128844261169,-0.00028437376022338867,1,1,0,0.9999972581863403,0.9997128844261169,-0.00028437376022338867
TEMP_TEST\FAKE\100 (6).jpg,AI-generated,contrast_low,0.9999972581863403,0.9999898672103882,-7.3909759521484375e-06,1,1,0,0.9999972581863403,0.9999898672103882,-7.3909759521484375e-06
TEMP_TEST\FAKE\100 (6).jpg,AI-generated,contrast_high,0.9999972581863403,0.9999850988388062,-1.2159347534179688e-05,1,1,0,0.9999972581863403,0.9999850988388062,-1.2159347534179688e-05
TEMP_TEST\FAKE\100 (6).jpg,AI-generated,brightness_low,0.9999972581863403,0.9999935626983643,-3.6954879760742188e-06,1,1,0,0.9999972581863403,0.9999935626983643,-3.6954879760742188e-06
TEMP_TEST\FAKE\100 (6).jpg,AI-generated,brightness_high,0.9999972581863403,0.9999810457229614,-1.621246337890625e-05,1,1,0,0.9999972581863403,0.9999810457229614,-1.621246337890625e-05
TEMP_TEST\FAKE\100 (6).jpg,AI-generated,gaussian_noise,0.9999972581863403,0.9999865293502808,-1.0728836059570312e-05,1,1,0,0.9999972581863403,0.9999865293502808,-1.0728836059570312e-05
TEMP_TEST\FAKE\100 (7).jpg,AI-generated,jpeg_70,0.999446451663971,0.9998488426208496,0.0004023909568786621,1,1,0,0.999446451663971,0.9998488426208496,0.0004023909568786621
TEMP_TEST\FAKE\100 (7).jpg,AI-generated,jpeg_50,0.999446451663971,0.9997945427894592,0.00034809112548828125,1,1,0,0.999446451663971,0.9997945427894592,0.00034809112548828125
TEMP_TEST\FAKE\100 (7).jpg,AI-generated,resize_16_roundtrip,0.999446451663971,0.8860461115837097,-0.11340034008026123,1,1,0,0.999446451663971,0.8860461115837097,-0.11340034008026123
TEMP_TEST\FAKE\100 (7).jpg,AI-generated,resize_8_roundtrip,0.999446451663971,0.4663272500038147,-0.5331192016601562,1,0,1,0.999446451663971,0.5336727499961853,-0.46577370166778564
TEMP_TEST\FAKE\100 (7).jpg,AI-generated,gaussian_blur,0.999446451663971,0.9725157618522644,-0.026930689811706543,1,1,0,0.999446451663971,0.9725157618522644,-0.026930689811706543
TEMP_TEST\FAKE\100 (7).jpg,AI-generated,contrast_low,0.999446451663971,0.9927507638931274,-0.006695687770843506,1,1,0,0.999446451663971,0.9927507638931274,-0.006695687770843506
TEMP_TEST\FAKE\100 (7).jpg,AI-generated,contrast_high,0.999446451663971,0.9998854398727417,0.00043898820877075195,1,1,0,0.999446451663971,0.9998854398727417,0.00043898820877075195
TEMP_TEST\FAKE\100 (7).jpg,AI-generated,brightness_low,0.999446451663971,0.9997723698616028,0.00032591819763183594,1,1,0,0.999446451663971,0.9997723698616028,0.00032591819763183594
TEMP_TEST\FAKE\100 (7).jpg,AI-generated,brightness_high,0.999446451663971,0.99809330701828,-0.001353144645690918,1,1,0,0.999446451663971,0.99809330701828,-0.001353144645690918
TEMP_TEST\FAKE\100 (7).jpg,AI-generated,gaussian_noise,0.999446451663971,0.9984943866729736,-0.0009520649909973145,1,1,0,0.999446451663971,0.9984943866729736,-0.0009520649909973145
TEMP_TEST\FAKE\100 (8).jpg,AI-generated,jpeg_70,0.99977046251297,0.9997316002845764,-3.886222839355469e-05,1,1,0,0.99977046251297,0.9997316002845764,-3.886222839355469e-05
TEMP_TEST\FAKE\100 (8).jpg,AI-generated,jpeg_50,0.99977046251297,0.9849323630332947,-0.014838099479675293,1,1,0,0.99977046251297,0.9849323630332947,-0.014838099479675293
TEMP_TEST\FAKE\100 (8).jpg,AI-generated,resize_16_roundtrip,0.99977046251297,0.9869411587715149,-0.012829303741455078,1,1,0,0.99977046251297,0.9869411587715149,-0.012829303741455078
TEMP_TEST\FAKE\100 (8).jpg,AI-generated,resize_8_roundtrip,0.99977046251297,0.7754771709442139,-0.2242932915687561,1,1,0,0.99977046251297,0.7754771709442139,-0.2242932915687561
TEMP_TEST\FAKE\100 (8).jpg,AI-generated,gaussian_blur,0.99977046251297,0.9957237243652344,-0.004046738147735596,1,1,0,0.99977046251297,0.9957237243652344,-0.004046738147735596
TEMP_TEST\FAKE\100 (8).jpg,AI-generated,contrast_low,0.99977046251297,0.9912508726119995,-0.008519589900970459,1,1,0,0.99977046251297,0.9912508726119995,-0.008519589900970459
TEMP_TEST\FAKE\100 (8).jpg,AI-generated,contrast_high,0.99977046251297,0.9999309778213501,0.00016051530838012695,1,1,0,0.99977046251297,0.9999309778213501,0.00016051530838012695
TEMP_TEST\FAKE\100 (8).jpg,AI-generated,brightness_low,0.99977046251297,0.9984334111213684,-0.0013370513916015625,1,1,0,0.99977046251297,0.9984334111213684,-0.0013370513916015625
TEMP_TEST\FAKE\100 (8).jpg,AI-generated,brightness_high,0.99977046251297,0.9999274015426636,0.00015693902969360352,1,1,0,0.99977046251297,0.9999274015426636,0.00015693902969360352
TEMP_TEST\FAKE\100 (8).jpg,AI-generated,gaussian_noise,0.99977046251297,0.9994431138038635,-0.0003273487091064453,1,1,0,0.99977046251297,0.9994431138038635,-0.0003273487091064453
TEMP_TEST\FAKE\100 (9).jpg,AI-generated,jpeg_70,0.35325005650520325,0.34884509444236755,-0.004404962062835693,0,0,0,0.6467499434947968,0.6511549055576324,0.004404962062835693
TEMP_TEST\FAKE\100 (9).jpg,AI-generated,jpeg_50,0.35325005650520325,0.32988765835762024,-0.023362398147583008,0,0,0,0.6467499434947968,0.6701123416423798,0.023362398147583008
TEMP_TEST\FAKE\100 (9).jpg,AI-generated,resize_16_roundtrip,0.35325005650520325,0.7677019834518433,0.41445192694664,0,1,1,0.6467499434947968,0.7677019834518433,0.12095203995704651
TEMP_TEST\FAKE\100 (9).jpg,AI-generated,resize_8_roundtrip,0.35325005650520325,0.4091646373271942,0.05591458082199097,0,0,0,0.6467499434947968,0.5908353626728058,-0.05591458082199097
TEMP_TEST\FAKE\100 (9).jpg,AI-generated,gaussian_blur,0.35325005650520325,0.624920129776001,0.27167007327079773,0,1,1,0.6467499434947968,0.624920129776001,-0.021829813718795776
TEMP_TEST\FAKE\100 (9).jpg,AI-generated,contrast_low,0.35325005650520325,0.08074598014354706,-0.2725040763616562,0,0,0,0.6467499434947968,0.9192540198564529,0.2725040763616562
TEMP_TEST\FAKE\100 (9).jpg,AI-generated,contrast_high,0.35325005650520325,0.667342483997345,0.3140924274921417,0,1,1,0.6467499434947968,0.667342483997345,0.020592540502548218
TEMP_TEST\FAKE\100 (9).jpg,AI-generated,brightness_low,0.35325005650520325,0.6137375831604004,0.26048752665519714,0,1,1,0.6467499434947968,0.6137375831604004,-0.03301236033439636
TEMP_TEST\FAKE\100 (9).jpg,AI-generated,brightness_high,0.35325005650520325,0.03945665806531906,-0.3137933984398842,0,0,0,0.6467499434947968,0.9605433419346809,0.3137933984398842
TEMP_TEST\FAKE\100 (9).jpg,AI-generated,gaussian_noise,0.35325005650520325,0.4092983901500702,0.05604833364486694,0,0,0,0.6467499434947968,0.5907016098499298,-0.05604833364486694
TEMP_TEST\FAKE\100.jpg,AI-generated,jpeg_70,0.9883354902267456,0.9815487265586853,-0.006786763668060303,1,1,0,0.9883354902267456,0.9815487265586853,-0.006786763668060303
TEMP_TEST\FAKE\100.jpg,AI-generated,jpeg_50,0.9883354902267456,0.9314996600151062,-0.056835830211639404,1,1,0,0.9883354902267456,0.9314996600151062,-0.056835830211639404
TEMP_TEST\FAKE\100.jpg,AI-generated,resize_16_roundtrip,0.9883354902267456,0.970966100692749,-0.017369389533996582,1,1,0,0.9883354902267456,0.970966100692749,-0.017369389533996582
TEMP_TEST\FAKE\100.jpg,AI-generated,resize_8_roundtrip,0.9883354902267456,0.8843033909797668,-0.10403209924697876,1,1,0,0.9883354902267456,0.8843033909797668,-0.10403209924697876
TEMP_TEST\FAKE\100.jpg,AI-generated,gaussian_blur,0.9883354902267456,0.9516732692718506,-0.03666222095489502,1,1,0,0.9883354902267456,0.9516732692718506,-0.03666222095489502
TEMP_TEST\FAKE\100.jpg,AI-generated,contrast_low,0.9883354902267456,0.9410857558250427,-0.04724973440170288,1,1,0,0.9883354902267456,0.9410857558250427,-0.04724973440170288
TEMP_TEST\FAKE\100.jpg,AI-generated,contrast_high,0.9883354902267456,0.9980396628379822,0.009704172611236572,1,1,0,0.9883354902267456,0.9980396628379822,0.009704172611236572
TEMP_TEST\FAKE\100.jpg,AI-generated,brightness_low,0.9883354902267456,0.9836105108261108,-0.004724979400634766,1,1,0,0.9883354902267456,0.9836105108261108,-0.004724979400634766
TEMP_TEST\FAKE\100.jpg,AI-generated,brightness_high,0.9883354902267456,0.9810552597045898,-0.007280230522155762,1,1,0,0.9883354902267456,0.9810552597045898,-0.007280230522155762
TEMP_TEST\FAKE\100.jpg,AI-generated,gaussian_noise,0.9883354902267456,0.909223735332489,-0.07911175489425659,1,1,0,0.9883354902267456,0.909223735332489,-0.07911175489425659
TEMP_TEST\FAKE\101 (10).jpg,AI-generated,jpeg_70,0.9979776740074158,0.9991012811660767,0.0011236071586608887,1,1,0,0.9979776740074158,0.9991012811660767,0.0011236071586608887
TEMP_TEST\FAKE\101 (10).jpg,AI-generated,jpeg_50,0.9979776740074158,0.8812790513038635,-0.11669862270355225,1,1,0,0.9979776740074158,0.8812790513038635,-0.11669862270355225
TEMP_TEST\FAKE\101 (10).jpg,AI-generated,resize_16_roundtrip,0.9979776740074158,0.6241537928581238,-0.373823881149292,1,1,0,0.9979776740074158,0.6241537928581238,-0.373823881149292
TEMP_TEST\FAKE\101 (10).jpg,AI-generated,resize_8_roundtrip,0.9979776740074158,0.14961211383342743,-0.8483655601739883,1,0,1,0.9979776740074158,0.8503878861665726,-0.1475897878408432
TEMP_TEST\FAKE\101 (10).jpg,AI-generated,gaussian_blur,0.9979776740074158,0.620116651058197,-0.37786102294921875,1,1,0,0.9979776740074158,0.620116651058197,-0.37786102294921875
TEMP_TEST\FAKE\101 (10).jpg,AI-generated,contrast_low,0.9979776740074158,0.7953740358352661,-0.20260363817214966,1,1,0,0.9979776740074158,0.7953740358352661,-0.20260363817214966
TEMP_TEST\FAKE\101 (10).jpg,AI-generated,contrast_high,0.9979776740074158,0.9999123811721802,0.0019347071647644043,1,1,0,0.9979776740074158,0.9999123811721802,0.0019347071647644043
TEMP_TEST\FAKE\101 (10).jpg,AI-generated,brightness_low,0.9979776740074158,0.9879329800605774,-0.010044693946838379,1,1,0,0.9979776740074158,0.9879329800605774,-0.010044693946838379
TEMP_TEST\FAKE\101 (10).jpg,AI-generated,brightness_high,0.9979776740074158,0.9995861649513245,0.0016084909439086914,1,1,0,0.9979776740074158,0.9995861649513245,0.0016084909439086914
TEMP_TEST\FAKE\101 (10).jpg,AI-generated,gaussian_noise,0.9979776740074158,0.984624981880188,-0.013352692127227783,1,1,0,0.9979776740074158,0.984624981880188,-0.013352692127227783
TEMP_TEST\FAKE\101 (2).jpg,AI-generated,jpeg_70,0.9995972514152527,0.9997308850288391,0.00013363361358642578,1,1,0,0.9995972514152527,0.9997308850288391,0.00013363361358642578
TEMP_TEST\FAKE\101 (2).jpg,AI-generated,jpeg_50,0.9995972514152527,0.9982566237449646,-0.001340627670288086,1,1,0,0.9995972514152527,0.9982566237449646,-0.001340627670288086
TEMP_TEST\FAKE\101 (2).jpg,AI-generated,resize_16_roundtrip,0.9995972514152527,0.9042519330978394,-0.09534531831741333,1,1,0,0.9995972514152527,0.9042519330978394,-0.09534531831741333
TEMP_TEST\FAKE\101 (2).jpg,AI-generated,resize_8_roundtrip,0.9995972514152527,0.5742154717445374,-0.42538177967071533,1,1,0,0.9995972514152527,0.5742154717445374,-0.42538177967071533
TEMP_TEST\FAKE\101 (2).jpg,AI-generated,gaussian_blur,0.9995972514152527,0.981838583946228,-0.017758667469024658,1,1,0,0.9995972514152527,0.981838583946228,-0.017758667469024658
TEMP_TEST\FAKE\101 (2).jpg,AI-generated,contrast_low,0.9995972514152527,0.9958180785179138,-0.003779172897338867,1,1,0,0.9995972514152527,0.9958180785179138,-0.003779172897338867
TEMP_TEST\FAKE\101 (2).jpg,AI-generated,contrast_high,0.9995972514152527,0.9999058246612549,0.00030857324600219727,1,1,0,0.9995972514152527,0.9999058246612549,0.00030857324600219727
TEMP_TEST\FAKE\101 (2).jpg,AI-generated,brightness_low,0.9995972514152527,0.999046266078949,-0.0005509853363037109,1,1,0,0.9995972514152527,0.999046266078949,-0.0005509853363037109
TEMP_TEST\FAKE\101 (2).jpg,AI-generated,brightness_high,0.9995972514152527,0.9996844530105591,8.720159530639648e-05,1,1,0,0.9995972514152527,0.9996844530105591,8.720159530639648e-05
TEMP_TEST\FAKE\101 (2).jpg,AI-generated,gaussian_noise,0.9995972514152527,0.998421311378479,-0.0011759400367736816,1,1,0,0.9995972514152527,0.998421311378479,-0.0011759400367736816
TEMP_TEST\FAKE\101 (3).jpg,AI-generated,jpeg_70,0.686560869216919,0.6952343583106995,0.008673489093780518,1,1,0,0.686560869216919,0.6952343583106995,0.008673489093780518
TEMP_TEST\FAKE\101 (3).jpg,AI-generated,jpeg_50,0.686560869216919,0.25682660937309265,-0.4297342598438263,1,0,1,0.686560869216919,0.7431733906269073,0.0566125214099884
TEMP_TEST\FAKE\101 (3).jpg,AI-generated,resize_16_roundtrip,0.686560869216919,0.6608672738075256,-0.02569359540939331,1,1,0,0.686560869216919,0.6608672738075256,-0.02569359540939331
TEMP_TEST\FAKE\101 (3).jpg,AI-generated,resize_8_roundtrip,0.686560869216919,0.8781521320343018,0.1915912628173828,1,1,0,0.686560869216919,0.8781521320343018,0.1915912628173828
TEMP_TEST\FAKE\101 (3).jpg,AI-generated,gaussian_blur,0.686560869216919,0.7425478100776672,0.05598694086074829,1,1,0,0.686560869216919,0.7425478100776672,0.05598694086074829
TEMP_TEST\FAKE\101 (3).jpg,AI-generated,contrast_low,0.686560869216919,0.5047577619552612,-0.18180310726165771,1,0,1,0.686560869216919,0.49524223804473877,-0.19131863117218018
TEMP_TEST\FAKE\101 (3).jpg,AI-generated,contrast_high,0.686560869216919,0.8110646605491638,0.12450379133224487,1,1,0,0.686560869216919,0.8110646605491638,0.12450379133224487
TEMP_TEST\FAKE\101 (3).jpg,AI-generated,brightness_low,0.686560869216919,0.8565434813499451,0.16998261213302612,1,1,0,0.686560869216919,0.8565434813499451,0.16998261213302612
TEMP_TEST\FAKE\101 (3).jpg,AI-generated,brightness_high,0.686560869216919,0.39861148595809937,-0.2879493832588196,1,0,1,0.686560869216919,0.6013885140419006,-0.08517235517501831
TEMP_TEST\FAKE\101 (3).jpg,AI-generated,gaussian_noise,0.686560869216919,0.39949914813041687,-0.2870617210865021,1,0,1,0.686560869216919,0.6005008518695831,-0.08606001734733582
TEMP_TEST\FAKE\101 (4).jpg,AI-generated,jpeg_70,0.9999940395355225,0.9999949932098389,9.5367431640625e-07,1,1,0,0.9999940395355225,0.9999949932098389,9.5367431640625e-07
TEMP_TEST\FAKE\101 (4).jpg,AI-generated,jpeg_50,0.9999940395355225,0.9996300935745239,-0.00036394596099853516,1,1,0,0.9999940395355225,0.9996300935745239,-0.00036394596099853516
TEMP_TEST\FAKE\101 (4).jpg,AI-generated,resize_16_roundtrip,0.9999940395355225,0.8945029973983765,-0.105491042137146,1,1,0,0.9999940395355225,0.8945029973983765,-0.105491042137146
TEMP_TEST\FAKE\101 (4).jpg,AI-generated,resize_8_roundtrip,0.9999940395355225,0.6073063015937805,-0.39268773794174194,1,1,0,0.9999940395355225,0.6073063015937805,-0.39268773794174194
TEMP_TEST\FAKE\101 (4).jpg,AI-generated,gaussian_blur,0.9999940395355225,0.9947779178619385,-0.005216121673583984,1,1,0,0.9999940395355225,0.9947779178619385,-0.005216121673583984
TEMP_TEST\FAKE\101 (4).jpg,AI-generated,contrast_low,0.9999940395355225,0.9996893405914307,-0.0003046989440917969,1,1,0,0.9999940395355225,0.9996893405914307,-0.0003046989440917969
TEMP_TEST\FAKE\101 (4).jpg,AI-generated,contrast_high,0.9999940395355225,0.9999973773956299,3.337860107421875e-06,1,1,0,0.9999940395355225,0.9999973773956299,3.337860107421875e-06
TEMP_TEST\FAKE\101 (4).jpg,AI-generated,brightness_low,0.9999940395355225,0.9999754428863525,-1.8596649169921875e-05,1,1,0,0.9999940395355225,0.9999754428863525,-1.8596649169921875e-05
TEMP_TEST\FAKE\101 (4).jpg,AI-generated,brightness_high,0.9999940395355225,0.9999836683273315,-1.0371208190917969e-05,1,1,0,0.9999940395355225,0.9999836683273315,-1.0371208190917969e-05
TEMP_TEST\FAKE\101 (4).jpg,AI-generated,gaussian_noise,0.9999940395355225,0.9999855756759644,-8.463859558105469e-06,1,1,0,0.9999940395355225,0.9999855756759644,-8.463859558105469e-06
TEMP_TEST\FAKE\101 (5).jpg,AI-generated,jpeg_70,0.9999756813049316,0.9999784231185913,2.7418136596679688e-06,1,1,0,0.9999756813049316,0.9999784231185913,2.7418136596679688e-06
TEMP_TEST\FAKE\101 (5).jpg,AI-generated,jpeg_50,0.9999756813049316,0.9997195601463318,-0.0002561211585998535,1,1,0,0.9999756813049316,0.9997195601463318,-0.0002561211585998535
TEMP_TEST\FAKE\101 (5).jpg,AI-generated,resize_16_roundtrip,0.9999756813049316,0.8901957273483276,-0.109779953956604,1,1,0,0.9999756813049316,0.8901957273483276,-0.109779953956604
TEMP_TEST\FAKE\101 (5).jpg,AI-generated,resize_8_roundtrip,0.9999756813049316,0.9480849504470825,-0.05189073085784912,1,1,0,0.9999756813049316,0.9480849504470825,-0.05189073085784912
TEMP_TEST\FAKE\101 (5).jpg,AI-generated,gaussian_blur,0.9999756813049316,0.9924182891845703,-0.007557392120361328,1,1,0,0.9999756813049316,0.9924182891845703,-0.007557392120361328
TEMP_TEST\FAKE\101 (5).jpg,AI-generated,contrast_low,0.9999756813049316,0.9994229078292847,-0.0005527734756469727,1,1,0,0.9999756813049316,0.9994229078292847,-0.0005527734756469727
TEMP_TEST\FAKE\101 (5).jpg,AI-generated,contrast_high,0.9999756813049316,0.9999985694885254,2.288818359375e-05,1,1,0,0.9999756813049316,0.9999985694885254,2.288818359375e-05
TEMP_TEST\FAKE\101 (5).jpg,AI-generated,brightness_low,0.9999756813049316,0.999811589717865,-0.0001640915870666504,1,1,0,0.9999756813049316,0.999811589717865,-0.0001640915870666504
TEMP_TEST\FAKE\101 (5).jpg,AI-generated,brightness_high,0.9999756813049316,0.999995231628418,1.9550323486328125e-05,1,1,0,0.9999756813049316,0.999995231628418,1.9550323486328125e-05
TEMP_TEST\FAKE\101 (5).jpg,AI-generated,gaussian_noise,0.9999756813049316,0.9998251795768738,-0.00015050172805786133,1,1,0,0.9999756813049316,0.9998251795768738,-0.00015050172805786133
TEMP_TEST\FAKE\101 (6).jpg,AI-generated,jpeg_70,0.9933316111564636,0.9891675710678101,-0.0041640400886535645,1,1,0,0.9933316111564636,0.9891675710678101,-0.0041640400886535645
TEMP_TEST\FAKE\101 (6).jpg,AI-generated,jpeg_50,0.9933316111564636,0.9643958210945129,-0.028935790061950684,1,1,0,0.9933316111564636,0.9643958210945129,-0.028935790061950684
TEMP_TEST\FAKE\101 (6).jpg,AI-generated,resize_16_roundtrip,0.9933316111564636,0.49665558338165283,-0.4966760277748108,1,0,1,0.9933316111564636,0.5033444166183472,-0.48998719453811646
TEMP_TEST\FAKE\101 (6).jpg,AI-generated,resize_8_roundtrip,0.9933316111564636,0.6561264991760254,-0.33720511198043823,1,1,0,0.9933316111564636,0.6561264991760254,-0.33720511198043823
TEMP_TEST\FAKE\101 (6).jpg,AI-generated,gaussian_blur,0.9933316111564636,0.8530969619750977,-0.14023464918136597,1,1,0,0.9933316111564636,0.8530969619750977,-0.14023464918136597
TEMP_TEST\FAKE\101 (6).jpg,AI-generated,contrast_low,0.9933316111564636,0.7886940240859985,-0.2046375870704651,1,1,0,0.9933316111564636,0.7886940240859985,-0.2046375870704651
TEMP_TEST\FAKE\101 (6).jpg,AI-generated,contrast_high,0.9933316111564636,0.9994540810585022,0.006122469902038574,1,1,0,0.9933316111564636,0.9994540810585022,0.006122469902038574
TEMP_TEST\FAKE\101 (6).jpg,AI-generated,brightness_low,0.9933316111564636,0.9834470748901367,-0.009884536266326904,1,1,0,0.9933316111564636,0.9834470748901367,-0.009884536266326904
TEMP_TEST\FAKE\101 (6).jpg,AI-generated,brightness_high,0.9933316111564636,0.9962084293365479,0.0028768181800842285,1,1,0,0.9933316111564636,0.9962084293365479,0.0028768181800842285
TEMP_TEST\FAKE\101 (6).jpg,AI-generated,gaussian_noise,0.9933316111564636,0.9934938549995422,0.00016224384307861328,1,1,0,0.9933316111564636,0.9934938549995422,0.00016224384307861328
TEMP_TEST\FAKE\101 (7).jpg,AI-generated,jpeg_70,0.9999638795852661,0.9999862909317017,2.2411346435546875e-05,1,1,0,0.9999638795852661,0.9999862909317017,2.2411346435546875e-05
TEMP_TEST\FAKE\101 (7).jpg,AI-generated,jpeg_50,0.9999638795852661,0.9988999366760254,-0.0010639429092407227,1,1,0,0.9999638795852661,0.9988999366760254,-0.0010639429092407227
TEMP_TEST\FAKE\101 (7).jpg,AI-generated,resize_16_roundtrip,0.9999638795852661,0.9645102620124817,-0.035453617572784424,1,1,0,0.9999638795852661,0.9645102620124817,-0.035453617572784424
TEMP_TEST\FAKE\101 (7).jpg,AI-generated,resize_8_roundtrip,0.9999638795852661,0.8039730191230774,-0.19599086046218872,1,1,0,0.9999638795852661,0.8039730191230774,-0.19599086046218872
TEMP_TEST\FAKE\101 (7).jpg,AI-generated,gaussian_blur,0.9999638795852661,0.9940226674079895,-0.005941212177276611,1,1,0,0.9999638795852661,0.9940226674079895,-0.005941212177276611
TEMP_TEST\FAKE\101 (7).jpg,AI-generated,contrast_low,0.9999638795852661,0.9913718700408936,-0.008592009544372559,1,1,0,0.9999638795852661,0.9913718700408936,-0.008592009544372559
TEMP_TEST\FAKE\101 (7).jpg,AI-generated,contrast_high,0.9999638795852661,0.9999990463256836,3.516674041748047e-05,1,1,0,0.9999638795852661,0.9999990463256836,3.516674041748047e-05
TEMP_TEST\FAKE\101 (7).jpg,AI-generated,brightness_low,0.9999638795852661,0.9995031356811523,-0.00046074390411376953,1,1,0,0.9999638795852661,0.9995031356811523,-0.00046074390411376953
TEMP_TEST\FAKE\101 (7).jpg,AI-generated,brightness_high,0.9999638795852661,0.9999911785125732,2.7298927307128906e-05,1,1,0,0.9999638795852661,0.9999911785125732,2.7298927307128906e-05
TEMP_TEST\FAKE\101 (7).jpg,AI-generated,gaussian_noise,0.9999638795852661,0.9998749494552612,-8.893013000488281e-05,1,1,0,0.9999638795852661,0.9998749494552612,-8.893013000488281e-05
TEMP_TEST\FAKE\101 (8).jpg,AI-generated,jpeg_70,0.9999394416809082,0.9999383687973022,-1.0728836059570312e-06,1,1,0,0.9999394416809082,0.9999383687973022,-1.0728836059570312e-06
TEMP_TEST\FAKE\101 (8).jpg,AI-generated,jpeg_50,0.9999394416809082,0.9969040751457214,-0.0030353665351867676,1,1,0,0.9999394416809082,0.9969040751457214,-0.0030353665351867676
TEMP_TEST\FAKE\101 (8).jpg,AI-generated,resize_16_roundtrip,0.9999394416809082,0.9854758381843567,-0.014463603496551514,1,1,0,0.9999394416809082,0.9854758381843567,-0.014463603496551514
TEMP_TEST\FAKE\101 (8).jpg,AI-generated,resize_8_roundtrip,0.9999394416809082,0.8575553297996521,-0.1423841118812561,1,1,0,0.9999394416809082,0.8575553297996521,-0.1423841118812561
TEMP_TEST\FAKE\101 (8).jpg,AI-generated,gaussian_blur,0.9999394416809082,0.9985480904579163,-0.0013913512229919434,1,1,0,0.9999394416809082,0.9985480904579163,-0.0013913512229919434
TEMP_TEST\FAKE\101 (8).jpg,AI-generated,contrast_low,0.9999394416809082,0.9762170910835266,-0.023722350597381592,1,1,0,0.9999394416809082,0.9762170910835266,-0.023722350597381592
TEMP_TEST\FAKE\101 (8).jpg,AI-generated,contrast_high,0.9999394416809082,0.9999947547912598,5.53131103515625e-05,1,1,0,0.9999394416809082,0.9999947547912598,5.53131103515625e-05
TEMP_TEST\FAKE\101 (8).jpg,AI-generated,brightness_low,0.9999394416809082,0.9997079968452454,-0.0002314448356628418,1,1,0,0.9999394416809082,0.9997079968452454,-0.0002314448356628418
TEMP_TEST\FAKE\101 (8).jpg,AI-generated,brightness_high,0.9999394416809082,0.9999324083328247,-7.033348083496094e-06,1,1,0,0.9999394416809082,0.9999324083328247,-7.033348083496094e-06
TEMP_TEST\FAKE\101 (8).jpg,AI-generated,gaussian_noise,0.9999394416809082,0.9996482133865356,-0.0002912282943725586,1,1,0,0.9999394416809082,0.9996482133865356,-0.0002912282943725586
TEMP_TEST\FAKE\101 (9).jpg,AI-generated,jpeg_70,0.9992756247520447,0.999778687953949,0.0005030632019042969,1,1,0,0.9992756247520447,0.999778687953949,0.0005030632019042969
TEMP_TEST\FAKE\101 (9).jpg,AI-generated,jpeg_50,0.9992756247520447,0.9998390674591064,0.0005634427070617676,1,1,0,0.9992756247520447,0.9998390674591064,0.0005634427070617676
TEMP_TEST\FAKE\101 (9).jpg,AI-generated,resize_16_roundtrip,0.9992756247520447,0.973543643951416,-0.025731980800628662,1,1,0,0.9992756247520447,0.973543643951416,-0.025731980800628662
TEMP_TEST\FAKE\101 (9).jpg,AI-generated,resize_8_roundtrip,0.9992756247520447,0.9680441617965698,-0.031231462955474854,1,1,0,0.9992756247520447,0.9680441617965698,-0.031231462955474854
TEMP_TEST\FAKE\101 (9).jpg,AI-generated,gaussian_blur,0.9992756247520447,0.9885856509208679,-0.010689973831176758,1,1,0,0.9992756247520447,0.9885856509208679,-0.010689973831176758
TEMP_TEST\FAKE\101 (9).jpg,AI-generated,contrast_low,0.9992756247520447,0.9979185461997986,-0.0013570785522460938,1,1,0,0.9992756247520447,0.9979185461997986,-0.0013570785522460938
TEMP_TEST\FAKE\101 (9).jpg,AI-generated,contrast_high,0.9992756247520447,0.9995121955871582,0.0002365708351135254,1,1,0,0.9992756247520447,0.9995121955871582,0.0002365708351135254
TEMP_TEST\FAKE\101 (9).jpg,AI-generated,brightness_low,0.9992756247520447,0.9986786246299744,-0.0005970001220703125,1,1,0,0.9992756247520447,0.9986786246299744,-0.0005970001220703125
TEMP_TEST\FAKE\101 (9).jpg,AI-generated,brightness_high,0.9992756247520447,0.9989433884620667,-0.00033223628997802734,1,1,0,0.9992756247520447,0.9989433884620667,-0.00033223628997802734
TEMP_TEST\FAKE\101 (9).jpg,AI-generated,gaussian_noise,0.9992756247520447,0.9922409057617188,-0.007034718990325928,1,1,0,0.9992756247520447,0.9922409057617188,-0.007034718990325928
TEMP_TEST\FAKE\101.jpg,AI-generated,jpeg_70,0.923403799533844,0.9607482552528381,0.03734445571899414,1,1,0,0.923403799533844,0.9607482552528381,0.03734445571899414
TEMP_TEST\FAKE\101.jpg,AI-generated,jpeg_50,0.923403799533844,0.7157443761825562,-0.20765942335128784,1,1,0,0.923403799533844,0.7157443761825562,-0.20765942335128784
TEMP_TEST\FAKE\101.jpg,AI-generated,resize_16_roundtrip,0.923403799533844,0.16328629851341248,-0.7601175010204315,1,0,1,0.923403799533844,0.8367137014865875,-0.08669009804725647
TEMP_TEST\FAKE\101.jpg,AI-generated,resize_8_roundtrip,0.923403799533844,0.12480263411998749,-0.7986011654138565,1,0,1,0.923403799533844,0.8751973658800125,-0.04820643365383148
TEMP_TEST\FAKE\101.jpg,AI-generated,gaussian_blur,0.923403799533844,0.3693888783454895,-0.5540149211883545,1,0,1,0.923403799533844,0.6306111216545105,-0.2927926778793335
TEMP_TEST\FAKE\101.jpg,AI-generated,contrast_low,0.923403799533844,0.5761485695838928,-0.34725522994995117,1,1,0,0.923403799533844,0.5761485695838928,-0.34725522994995117
TEMP_TEST\FAKE\101.jpg,AI-generated,contrast_high,0.923403799533844,0.9973128437995911,0.07390904426574707,1,1,0,0.923403799533844,0.9973128437995911,0.07390904426574707
TEMP_TEST\FAKE\101.jpg,AI-generated,brightness_low,0.923403799533844,0.9675286412239075,0.04412484169006348,1,1,0,0.923403799533844,0.9675286412239075,0.04412484169006348
TEMP_TEST\FAKE\101.jpg,AI-generated,brightness_high,0.923403799533844,0.7330906391143799,-0.1903131604194641,1,1,0,0.923403799533844,0.7330906391143799,-0.1903131604194641
TEMP_TEST\FAKE\101.jpg,AI-generated,gaussian_noise,0.923403799533844,0.7941855788230896,-0.1292182207107544,1,1,0,0.923403799533844,0.7941855788230896,-0.1292182207107544
TEMP_TEST\FAKE\102 (10).jpg,AI-generated,jpeg_70,0.007848815992474556,0.012602007947862148,0.004753191955387592,0,0,0,0.9921511840075254,0.9873979920521379,-0.004753191955387592
TEMP_TEST\FAKE\102 (10).jpg,AI-generated,jpeg_50,0.007848815992474556,0.03071732260286808,0.022868506610393524,0,0,0,0.9921511840075254,0.9692826773971319,-0.022868506610393524
TEMP_TEST\FAKE\102 (10).jpg,AI-generated,resize_16_roundtrip,0.007848815992474556,0.14538118243217468,0.13753236643970013,0,0,0,0.9921511840075254,0.8546188175678253,-0.13753236643970013
TEMP_TEST\FAKE\102 (10).jpg,AI-generated,resize_8_roundtrip,0.007848815992474556,0.4424119293689728,0.4345631133764982,0,0,0,0.9921511840075254,0.5575880706310272,-0.4345631133764982
TEMP_TEST\FAKE\102 (10).jpg,AI-generated,gaussian_blur,0.007848815992474556,0.05342182144522667,0.04557300545275211,0,0,0,0.9921511840075254,0.9465781785547733,-0.04557300545275211
TEMP_TEST\FAKE\102 (10).jpg,AI-generated,contrast_low,0.007848815992474556,0.0148438336327672,0.0069950176402926445,0,0,0,0.9921511840075254,0.9851561663672328,-0.0069950176402926445
TEMP_TEST\FAKE\102 (10).jpg,AI-generated,contrast_high,0.007848815992474556,0.011252149008214474,0.0034033330157399178,0,0,0,0.9921511840075254,0.9887478509917855,-0.0034033330157399178
TEMP_TEST\FAKE\102 (10).jpg,AI-generated,brightness_low,0.007848815992474556,0.012373990379273891,0.0045251743867993355,0,0,0,0.9921511840075254,0.9876260096207261,-0.0045251743867993355
TEMP_TEST\FAKE\102 (10).jpg,AI-generated,brightness_high,0.007848815992474556,0.005895152688026428,-0.0019536633044481277,0,0,0,0.9921511840075254,0.9941048473119736,0.0019536633044481277
TEMP_TEST\FAKE\102 (10).jpg,AI-generated,gaussian_noise,0.007848815992474556,0.004864152520895004,-0.0029846634715795517,0,0,0,0.9921511840075254,0.995135847479105,0.0029846634715795517
TEMP_TEST\FAKE\102 (2).jpg,AI-generated,jpeg_70,0.9932736158370972,0.9894040822982788,-0.0038695335388183594,1,1,0,0.9932736158370972,0.9894040822982788,-0.0038695335388183594
TEMP_TEST\FAKE\102 (2).jpg,AI-generated,jpeg_50,0.9932736158370972,0.9654040336608887,-0.027869582176208496,1,1,0,0.9932736158370972,0.9654040336608887,-0.027869582176208496
TEMP_TEST\FAKE\102 (2).jpg,AI-generated,resize_16_roundtrip,0.9932736158370972,0.9519134759902954,-0.04136013984680176,1,1,0,0.9932736158370972,0.9519134759902954,-0.04136013984680176
TEMP_TEST\FAKE\102 (2).jpg,AI-generated,resize_8_roundtrip,0.9932736158370972,0.6491343975067139,-0.3441392183303833,1,1,0,0.9932736158370972,0.6491343975067139,-0.3441392183303833
TEMP_TEST\FAKE\102 (2).jpg,AI-generated,gaussian_blur,0.9932736158370972,0.9720095992088318,-0.02126401662826538,1,1,0,0.9932736158370972,0.9720095992088318,-0.02126401662826538
TEMP_TEST\FAKE\102 (2).jpg,AI-generated,contrast_low,0.9932736158370972,0.828214168548584,-0.16505944728851318,1,1,0,0.9932736158370972,0.828214168548584,-0.16505944728851318
TEMP_TEST\FAKE\102 (2).jpg,AI-generated,contrast_high,0.9932736158370972,0.9989364743232727,0.005662858486175537,1,1,0,0.9932736158370972,0.9989364743232727,0.005662858486175537
TEMP_TEST\FAKE\102 (2).jpg,AI-generated,brightness_low,0.9932736158370972,0.9938045740127563,0.0005309581756591797,1,1,0,0.9932736158370972,0.9938045740127563,0.0005309581756591797
TEMP_TEST\FAKE\102 (2).jpg,AI-generated,brightness_high,0.9932736158370972,0.9921798706054688,-0.001093745231628418,1,1,0,0.9932736158370972,0.9921798706054688,-0.001093745231628418
TEMP_TEST\FAKE\102 (2).jpg,AI-generated,gaussian_noise,0.9932736158370972,0.9761477708816528,-0.017125844955444336,1,1,0,0.9932736158370972,0.9761477708816528,-0.017125844955444336
TEMP_TEST\FAKE\102 (3).jpg,AI-generated,jpeg_70,0.9968210458755493,0.9976690411567688,0.0008479952812194824,1,1,0,0.9968210458755493,0.9976690411567688,0.0008479952812194824
TEMP_TEST\FAKE\102 (3).jpg,AI-generated,jpeg_50,0.9968210458755493,0.9983270764350891,0.001506030559539795,1,1,0,0.9968210458755493,0.9983270764350891,0.001506030559539795
TEMP_TEST\FAKE\102 (3).jpg,AI-generated,resize_16_roundtrip,0.9968210458755493,0.9297336935997009,-0.06708735227584839,1,1,0,0.9968210458755493,0.9297336935997009,-0.06708735227584839
TEMP_TEST\FAKE\102 (3).jpg,AI-generated,resize_8_roundtrip,0.9968210458755493,0.9175105094909668,-0.07931053638458252,1,1,0,0.9968210458755493,0.9175105094909668,-0.07931053638458252
TEMP_TEST\FAKE\102 (3).jpg,AI-generated,gaussian_blur,0.9968210458755493,0.9820613265037537,-0.014759719371795654,1,1,0,0.9968210458755493,0.9820613265037537,-0.014759719371795654
TEMP_TEST\FAKE\102 (3).jpg,AI-generated,contrast_low,0.9968210458755493,0.9930616021156311,-0.003759443759918213,1,1,0,0.9968210458755493,0.9930616021156311,-0.003759443759918213
TEMP_TEST\FAKE\102 (3).jpg,AI-generated,contrast_high,0.9968210458755493,0.9985264539718628,0.0017054080963134766,1,1,0,0.9968210458755493,0.9985264539718628,0.0017054080963134766
TEMP_TEST\FAKE\102 (3).jpg,AI-generated,brightness_low,0.9968210458755493,0.9915709495544434,-0.005250096321105957,1,1,0,0.9968210458755493,0.9915709495544434,-0.005250096321105957
TEMP_TEST\FAKE\102 (3).jpg,AI-generated,brightness_high,0.9968210458755493,0.9973170161247253,0.0004959702491760254,1,1,0,0.9968210458755493,0.9973170161247253,0.0004959702491760254
TEMP_TEST\FAKE\102 (3).jpg,AI-generated,gaussian_noise,0.9968210458755493,0.838409423828125,-0.15841162204742432,1,1,0,0.9968210458755493,0.838409423828125,-0.15841162204742432
TEMP_TEST\FAKE\102 (4).jpg,AI-generated,jpeg_70,0.9073370695114136,0.9381377100944519,0.03080064058303833,1,1,0,0.9073370695114136,0.9381377100944519,0.03080064058303833
TEMP_TEST\FAKE\102 (4).jpg,AI-generated,jpeg_50,0.9073370695114136,0.9271993637084961,0.01986229419708252,1,1,0,0.9073370695114136,0.9271993637084961,0.01986229419708252
TEMP_TEST\FAKE\102 (4).jpg,AI-generated,resize_16_roundtrip,0.9073370695114136,0.23537862300872803,-0.6719584465026855,1,0,1,0.9073370695114136,0.764621376991272,-0.1427156925201416
TEMP_TEST\FAKE\102 (4).jpg,AI-generated,resize_8_roundtrip,0.9073370695114136,0.2950912117958069,-0.6122458577156067,1,0,1,0.9073370695114136,0.7049087882041931,-0.20242828130722046
TEMP_TEST\FAKE\102 (4).jpg,AI-generated,gaussian_blur,0.9073370695114136,0.11210472136735916,-0.7952323481440544,1,0,1,0.9073370695114136,0.8878952786326408,-0.019441790878772736
TEMP_TEST\FAKE\102 (4).jpg,AI-generated,contrast_low,0.9073370695114136,0.4118322730064392,-0.49550479650497437,1,0,1,0.9073370695114136,0.5881677269935608,-0.3191693425178528
TEMP_TEST\FAKE\102 (4).jpg,AI-generated,contrast_high,0.9073370695114136,0.9917190074920654,0.08438193798065186,1,1,0,0.9073370695114136,0.9917190074920654,0.08438193798065186
TEMP_TEST\FAKE\102 (4).jpg,AI-generated,brightness_low,0.9073370695114136,0.769529402256012,-0.1378076672554016,1,1,0,0.9073370695114136,0.769529402256012,-0.1378076672554016
TEMP_TEST\FAKE\102 (4).jpg,AI-generated,brightness_high,0.9073370695114136,0.881622850894928,-0.025714218616485596,1,1,0,0.9073370695114136,0.881622850894928,-0.025714218616485596
TEMP_TEST\FAKE\102 (4).jpg,AI-generated,gaussian_noise,0.9073370695114136,0.7389339208602905,-0.16840314865112305,1,1,0,0.9073370695114136,0.7389339208602905,-0.16840314865112305
TEMP_TEST\FAKE\102 (5).jpg,AI-generated,jpeg_70,0.999901294708252,0.9999290704727173,2.777576446533203e-05,1,1,0,0.999901294708252,0.9999290704727173,2.777576446533203e-05
TEMP_TEST\FAKE\102 (5).jpg,AI-generated,jpeg_50,0.999901294708252,0.9997815489768982,-0.00011974573135375977,1,1,0,0.999901294708252,0.9997815489768982,-0.00011974573135375977
TEMP_TEST\FAKE\102 (5).jpg,AI-generated,resize_16_roundtrip,0.999901294708252,0.9877504706382751,-0.012150824069976807,1,1,0,0.999901294708252,0.9877504706382751,-0.012150824069976807
TEMP_TEST\FAKE\102 (5).jpg,AI-generated,resize_8_roundtrip,0.999901294708252,0.8982717990875244,-0.10162949562072754,1,1,0,0.999901294708252,0.8982717990875244,-0.10162949562072754
TEMP_TEST\FAKE\102 (5).jpg,AI-generated,gaussian_blur,0.999901294708252,0.9971471428871155,-0.0027541518211364746,1,1,0,0.999901294708252,0.9971471428871155,-0.0027541518211364746
TEMP_TEST\FAKE\102 (5).jpg,AI-generated,contrast_low,0.999901294708252,0.9978315234184265,-0.0020697712898254395,1,1,0,0.999901294708252,0.9978315234184265,-0.0020697712898254395
TEMP_TEST\FAKE\102 (5).jpg,AI-generated,contrast_high,0.999901294708252,0.9999943971633911,9.310245513916016e-05,1,1,0,0.999901294708252,0.9999943971633911,9.310245513916016e-05
TEMP_TEST\FAKE\102 (5).jpg,AI-generated,brightness_low,0.999901294708252,0.999188244342804,-0.000713050365447998,1,1,0,0.999901294708252,0.999188244342804,-0.000713050365447998
TEMP_TEST\FAKE\102 (5).jpg,AI-generated,brightness_high,0.999901294708252,0.9998308420181274,-7.045269012451172e-05,1,1,0,0.999901294708252,0.9998308420181274,-7.045269012451172e-05
TEMP_TEST\FAKE\102 (5).jpg,AI-generated,gaussian_noise,0.999901294708252,0.9895602464675903,-0.010341048240661621,1,1,0,0.999901294708252,0.9895602464675903,-0.010341048240661621
TEMP_TEST\FAKE\102 (6).jpg,AI-generated,jpeg_70,0.9926086068153381,0.9926387071609497,3.0100345611572266e-05,1,1,0,0.9926086068153381,0.9926387071609497,3.0100345611572266e-05
TEMP_TEST\FAKE\102 (6).jpg,AI-generated,jpeg_50,0.9926086068153381,0.9944567680358887,0.0018481612205505371,1,1,0,0.9926086068153381,0.9944567680358887,0.0018481612205505371
TEMP_TEST\FAKE\102 (6).jpg,AI-generated,resize_16_roundtrip,0.9926086068153381,0.8303535580635071,-0.16225504875183105,1,1,0,0.9926086068153381,0.8303535580635071,-0.16225504875183105
TEMP_TEST\FAKE\102 (6).jpg,AI-generated,resize_8_roundtrip,0.9926086068153381,0.4965813159942627,-0.49602729082107544,1,0,1,0.9926086068153381,0.5034186840057373,-0.48918992280960083
TEMP_TEST\FAKE\102 (6).jpg,AI-generated,gaussian_blur,0.9926086068153381,0.9430380463600159,-0.049570560455322266,1,1,0,0.9926086068153381,0.9430380463600159,-0.049570560455322266
TEMP_TEST\FAKE\102 (6).jpg,AI-generated,contrast_low,0.9926086068153381,0.7513489127159119,-0.24125969409942627,1,1,0,0.9926086068153381,0.7513489127159119,-0.24125969409942627
TEMP_TEST\FAKE\102 (6).jpg,AI-generated,contrast_high,0.9926086068153381,0.9994025230407715,0.00679391622543335,1,1,0,0.9926086068153381,0.9994025230407715,0.00679391622543335
TEMP_TEST\FAKE\102 (6).jpg,AI-generated,brightness_low,0.9926086068153381,0.9496356844902039,-0.04297292232513428,1,1,0,0.9926086068153381,0.9496356844902039,-0.04297292232513428
TEMP_TEST\FAKE\102 (6).jpg,AI-generated,brightness_high,0.9926086068153381,0.9990944862365723,0.006485879421234131,1,1,0,0.9926086068153381,0.9990944862365723,0.006485879421234131
TEMP_TEST\FAKE\102 (6).jpg,AI-generated,gaussian_noise,0.9926086068153381,0.9913188815116882,-0.0012897253036499023,1,1,0,0.9926086068153381,0.9913188815116882,-0.0012897253036499023
TEMP_TEST\FAKE\102 (7).jpg,AI-generated,jpeg_70,0.9999290704727173,0.9999703168869019,4.124641418457031e-05,1,1,0,0.9999290704727173,0.9999703168869019,4.124641418457031e-05
TEMP_TEST\FAKE\102 (7).jpg,AI-generated,jpeg_50,0.9999290704727173,0.9957090616226196,-0.004220008850097656,1,1,0,0.9999290704727173,0.9957090616226196,-0.004220008850097656
TEMP_TEST\FAKE\102 (7).jpg,AI-generated,resize_16_roundtrip,0.9999290704727173,0.9768896698951721,-0.023039400577545166,1,1,0,0.9999290704727173,0.9768896698951721,-0.023039400577545166
TEMP_TEST\FAKE\102 (7).jpg,AI-generated,resize_8_roundtrip,0.9999290704727173,0.9242397546768188,-0.07568931579589844,1,1,0,0.9999290704727173,0.9242397546768188,-0.07568931579589844
TEMP_TEST\FAKE\102 (7).jpg,AI-generated,gaussian_blur,0.9999290704727173,0.9972167015075684,-0.0027123689651489258,1,1,0,0.9999290704727173,0.9972167015075684,-0.0027123689651489258
TEMP_TEST\FAKE\102 (7).jpg,AI-generated,contrast_low,0.9999290704727173,0.9924748539924622,-0.007454216480255127,1,1,0,0.9999290704727173,0.9924748539924622,-0.007454216480255127
TEMP_TEST\FAKE\102 (7).jpg,AI-generated,contrast_high,0.9999290704727173,0.9999949932098389,6.592273712158203e-05,1,1,0,0.9999290704727173,0.9999949932098389,6.592273712158203e-05
TEMP_TEST\FAKE\102 (7).jpg,AI-generated,brightness_low,0.9999290704727173,0.9989870190620422,-0.0009420514106750488,1,1,0,0.9999290704727173,0.9989870190620422,-0.0009420514106750488
TEMP_TEST\FAKE\102 (7).jpg,AI-generated,brightness_high,0.9999290704727173,0.9999617338180542,3.266334533691406e-05,1,1,0,0.9999290704727173,0.9999617338180542,3.266334533691406e-05
TEMP_TEST\FAKE\102 (7).jpg,AI-generated,gaussian_noise,0.9999290704727173,0.9995928406715393,-0.0003362298011779785,1,1,0,0.9999290704727173,0.9995928406715393,-0.0003362298011779785
TEMP_TEST\FAKE\102 (8).jpg,AI-generated,jpeg_70,0.994594156742096,0.9964170455932617,0.0018228888511657715,1,1,0,0.994594156742096,0.9964170455932617,0.0018228888511657715
TEMP_TEST\FAKE\102 (8).jpg,AI-generated,jpeg_50,0.994594156742096,0.9978967905044556,0.003302633762359619,1,1,0,0.994594156742096,0.9978967905044556,0.003302633762359619
TEMP_TEST\FAKE\102 (8).jpg,AI-generated,resize_16_roundtrip,0.994594156742096,0.507490336894989,-0.48710381984710693,1,0,1,0.994594156742096,0.492509663105011,-0.502084493637085
TEMP_TEST\FAKE\102 (8).jpg,AI-generated,resize_8_roundtrip,0.994594156742096,0.12100864946842194,-0.873585507273674,1,0,1,0.994594156742096,0.8789913505315781,-0.11560280621051788
TEMP_TEST\FAKE\102 (8).jpg,AI-generated,gaussian_blur,0.994594156742096,0.9445734024047852,-0.05002075433731079,1,1,0,0.994594156742096,0.9445734024047852,-0.05002075433731079
TEMP_TEST\FAKE\102 (8).jpg,AI-generated,contrast_low,0.994594156742096,0.9451635479927063,-0.04943060874938965,1,1,0,0.994594156742096,0.9451635479927063,-0.04943060874938965
TEMP_TEST\FAKE\102 (8).jpg,AI-generated,contrast_high,0.994594156742096,0.9996298551559448,0.005035698413848877,1,1,0,0.994594156742096,0.9996298551559448,0.005035698413848877
TEMP_TEST\FAKE\102 (8).jpg,AI-generated,brightness_low,0.994594156742096,0.9900796413421631,-0.004514515399932861,1,1,0,0.994594156742096,0.9900796413421631,-0.004514515399932861
TEMP_TEST\FAKE\102 (8).jpg,AI-generated,brightness_high,0.994594156742096,0.995184600353241,0.0005904436111450195,1,1,0,0.994594156742096,0.995184600353241,0.0005904436111450195
TEMP_TEST\FAKE\102 (8).jpg,AI-generated,gaussian_noise,0.994594156742096,0.9904373288154602,-0.004156827926635742,1,1,0,0.994594156742096,0.9904373288154602,-0.004156827926635742
TEMP_TEST\FAKE\102 (9).jpg,AI-generated,jpeg_70,0.9594594836235046,0.9800869226455688,0.02062743902206421,1,1,0,0.9594594836235046,0.9800869226455688,0.02062743902206421
TEMP_TEST\FAKE\102 (9).jpg,AI-generated,jpeg_50,0.9594594836235046,0.9979028701782227,0.03844338655471802,1,1,0,0.9594594836235046,0.9979028701782227,0.03844338655471802
TEMP_TEST\FAKE\102 (9).jpg,AI-generated,resize_16_roundtrip,0.9594594836235046,0.7478968501091003,-0.2115626335144043,1,1,0,0.9594594836235046,0.7478968501091003,-0.2115626335144043
TEMP_TEST\FAKE\102 (9).jpg,AI-generated,resize_8_roundtrip,0.9594594836235046,0.5872952342033386,-0.372164249420166,1,1,0,0.9594594836235046,0.5872952342033386,-0.372164249420166
TEMP_TEST\FAKE\102 (9).jpg,AI-generated,gaussian_blur,0.9594594836235046,0.6209104657173157,-0.33854901790618896,1,1,0,0.9594594836235046,0.6209104657173157,-0.33854901790618896
TEMP_TEST\FAKE\102 (9).jpg,AI-generated,contrast_low,0.9594594836235046,0.8140428066253662,-0.14541667699813843,1,1,0,0.9594594836235046,0.8140428066253662,-0.14541667699813843
TEMP_TEST\FAKE\102 (9).jpg,AI-generated,contrast_high,0.9594594836235046,0.962986171245575,0.0035266876220703125,1,1,0,0.9594594836235046,0.962986171245575,0.0035266876220703125
TEMP_TEST\FAKE\102 (9).jpg,AI-generated,brightness_low,0.9594594836235046,0.7723446488380432,-0.18711483478546143,1,1,0,0.9594594836235046,0.7723446488380432,-0.18711483478546143
TEMP_TEST\FAKE\102 (9).jpg,AI-generated,brightness_high,0.9594594836235046,0.9741352796554565,0.014675796031951904,1,1,0,0.9594594836235046,0.9741352796554565,0.014675796031951904
TEMP_TEST\FAKE\102 (9).jpg,AI-generated,gaussian_noise,0.9594594836235046,0.33545467257499695,-0.6240048110485077,1,0,1,0.9594594836235046,0.664545327425003,-0.2949141561985016
TEMP_TEST\FAKE\102.jpg,AI-generated,jpeg_70,0.9999899864196777,0.9999932050704956,3.2186508178710938e-06,1,1,0,0.9999899864196777,0.9999932050704956,3.2186508178710938e-06
TEMP_TEST\FAKE\102.jpg,AI-generated,jpeg_50,0.9999899864196777,0.9999912977218628,1.3113021850585938e-06,1,1,0,0.9999899864196777,0.9999912977218628,1.3113021850585938e-06
TEMP_TEST\FAKE\102.jpg,AI-generated,resize_16_roundtrip,0.9999899864196777,0.9829298257827759,-0.017060160636901855,1,1,0,0.9999899864196777,0.9829298257827759,-0.017060160636901855
TEMP_TEST\FAKE\102.jpg,AI-generated,resize_8_roundtrip,0.9999899864196777,0.5115416049957275,-0.4884483814239502,1,0,1,0.9999899864196777,0.48845839500427246,-0.5115315914154053
TEMP_TEST\FAKE\102.jpg,AI-generated,gaussian_blur,0.9999899864196777,0.9956804513931274,-0.004309535026550293,1,1,0,0.9999899864196777,0.9956804513931274,-0.004309535026550293
TEMP_TEST\FAKE\102.jpg,AI-generated,contrast_low,0.9999899864196777,0.9982169270515442,-0.001773059368133545,1,1,0,0.9999899864196777,0.9982169270515442,-0.001773059368133545
TEMP_TEST\FAKE\102.jpg,AI-generated,contrast_high,0.9999899864196777,0.9999998807907104,9.894371032714844e-06,1,1,0,0.9999899864196777,0.9999998807907104,9.894371032714844e-06
TEMP_TEST\FAKE\102.jpg,AI-generated,brightness_low,0.9999899864196777,0.9998970031738281,-9.298324584960938e-05,1,1,0,0.9999899864196777,0.9998970031738281,-9.298324584960938e-05
TEMP_TEST\FAKE\102.jpg,AI-generated,brightness_high,0.9999899864196777,0.9999616146087646,-2.8371810913085938e-05,1,1,0,0.9999899864196777,0.9999616146087646,-2.8371810913085938e-05
TEMP_TEST\FAKE\102.jpg,AI-generated,gaussian_noise,0.9999899864196777,0.9999278783798218,-6.210803985595703e-05,1,1,0,0.9999899864196777,0.9999278783798218,-6.210803985595703e-05
TEMP_TEST\FAKE\103 (10).jpg,AI-generated,jpeg_70,0.9968653321266174,0.997946560382843,0.001081228256225586,1,1,0,0.9968653321266174,0.997946560382843,0.001081228256225586
TEMP_TEST\FAKE\103 (10).jpg,AI-generated,jpeg_50,0.9968653321266174,0.9622781872749329,-0.03458714485168457,1,1,0,0.9968653321266174,0.9622781872749329,-0.03458714485168457
TEMP_TEST\FAKE\103 (10).jpg,AI-generated,resize_16_roundtrip,0.9968653321266174,0.8893470764160156,-0.1075182557106018,1,1,0,0.9968653321266174,0.8893470764160156,-0.1075182557106018
TEMP_TEST\FAKE\103 (10).jpg,AI-generated,resize_8_roundtrip,0.9968653321266174,0.7665646076202393,-0.23030072450637817,1,1,0,0.9968653321266174,0.7665646076202393,-0.23030072450637817
TEMP_TEST\FAKE\103 (10).jpg,AI-generated,gaussian_blur,0.9968653321266174,0.752763032913208,-0.24410229921340942,1,1,0,0.9968653321266174,0.752763032913208,-0.24410229921340942
TEMP_TEST\FAKE\103 (10).jpg,AI-generated,contrast_low,0.9968653321266174,0.9401078820228577,-0.056757450103759766,1,1,0,0.9968653321266174,0.9401078820228577,-0.056757450103759766
TEMP_TEST\FAKE\103 (10).jpg,AI-generated,contrast_high,0.9968653321266174,0.9994531273841858,0.0025877952575683594,1,1,0,0.9968653321266174,0.9994531273841858,0.0025877952575683594
TEMP_TEST\FAKE\103 (10).jpg,AI-generated,brightness_low,0.9968653321266174,0.985877513885498,-0.010987818241119385,1,1,0,0.9968653321266174,0.985877513885498,-0.010987818241119385
TEMP_TEST\FAKE\103 (10).jpg,AI-generated,brightness_high,0.9968653321266174,0.9990142583847046,0.002148926258087158,1,1,0,0.9968653321266174,0.9990142583847046,0.002148926258087158
TEMP_TEST\FAKE\103 (10).jpg,AI-generated,gaussian_noise,0.9968653321266174,0.9924020767211914,-0.004463255405426025,1,1,0,0.9968653321266174,0.9924020767211914,-0.004463255405426025
TEMP_TEST\FAKE\103 (2).jpg,AI-generated,jpeg_70,0.5779576301574707,0.6505744457244873,0.0726168155670166,1,1,0,0.5779576301574707,0.6505744457244873,0.0726168155670166
TEMP_TEST\FAKE\103 (2).jpg,AI-generated,jpeg_50,0.5779576301574707,0.8225985169410706,0.24464088678359985,1,1,0,0.5779576301574707,0.8225985169410706,0.24464088678359985
TEMP_TEST\FAKE\103 (2).jpg,AI-generated,resize_16_roundtrip,0.5779576301574707,0.750072717666626,0.17211508750915527,1,1,0,0.5779576301574707,0.750072717666626,0.17211508750915527
TEMP_TEST\FAKE\103 (2).jpg,AI-generated,resize_8_roundtrip,0.5779576301574707,0.36739230155944824,-0.21056532859802246,1,0,1,0.5779576301574707,0.6326076984405518,0.054650068283081055
TEMP_TEST\FAKE\103 (2).jpg,AI-generated,gaussian_blur,0.5779576301574707,0.7882224917411804,0.21026486158370972,1,1,0,0.5779576301574707,0.7882224917411804,0.21026486158370972
TEMP_TEST\FAKE\103 (2).jpg,AI-generated,contrast_low,0.5779576301574707,0.13570858538150787,-0.44224904477596283,1,0,1,0.5779576301574707,0.8642914146184921,0.2863337844610214
TEMP_TEST\FAKE\103 (2).jpg,AI-generated,contrast_high,0.5779576301574707,0.6625507473945618,0.08459311723709106,1,1,0,0.5779576301574707,0.6625507473945618,0.08459311723709106
TEMP_TEST\FAKE\103 (2).jpg,AI-generated,brightness_low,0.5779576301574707,0.5958520770072937,0.017894446849822998,1,1,0,0.5779576301574707,0.5958520770072937,0.017894446849822998
TEMP_TEST\FAKE\103 (2).jpg,AI-generated,brightness_high,0.5779576301574707,0.40973010659217834,-0.16822752356529236,1,0,1,0.5779576301574707,0.5902698934078217,0.012312263250350952
TEMP_TEST\FAKE\103 (2).jpg,AI-generated,gaussian_noise,0.5779576301574707,0.5018230080604553,-0.07613462209701538,1,0,1,0.5779576301574707,0.4981769919395447,-0.07978063821792603
TEMP_TEST\FAKE\103 (3).jpg,AI-generated,jpeg_70,0.999269425868988,0.9995520710945129,0.00028264522552490234,1,1,0,0.999269425868988,0.9995520710945129,0.00028264522552490234
TEMP_TEST\FAKE\103 (3).jpg,AI-generated,jpeg_50,0.999269425868988,0.999683141708374,0.00041371583938598633,1,1,0,0.999269425868988,0.999683141708374,0.00041371583938598633
TEMP_TEST\FAKE\103 (3).jpg,AI-generated,resize_16_roundtrip,0.999269425868988,0.9454180002212524,-0.053851425647735596,1,1,0,0.999269425868988,0.9454180002212524,-0.053851425647735596
TEMP_TEST\FAKE\103 (3).jpg,AI-generated,resize_8_roundtrip,0.999269425868988,0.9501168131828308,-0.04915261268615723,1,1,0,0.999269425868988,0.9501168131828308,-0.04915261268615723
TEMP_TEST\FAKE\103 (3).jpg,AI-generated,gaussian_blur,0.999269425868988,0.9634891748428345,-0.035780251026153564,1,1,0,0.999269425868988,0.9634891748428345,-0.035780251026153564
TEMP_TEST\FAKE\103 (3).jpg,AI-generated,contrast_low,0.999269425868988,0.9973341226577759,-0.0019353032112121582,1,1,0,0.999269425868988,0.9973341226577759,-0.0019353032112121582
TEMP_TEST\FAKE\103 (3).jpg,AI-generated,contrast_high,0.999269425868988,0.999723494052887,0.0004540681838989258,1,1,0,0.999269425868988,0.999723494052887,0.0004540681838989258
TEMP_TEST\FAKE\103 (3).jpg,AI-generated,brightness_low,0.999269425868988,0.9963590502738953,-0.0029103755950927734,1,1,0,0.999269425868988,0.9963590502738953,-0.0029103755950927734
TEMP_TEST\FAKE\103 (3).jpg,AI-generated,brightness_high,0.999269425868988,0.9998021721839905,0.0005327463150024414,1,1,0,0.999269425868988,0.9998021721839905,0.0005327463150024414
TEMP_TEST\FAKE\103 (3).jpg,AI-generated,gaussian_noise,0.999269425868988,0.9911581873893738,-0.008111238479614258,1,1,0,0.999269425868988,0.9911581873893738,-0.008111238479614258
TEMP_TEST\FAKE\103 (4).jpg,AI-generated,jpeg_70,0.9982864260673523,0.9992915391921997,0.0010051131248474121,1,1,0,0.9982864260673523,0.9992915391921997,0.0010051131248474121
TEMP_TEST\FAKE\103 (4).jpg,AI-generated,jpeg_50,0.9982864260673523,0.9996446371078491,0.0013582110404968262,1,1,0,0.9982864260673523,0.9996446371078491,0.0013582110404968262
TEMP_TEST\FAKE\103 (4).jpg,AI-generated,resize_16_roundtrip,0.9982864260673523,0.8273780345916748,-0.1709083914756775,1,1,0,0.9982864260673523,0.8273780345916748,-0.1709083914756775
TEMP_TEST\FAKE\103 (4).jpg,AI-generated,resize_8_roundtrip,0.9982864260673523,0.11717148870229721,-0.8811149373650551,1,0,1,0.9982864260673523,0.8828285112977028,-0.1154579147696495
TEMP_TEST\FAKE\103 (4).jpg,AI-generated,gaussian_blur,0.9982864260673523,0.921645998954773,-0.07664042711257935,1,1,0,0.9982864260673523,0.921645998954773,-0.07664042711257935
TEMP_TEST\FAKE\103 (4).jpg,AI-generated,contrast_low,0.9982864260673523,0.9811916947364807,-0.017094731330871582,1,1,0,0.9982864260673523,0.9811916947364807,-0.017094731330871582
TEMP_TEST\FAKE\103 (4).jpg,AI-generated,contrast_high,0.9982864260673523,0.9997720122337341,0.001485586166381836,1,1,0,0.9982864260673523,0.9997720122337341,0.001485586166381836
TEMP_TEST\FAKE\103 (4).jpg,AI-generated,brightness_low,0.9982864260673523,0.9974685907363892,-0.0008178353309631348,1,1,0,0.9982864260673523,0.9974685907363892,-0.0008178353309631348
TEMP_TEST\FAKE\103 (4).jpg,AI-generated,brightness_high,0.9982864260673523,0.9893069863319397,-0.008979439735412598,1,1,0,0.9982864260673523,0.9893069863319397,-0.008979439735412598
TEMP_TEST\FAKE\103 (4).jpg,AI-generated,gaussian_noise,0.9982864260673523,0.977125883102417,-0.021160542964935303,1,1,0,0.9982864260673523,0.977125883102417,-0.021160542964935303
TEMP_TEST\FAKE\103 (5).jpg,AI-generated,jpeg_70,0.9999891519546509,0.9999920129776001,2.86102294921875e-06,1,1,0,0.9999891519546509,0.9999920129776001,2.86102294921875e-06
TEMP_TEST\FAKE\103 (5).jpg,AI-generated,jpeg_50,0.9999891519546509,0.9999876022338867,-1.5497207641601562e-06,1,1,0,0.9999891519546509,0.9999876022338867,-1.5497207641601562e-06
TEMP_TEST\FAKE\103 (5).jpg,AI-generated,resize_16_roundtrip,0.9999891519546509,0.9988235831260681,-0.0011655688285827637,1,1,0,0.9999891519546509,0.9988235831260681,-0.0011655688285827637
TEMP_TEST\FAKE\103 (5).jpg,AI-generated,resize_8_roundtrip,0.9999891519546509,0.9959396123886108,-0.004049539566040039,1,1,0,0.9999891519546509,0.9959396123886108,-0.004049539566040039
TEMP_TEST\FAKE\103 (5).jpg,AI-generated,gaussian_blur,0.9999891519546509,0.9998373985290527,-0.00015175342559814453,1,1,0,0.9999891519546509,0.9998373985290527,-0.00015175342559814453
TEMP_TEST\FAKE\103 (5).jpg,AI-generated,contrast_low,0.9999891519546509,0.9994402527809143,-0.0005488991737365723,1,1,0,0.9999891519546509,0.9994402527809143,-0.0005488991737365723
TEMP_TEST\FAKE\103 (5).jpg,AI-generated,contrast_high,0.9999891519546509,0.9999974966049194,8.344650268554688e-06,1,1,0,0.9999891519546509,0.9999974966049194,8.344650268554688e-06
TEMP_TEST\FAKE\103 (5).jpg,AI-generated,brightness_low,0.9999891519546509,0.9999808073043823,-8.344650268554688e-06,1,1,0,0.9999891519546509,0.9999808073043823,-8.344650268554688e-06
TEMP_TEST\FAKE\103 (5).jpg,AI-generated,brightness_high,0.9999891519546509,0.9999068975448608,-8.225440979003906e-05,1,1,0,0.9999891519546509,0.9999068975448608,-8.225440979003906e-05
TEMP_TEST\FAKE\103 (5).jpg,AI-generated,gaussian_noise,0.9999891519546509,0.9999339580535889,-5.519390106201172e-05,1,1,0,0.9999891519546509,0.9999339580535889,-5.519390106201172e-05
TEMP_TEST\FAKE\103 (6).jpg,AI-generated,jpeg_70,0.9999366998672485,0.999948263168335,1.1563301086425781e-05,1,1,0,0.9999366998672485,0.999948263168335,1.1563301086425781e-05
TEMP_TEST\FAKE\103 (6).jpg,AI-generated,jpeg_50,0.9999366998672485,0.9997804760932922,-0.00015622377395629883,1,1,0,0.9999366998672485,0.9997804760932922,-0.00015622377395629883
TEMP_TEST\FAKE\103 (6).jpg,AI-generated,resize_16_roundtrip,0.9999366998672485,0.9924530386924744,-0.00748366117477417,1,1,0,0.9999366998672485,0.9924530386924744,-0.00748366117477417
TEMP_TEST\FAKE\103 (6).jpg,AI-generated,resize_8_roundtrip,0.9999366998672485,0.9341087937355042,-0.06582790613174438,1,1,0,0.9999366998672485,0.9341087937355042,-0.06582790613174438
TEMP_TEST\FAKE\103 (6).jpg,AI-generated,gaussian_blur,0.9999366998672485,0.9991113543510437,-0.000825345516204834,1,1,0,0.9999366998672485,0.9991113543510437,-0.000825345516204834
TEMP_TEST\FAKE\103 (6).jpg,AI-generated,contrast_low,0.9999366998672485,0.999123752117157,-0.0008129477500915527,1,1,0,0.9999366998672485,0.999123752117157,-0.0008129477500915527
TEMP_TEST\FAKE\103 (6).jpg,AI-generated,contrast_high,0.9999366998672485,0.9999849796295166,4.8279762268066406e-05,1,1,0,0.9999366998672485,0.9999849796295166,4.8279762268066406e-05
TEMP_TEST\FAKE\103 (6).jpg,AI-generated,brightness_low,0.9999366998672485,0.9990530610084534,-0.000883638858795166,1,1,0,0.9999366998672485,0.9990530610084534,-0.000883638858795166
TEMP_TEST\FAKE\103 (6).jpg,AI-generated,brightness_high,0.9999366998672485,0.9999762773513794,3.9577484130859375e-05,1,1,0,0.9999366998672485,0.9999762773513794,3.9577484130859375e-05
TEMP_TEST\FAKE\103 (6).jpg,AI-generated,gaussian_noise,0.9999366998672485,0.9993799924850464,-0.0005567073822021484,1,1,0,0.9999366998672485,0.9993799924850464,-0.0005567073822021484
TEMP_TEST\FAKE\103 (7).jpg,AI-generated,jpeg_70,0.9999992847442627,0.9999996423721313,3.5762786865234375e-07,1,1,0,0.9999992847442627,0.9999996423721313,3.5762786865234375e-07
TEMP_TEST\FAKE\103 (7).jpg,AI-generated,jpeg_50,0.9999992847442627,0.999993085861206,-6.198883056640625e-06,1,1,0,0.9999992847442627,0.999993085861206,-6.198883056640625e-06
TEMP_TEST\FAKE\103 (7).jpg,AI-generated,resize_16_roundtrip,0.9999992847442627,0.9982130527496338,-0.0017862319946289062,1,1,0,0.9999992847442627,0.9982130527496338,-0.0017862319946289062
TEMP_TEST\FAKE\103 (7).jpg,AI-generated,resize_8_roundtrip,0.9999992847442627,0.9925470948219299,-0.007452189922332764,1,1,0,0.9999992847442627,0.9925470948219299,-0.007452189922332764
TEMP_TEST\FAKE\103 (7).jpg,AI-generated,gaussian_blur,0.9999992847442627,0.9997348189353943,-0.0002644658088684082,1,1,0,0.9999992847442627,0.9997348189353943,-0.0002644658088684082
TEMP_TEST\FAKE\103 (7).jpg,AI-generated,contrast_low,0.9999992847442627,0.9996815919876099,-0.00031769275665283203,1,1,0,0.9999992847442627,0.9996815919876099,-0.00031769275665283203
TEMP_TEST\FAKE\103 (7).jpg,AI-generated,contrast_high,0.9999992847442627,1.0,7.152557373046875e-07,1,1,0,0.9999992847442627,1.0,7.152557373046875e-07
TEMP_TEST\FAKE\103 (7).jpg,AI-generated,brightness_low,0.9999992847442627,0.9999527931213379,-4.649162292480469e-05,1,1,0,0.9999992847442627,0.9999527931213379,-4.649162292480469e-05
TEMP_TEST\FAKE\103 (7).jpg,AI-generated,brightness_high,0.9999992847442627,0.9999998807907104,5.960464477539062e-07,1,1,0,0.9999992847442627,0.9999998807907104,5.960464477539062e-07
TEMP_TEST\FAKE\103 (7).jpg,AI-generated,gaussian_noise,0.9999992847442627,0.9999972581863403,-2.0265579223632812e-06,1,1,0,0.9999992847442627,0.9999972581863403,-2.0265579223632812e-06
TEMP_TEST\FAKE\103 (8).jpg,AI-generated,jpeg_70,0.9902908205986023,0.9919397234916687,0.0016489028930664062,1,1,0,0.9902908205986023,0.9919397234916687,0.0016489028930664062
TEMP_TEST\FAKE\103 (8).jpg,AI-generated,jpeg_50,0.9902908205986023,0.9593754410743713,-0.030915379524230957,1,1,0,0.9902908205986023,0.9593754410743713,-0.030915379524230957
TEMP_TEST\FAKE\103 (8).jpg,AI-generated,resize_16_roundtrip,0.9902908205986023,0.9473865628242493,-0.04290425777435303,1,1,0,0.9902908205986023,0.9473865628242493,-0.04290425777435303
TEMP_TEST\FAKE\103 (8).jpg,AI-generated,resize_8_roundtrip,0.9902908205986023,0.4557030498981476,-0.5345877707004547,1,0,1,0.9902908205986023,0.5442969501018524,-0.4459938704967499
TEMP_TEST\FAKE\103 (8).jpg,AI-generated,gaussian_blur,0.9902908205986023,0.9179402589797974,-0.07235056161880493,1,1,0,0.9902908205986023,0.9179402589797974,-0.07235056161880493
TEMP_TEST\FAKE\103 (8).jpg,AI-generated,contrast_low,0.9902908205986023,0.5719643235206604,-0.4183264970779419,1,1,0,0.9902908205986023,0.5719643235206604,-0.4183264970779419
TEMP_TEST\FAKE\103 (8).jpg,AI-generated,contrast_high,0.9902908205986023,0.9977864027023315,0.007495582103729248,1,1,0,0.9902908205986023,0.9977864027023315,0.007495582103729248
TEMP_TEST\FAKE\103 (8).jpg,AI-generated,brightness_low,0.9902908205986023,0.9572420716285706,-0.03304874897003174,1,1,0,0.9902908205986023,0.9572420716285706,-0.03304874897003174
TEMP_TEST\FAKE\103 (8).jpg,AI-generated,brightness_high,0.9902908205986023,0.9903368949890137,4.607439041137695e-05,1,1,0,0.9902908205986023,0.9903368949890137,4.607439041137695e-05
TEMP_TEST\FAKE\103 (8).jpg,AI-generated,gaussian_noise,0.9902908205986023,0.9931125044822693,0.002821683883666992,1,1,0,0.9902908205986023,0.9931125044822693,0.002821683883666992
TEMP_TEST\FAKE\103 (9).jpg,AI-generated,jpeg_70,0.9970689415931702,0.996216356754303,-0.0008525848388671875,1,1,0,0.9970689415931702,0.996216356754303,-0.0008525848388671875
TEMP_TEST\FAKE\103 (9).jpg,AI-generated,jpeg_50,0.9970689415931702,0.9568472504615784,-0.0402216911315918,1,1,0,0.9970689415931702,0.9568472504615784,-0.0402216911315918
TEMP_TEST\FAKE\103 (9).jpg,AI-generated,resize_16_roundtrip,0.9970689415931702,0.38962993025779724,-0.6074390113353729,1,0,1,0.9970689415931702,0.6103700697422028,-0.3866988718509674
TEMP_TEST\FAKE\103 (9).jpg,AI-generated,resize_8_roundtrip,0.9970689415931702,0.20286764204502106,-0.7942012995481491,1,0,1,0.9970689415931702,0.7971323579549789,-0.19993658363819122
TEMP_TEST\FAKE\103 (9).jpg,AI-generated,gaussian_blur,0.9970689415931702,0.8106949925422668,-0.18637394905090332,1,1,0,0.9970689415931702,0.8106949925422668,-0.18637394905090332
TEMP_TEST\FAKE\103 (9).jpg,AI-generated,contrast_low,0.9970689415931702,0.9532540440559387,-0.043814897537231445,1,1,0,0.9970689415931702,0.9532540440559387,-0.043814897537231445
TEMP_TEST\FAKE\103 (9).jpg,AI-generated,contrast_high,0.9970689415931702,0.9987109899520874,0.0016420483589172363,1,1,0,0.9970689415931702,0.9987109899520874,0.0016420483589172363
TEMP_TEST\FAKE\103 (9).jpg,AI-generated,brightness_low,0.9970689415931702,0.9985975623130798,0.001528620719909668,1,1,0,0.9970689415931702,0.9985975623130798,0.001528620719909668
TEMP_TEST\FAKE\103 (9).jpg,AI-generated,brightness_high,0.9970689415931702,0.9888272285461426,-0.008241713047027588,1,1,0,0.9970689415931702,0.9888272285461426,-0.008241713047027588
TEMP_TEST\FAKE\103 (9).jpg,AI-generated,gaussian_noise,0.9970689415931702,0.9817657470703125,-0.015303194522857666,1,1,0,0.9970689415931702,0.9817657470703125,-0.015303194522857666
TEMP_TEST\FAKE\103.jpg,AI-generated,jpeg_70,0.9995515942573547,0.9998382329940796,0.0002866387367248535,1,1,0,0.9995515942573547,0.9998382329940796,0.0002866387367248535
TEMP_TEST\FAKE\103.jpg,AI-generated,jpeg_50,0.9995515942573547,0.9995829463005066,3.135204315185547e-05,1,1,0,0.9995515942573547,0.9995829463005066,3.135204315185547e-05
TEMP_TEST\FAKE\103.jpg,AI-generated,resize_16_roundtrip,0.9995515942573547,0.9495550990104675,-0.04999649524688721,1,1,0,0.9995515942573547,0.9495550990104675,-0.04999649524688721
TEMP_TEST\FAKE\103.jpg,AI-generated,resize_8_roundtrip,0.9995515942573547,0.4516644775867462,-0.5478871166706085,1,0,1,0.9995515942573547,0.5483355224132538,-0.45121607184410095
TEMP_TEST\FAKE\103.jpg,AI-generated,gaussian_blur,0.9995515942573547,0.9875636696815491,-0.011987924575805664,1,1,0,0.9995515942573547,0.9875636696815491,-0.011987924575805664
TEMP_TEST\FAKE\103.jpg,AI-generated,contrast_low,0.9995515942573547,0.9425647854804993,-0.05698680877685547,1,1,0,0.9995515942573547,0.9425647854804993,-0.05698680877685547
TEMP_TEST\FAKE\103.jpg,AI-generated,contrast_high,0.9995515942573547,0.9999767541885376,0.00042515993118286133,1,1,0,0.9995515942573547,0.9999767541885376,0.00042515993118286133
TEMP_TEST\FAKE\103.jpg,AI-generated,brightness_low,0.9995515942573547,0.9989018440246582,-0.0006497502326965332,1,1,0,0.9995515942573547,0.9989018440246582,-0.0006497502326965332
TEMP_TEST\FAKE\103.jpg,AI-generated,brightness_high,0.9995515942573547,0.9985785484313965,-0.000973045825958252,1,1,0,0.9995515942573547,0.9985785484313965,-0.000973045825958252
TEMP_TEST\FAKE\103.jpg,AI-generated,gaussian_noise,0.9995515942573547,0.9971119165420532,-0.0024396777153015137,1,1,0,0.9995515942573547,0.9971119165420532,-0.0024396777153015137
TEMP_TEST\FAKE\104 (10).jpg,AI-generated,jpeg_70,0.9778957962989807,0.9896343946456909,0.011738598346710205,1,1,0,0.9778957962989807,0.9896343946456909,0.011738598346710205
TEMP_TEST\FAKE\104 (10).jpg,AI-generated,jpeg_50,0.9778957962989807,0.9791184663772583,0.0012226700782775879,1,1,0,0.9778957962989807,0.9791184663772583,0.0012226700782775879
TEMP_TEST\FAKE\104 (10).jpg,AI-generated,resize_16_roundtrip,0.9778957962989807,0.9136685132980347,-0.06422728300094604,1,1,0,0.9778957962989807,0.9136685132980347,-0.06422728300094604
TEMP_TEST\FAKE\104 (10).jpg,AI-generated,resize_8_roundtrip,0.9778957962989807,0.71531742811203,-0.2625783681869507,1,1,0,0.9778957962989807,0.71531742811203,-0.2625783681869507
TEMP_TEST\FAKE\104 (10).jpg,AI-generated,gaussian_blur,0.9778957962989807,0.7660011649131775,-0.21189463138580322,1,1,0,0.9778957962989807,0.7660011649131775,-0.21189463138580322
TEMP_TEST\FAKE\104 (10).jpg,AI-generated,contrast_low,0.9778957962989807,0.3641657829284668,-0.6137300133705139,1,0,1,0.9778957962989807,0.6358342170715332,-0.3420615792274475
TEMP_TEST\FAKE\104 (10).jpg,AI-generated,contrast_high,0.9778957962989807,0.9995324611663818,0.021636664867401123,1,1,0,0.9778957962989807,0.9995324611663818,0.021636664867401123
TEMP_TEST\FAKE\104 (10).jpg,AI-generated,brightness_low,0.9778957962989807,0.9152578115463257,-0.06263798475265503,1,1,0,0.9778957962989807,0.9152578115463257,-0.06263798475265503
TEMP_TEST\FAKE\104 (10).jpg,AI-generated,brightness_high,0.9778957962989807,0.9856441020965576,0.007748305797576904,1,1,0,0.9778957962989807,0.9856441020965576,0.007748305797576904
TEMP_TEST\FAKE\104 (10).jpg,AI-generated,gaussian_noise,0.9778957962989807,0.9797734618186951,0.0018776655197143555,1,1,0,0.9778957962989807,0.9797734618186951,0.0018776655197143555
TEMP_TEST\FAKE\104 (2).jpg,AI-generated,jpeg_70,0.9973403811454773,0.9992434978485107,0.0019031167030334473,1,1,0,0.9973403811454773,0.9992434978485107,0.0019031167030334473
TEMP_TEST\FAKE\104 (2).jpg,AI-generated,jpeg_50,0.9973403811454773,0.9970513582229614,-0.00028902292251586914,1,1,0,0.9973403811454773,0.9970513582229614,-0.00028902292251586914
TEMP_TEST\FAKE\104 (2).jpg,AI-generated,resize_16_roundtrip,0.9973403811454773,0.9643208980560303,-0.03301948308944702,1,1,0,0.9973403811454773,0.9643208980560303,-0.03301948308944702
TEMP_TEST\FAKE\104 (2).jpg,AI-generated,resize_8_roundtrip,0.9973403811454773,0.9209478497505188,-0.0763925313949585,1,1,0,0.9973403811454773,0.9209478497505188,-0.0763925313949585
TEMP_TEST\FAKE\104 (2).jpg,AI-generated,gaussian_blur,0.9973403811454773,0.9618035554885864,-0.03553682565689087,1,1,0,0.9973403811454773,0.9618035554885864,-0.03553682565689087
TEMP_TEST\FAKE\104 (2).jpg,AI-generated,contrast_low,0.9973403811454773,0.9944421648979187,-0.0028982162475585938,1,1,0,0.9973403811454773,0.9944421648979187,-0.0028982162475585938
TEMP_TEST\FAKE\104 (2).jpg,AI-generated,contrast_high,0.9973403811454773,0.999665379524231,0.002324998378753662,1,1,0,0.9973403811454773,0.999665379524231,0.002324998378753662
TEMP_TEST\FAKE\104 (2).jpg,AI-generated,brightness_low,0.9973403811454773,0.9985659718513489,0.001225590705871582,1,1,0,0.9973403811454773,0.9985659718513489,0.001225590705871582
TEMP_TEST\FAKE\104 (2).jpg,AI-generated,brightness_high,0.9973403811454773,0.9909144639968872,-0.006425917148590088,1,1,0,0.9973403811454773,0.9909144639968872,-0.006425917148590088
TEMP_TEST\FAKE\104 (2).jpg,AI-generated,gaussian_noise,0.9973403811454773,0.9920344948768616,-0.005305886268615723,1,1,0,0.9973403811454773,0.9920344948768616,-0.005305886268615723
TEMP_TEST\FAKE\104 (3).jpg,AI-generated,jpeg_70,0.9205818772315979,0.8870413303375244,-0.033540546894073486,1,1,0,0.9205818772315979,0.8870413303375244,-0.033540546894073486
TEMP_TEST\FAKE\104 (3).jpg,AI-generated,jpeg_50,0.9205818772315979,0.9023857116699219,-0.018196165561676025,1,1,0,0.9205818772315979,0.9023857116699219,-0.018196165561676025
TEMP_TEST\FAKE\104 (3).jpg,AI-generated,resize_16_roundtrip,0.9205818772315979,0.12787552177906036,-0.7927063554525375,1,0,1,0.9205818772315979,0.8721244782209396,-0.048457399010658264
TEMP_TEST\FAKE\104 (3).jpg,AI-generated,resize_8_roundtrip,0.9205818772315979,0.1316339075565338,-0.7889479696750641,1,0,1,0.9205818772315979,0.8683660924434662,-0.052215784788131714
TEMP_TEST\FAKE\104 (3).jpg,AI-generated,gaussian_blur,0.9205818772315979,0.25420087575912476,-0.6663810014724731,1,0,1,0.9205818772315979,0.7457991242408752,-0.17478275299072266
TEMP_TEST\FAKE\104 (3).jpg,AI-generated,contrast_low,0.9205818772315979,0.556884229183197,-0.3636976480484009,1,0,1,0.9205818772315979,0.443115770816803,-0.4774661064147949
TEMP_TEST\FAKE\104 (3).jpg,AI-generated,contrast_high,0.9205818772315979,0.9907547831535339,0.07017290592193604,1,1,0,0.9205818772315979,0.9907547831535339,0.07017290592193604
TEMP_TEST\FAKE\104 (3).jpg,AI-generated,brightness_low,0.9205818772315979,0.4034249186515808,-0.5171569585800171,1,0,1,0.9205818772315979,0.5965750813484192,-0.3240067958831787
TEMP_TEST\FAKE\104 (3).jpg,AI-generated,brightness_high,0.9205818772315979,0.9662097692489624,0.0456278920173645,1,1,0,0.9205818772315979,0.9662097692489624,0.0456278920173645
TEMP_TEST\FAKE\104 (3).jpg,AI-generated,gaussian_noise,0.9205818772315979,0.6880015134811401,-0.23258036375045776,1,1,0,0.9205818772315979,0.6880015134811401,-0.23258036375045776
TEMP_TEST\FAKE\104 (4).jpg,AI-generated,jpeg_70,0.9410775303840637,0.9723694324493408,0.0312919020652771,1,1,0,0.9410775303840637,0.9723694324493408,0.0312919020652771
TEMP_TEST\FAKE\104 (4).jpg,AI-generated,jpeg_50,0.9410775303840637,0.19348618388175964,-0.7475913465023041,1,0,1,0.9410775303840637,0.8065138161182404,-0.13456371426582336
TEMP_TEST\FAKE\104 (4).jpg,AI-generated,resize_16_roundtrip,0.9410775303840637,0.31902921199798584,-0.6220483183860779,1,0,1,0.9410775303840637,0.6809707880020142,-0.26010674238204956
TEMP_TEST\FAKE\104 (4).jpg,AI-generated,resize_8_roundtrip,0.9410775303840637,0.11340944468975067,-0.827668085694313,1,0,1,0.9410775303840637,0.8865905553102493,-0.05448697507381439
TEMP_TEST\FAKE\104 (4).jpg,AI-generated,gaussian_blur,0.9410775303840637,0.7611560821533203,-0.1799214482307434,1,1,0,0.9410775303840637,0.7611560821533203,-0.1799214482307434
TEMP_TEST\FAKE\104 (4).jpg,AI-generated,contrast_low,0.9410775303840637,0.7500810027122498,-0.19099652767181396,1,1,0,0.9410775303840637,0.7500810027122498,-0.19099652767181396
TEMP_TEST\FAKE\104 (4).jpg,AI-generated,contrast_high,0.9410775303840637,0.9694141149520874,0.02833658456802368,1,1,0,0.9410775303840637,0.9694141149520874,0.02833658456802368
TEMP_TEST\FAKE\104 (4).jpg,AI-generated,brightness_low,0.9410775303840637,0.8855655193328857,-0.05551201105117798,1,1,0,0.9410775303840637,0.8855655193328857,-0.05551201105117798
TEMP_TEST\FAKE\104 (4).jpg,AI-generated,brightness_high,0.9410775303840637,0.5639638304710388,-0.3771136999130249,1,1,0,0.9410775303840637,0.5639638304710388,-0.3771136999130249
TEMP_TEST\FAKE\104 (4).jpg,AI-generated,gaussian_noise,0.9410775303840637,0.9037302136421204,-0.03734731674194336,1,1,0,0.9410775303840637,0.9037302136421204,-0.03734731674194336
TEMP_TEST\FAKE\104 (5).jpg,AI-generated,jpeg_70,0.9914349913597107,0.9911002516746521,-0.00033473968505859375,1,1,0,0.9914349913597107,0.9911002516746521,-0.00033473968505859375
TEMP_TEST\FAKE\104 (5).jpg,AI-generated,jpeg_50,0.9914349913597107,0.9850864410400391,-0.006348550319671631,1,1,0,0.9914349913597107,0.9850864410400391,-0.006348550319671631
TEMP_TEST\FAKE\104 (5).jpg,AI-generated,resize_16_roundtrip,0.9914349913597107,0.9903234243392944,-0.0011115670204162598,1,1,0,0.9914349913597107,0.9903234243392944,-0.0011115670204162598
TEMP_TEST\FAKE\104 (5).jpg,AI-generated,resize_8_roundtrip,0.9914349913597107,0.9775556325912476,-0.013879358768463135,1,1,0,0.9914349913597107,0.9775556325912476,-0.013879358768463135
TEMP_TEST\FAKE\104 (5).jpg,AI-generated,gaussian_blur,0.9914349913597107,0.9914692044258118,3.421306610107422e-05,1,1,0,0.9914349913597107,0.9914692044258118,3.421306610107422e-05
TEMP_TEST\FAKE\104 (5).jpg,AI-generated,contrast_low,0.9914349913597107,0.9150362610816956,-0.07639873027801514,1,1,0,0.9914349913597107,0.9150362610816956,-0.07639873027801514
TEMP_TEST\FAKE\104 (5).jpg,AI-generated,contrast_high,0.9914349913597107,0.998365581035614,0.00693058967590332,1,1,0,0.9914349913597107,0.998365581035614,0.00693058967590332
TEMP_TEST\FAKE\104 (5).jpg,AI-generated,brightness_low,0.9914349913597107,0.9626361727714539,-0.028798818588256836,1,1,0,0.9914349913597107,0.9626361727714539,-0.028798818588256836
TEMP_TEST\FAKE\104 (5).jpg,AI-generated,brightness_high,0.9914349913597107,0.9979324340820312,0.006497442722320557,1,1,0,0.9914349913597107,0.9979324340820312,0.006497442722320557
TEMP_TEST\FAKE\104 (5).jpg,AI-generated,gaussian_noise,0.9914349913597107,0.9943140745162964,0.0028790831565856934,1,1,0,0.9914349913597107,0.9943140745162964,0.0028790831565856934
TEMP_TEST\FAKE\104 (6).jpg,AI-generated,jpeg_70,0.9999880790710449,0.9999873638153076,-7.152557373046875e-07,1,1,0,0.9999880790710449,0.9999873638153076,-7.152557373046875e-07
TEMP_TEST\FAKE\104 (6).jpg,AI-generated,jpeg_50,0.9999880790710449,0.9999145269393921,-7.355213165283203e-05,1,1,0,0.9999880790710449,0.9999145269393921,-7.355213165283203e-05
TEMP_TEST\FAKE\104 (6).jpg,AI-generated,resize_16_roundtrip,0.9999880790710449,0.4427080750465393,-0.5572800040245056,1,0,1,0.9999880790710449,0.5572919249534607,-0.44269615411758423
TEMP_TEST\FAKE\104 (6).jpg,AI-generated,resize_8_roundtrip,0.9999880790710449,0.2347424030303955,-0.7652456760406494,1,0,1,0.9999880790710449,0.7652575969696045,-0.23473048210144043
TEMP_TEST\FAKE\104 (6).jpg,AI-generated,gaussian_blur,0.9999880790710449,0.9981982111930847,-0.001789867877960205,1,1,0,0.9999880790710449,0.9981982111930847,-0.001789867877960205
TEMP_TEST\FAKE\104 (6).jpg,AI-generated,contrast_low,0.9999880790710449,0.9999018907546997,-8.618831634521484e-05,1,1,0,0.9999880790710449,0.9999018907546997,-8.618831634521484e-05
TEMP_TEST\FAKE\104 (6).jpg,AI-generated,contrast_high,0.9999880790710449,0.9999955892562866,7.510185241699219e-06,1,1,0,0.9999880790710449,0.9999955892562866,7.510185241699219e-06
TEMP_TEST\FAKE\104 (6).jpg,AI-generated,brightness_low,0.9999880790710449,0.9999947547912598,6.67572021484375e-06,1,1,0,0.9999880790710449,0.9999947547912598,6.67572021484375e-06
TEMP_TEST\FAKE\104 (6).jpg,AI-generated,brightness_high,0.9999880790710449,0.9999574422836304,-3.063678741455078e-05,1,1,0,0.9999880790710449,0.9999574422836304,-3.063678741455078e-05
TEMP_TEST\FAKE\104 (6).jpg,AI-generated,gaussian_noise,0.9999880790710449,0.9999274015426636,-6.0677528381347656e-05,1,1,0,0.9999880790710449,0.9999274015426636,-6.0677528381347656e-05
TEMP_TEST\FAKE\104 (7).jpg,AI-generated,jpeg_70,0.9999516010284424,0.9999529123306274,1.3113021850585938e-06,1,1,0,0.9999516010284424,0.9999529123306274,1.3113021850585938e-06
TEMP_TEST\FAKE\104 (7).jpg,AI-generated,jpeg_50,0.9999516010284424,0.9998999834060669,-5.161762237548828e-05,1,1,0,0.9999516010284424,0.9998999834060669,-5.161762237548828e-05
TEMP_TEST\FAKE\104 (7).jpg,AI-generated,resize_16_roundtrip,0.9999516010284424,0.9718962907791138,-0.028055310249328613,1,1,0,0.9999516010284424,0.9718962907791138,-0.028055310249328613
TEMP_TEST\FAKE\104 (7).jpg,AI-generated,resize_8_roundtrip,0.9999516010284424,0.8484803438186646,-0.15147125720977783,1,1,0,0.9999516010284424,0.8484803438186646,-0.15147125720977783
TEMP_TEST\FAKE\104 (7).jpg,AI-generated,gaussian_blur,0.9999516010284424,0.9958202838897705,-0.004131317138671875,1,1,0,0.9999516010284424,0.9958202838897705,-0.004131317138671875
TEMP_TEST\FAKE\104 (7).jpg,AI-generated,contrast_low,0.9999516010284424,0.9994840621948242,-0.00046753883361816406,1,1,0,0.9999516010284424,0.9994840621948242,-0.00046753883361816406
TEMP_TEST\FAKE\104 (7).jpg,AI-generated,contrast_high,0.9999516010284424,0.999991774559021,4.017353057861328e-05,1,1,0,0.9999516010284424,0.999991774559021,4.017353057861328e-05
TEMP_TEST\FAKE\104 (7).jpg,AI-generated,brightness_low,0.9999516010284424,0.9997237324714661,-0.00022786855697631836,1,1,0,0.9999516010284424,0.9997237324714661,-0.00022786855697631836
TEMP_TEST\FAKE\104 (7).jpg,AI-generated,brightness_high,0.9999516010284424,0.9999898672103882,3.826618194580078e-05,1,1,0,0.9999516010284424,0.9999898672103882,3.826618194580078e-05
TEMP_TEST\FAKE\104 (7).jpg,AI-generated,gaussian_noise,0.9999516010284424,0.9983695149421692,-0.0015820860862731934,1,1,0,0.9999516010284424,0.9983695149421692,-0.0015820860862731934
TEMP_TEST\FAKE\104 (8).jpg,AI-generated,jpeg_70,1.0,1.0,0.0,1,1,0,1.0,1.0,0.0
TEMP_TEST\FAKE\104 (8).jpg,AI-generated,jpeg_50,1.0,0.9999998807907104,-1.1920928955078125e-07,1,1,0,1.0,0.9999998807907104,-1.1920928955078125e-07
TEMP_TEST\FAKE\104 (8).jpg,AI-generated,resize_16_roundtrip,1.0,0.9920945763587952,-0.007905423641204834,1,1,0,1.0,0.9920945763587952,-0.007905423641204834
TEMP_TEST\FAKE\104 (8).jpg,AI-generated,resize_8_roundtrip,1.0,0.4744721055030823,-0.5255278944969177,1,0,1,1.0,0.5255278944969177,-0.4744721055030823
TEMP_TEST\FAKE\104 (8).jpg,AI-generated,gaussian_blur,1.0,0.9995929598808289,-0.0004070401191711426,1,1,0,1.0,0.9995929598808289,-0.0004070401191711426
TEMP_TEST\FAKE\104 (8).jpg,AI-generated,contrast_low,1.0,0.9999927282333374,-7.271766662597656e-06,1,1,0,1.0,0.9999927282333374,-7.271766662597656e-06
TEMP_TEST\FAKE\104 (8).jpg,AI-generated,contrast_high,1.0,1.0,0.0,1,1,0,1.0,1.0,0.0
TEMP_TEST\FAKE\104 (8).jpg,AI-generated,brightness_low,1.0,0.9999996423721313,-3.5762786865234375e-07,1,1,0,1.0,0.9999996423721313,-3.5762786865234375e-07
TEMP_TEST\FAKE\104 (8).jpg,AI-generated,brightness_high,1.0,0.9999998807907104,-1.1920928955078125e-07,1,1,0,1.0,0.9999998807907104,-1.1920928955078125e-07
TEMP_TEST\FAKE\104 (8).jpg,AI-generated,gaussian_noise,1.0,0.9999997615814209,-2.384185791015625e-07,1,1,0,1.0,0.9999997615814209,-2.384185791015625e-07
TEMP_TEST\FAKE\104 (9).jpg,AI-generated,jpeg_70,0.9991253018379211,0.9979091286659241,-0.0012161731719970703,1,1,0,0.9991253018379211,0.9979091286659241,-0.0012161731719970703
TEMP_TEST\FAKE\104 (9).jpg,AI-generated,jpeg_50,0.9991253018379211,0.8805052638053894,-0.11862003803253174,1,1,0,0.9991253018379211,0.8805052638053894,-0.11862003803253174
TEMP_TEST\FAKE\104 (9).jpg,AI-generated,resize_16_roundtrip,0.9991253018379211,0.9976211190223694,-0.0015041828155517578,1,1,0,0.9991253018379211,0.9976211190223694,-0.0015041828155517578
TEMP_TEST\FAKE\104 (9).jpg,AI-generated,resize_8_roundtrip,0.9991253018379211,0.844487726688385,-0.15463757514953613,1,1,0,0.9991253018379211,0.844487726688385,-0.15463757514953613
TEMP_TEST\FAKE\104 (9).jpg,AI-generated,gaussian_blur,0.9991253018379211,0.9991112351417542,-1.4066696166992188e-05,1,1,0,0.9991253018379211,0.9991112351417542,-1.4066696166992188e-05
TEMP_TEST\FAKE\104 (9).jpg,AI-generated,contrast_low,0.9991253018379211,0.9482761025428772,-0.050849199295043945,1,1,0,0.9991253018379211,0.9482761025428772,-0.050849199295043945
TEMP_TEST\FAKE\104 (9).jpg,AI-generated,contrast_high,0.9991253018379211,0.99979168176651,0.0006663799285888672,1,1,0,0.9991253018379211,0.99979168176651,0.0006663799285888672
TEMP_TEST\FAKE\104 (9).jpg,AI-generated,brightness_low,0.9991253018379211,0.9985892176628113,-0.0005360841751098633,1,1,0,0.9991253018379211,0.9985892176628113,-0.0005360841751098633
TEMP_TEST\FAKE\104 (9).jpg,AI-generated,brightness_high,0.9991253018379211,0.9975814819335938,-0.0015438199043273926,1,1,0,0.9991253018379211,0.9975814819335938,-0.0015438199043273926
TEMP_TEST\FAKE\104 (9).jpg,AI-generated,gaussian_noise,0.9991253018379211,0.9897796511650085,-0.009345650672912598,1,1,0,0.9991253018379211,0.9897796511650085,-0.009345650672912598
TEMP_TEST\FAKE\104.jpg,AI-generated,jpeg_70,0.9798607230186462,0.991360604763031,0.011499881744384766,1,1,0,0.9798607230186462,0.991360604763031,0.011499881744384766
TEMP_TEST\FAKE\104.jpg,AI-generated,jpeg_50,0.9798607230186462,0.9886552095413208,0.00879448652267456,1,1,0,0.9798607230186462,0.9886552095413208,0.00879448652267456
TEMP_TEST\FAKE\104.jpg,AI-generated,resize_16_roundtrip,0.9798607230186462,0.12258031219244003,-0.8572804108262062,1,0,1,0.9798607230186462,0.87741968780756,-0.10244103521108627
TEMP_TEST\FAKE\104.jpg,AI-generated,resize_8_roundtrip,0.9798607230186462,0.04156429320573807,-0.9382964298129082,1,0,1,0.9798607230186462,0.9584357067942619,-0.021425016224384308
TEMP_TEST\FAKE\104.jpg,AI-generated,gaussian_blur,0.9798607230186462,0.3824536204338074,-0.5974071025848389,1,0,1,0.9798607230186462,0.6175463795661926,-0.3623143434524536
TEMP_TEST\FAKE\104.jpg,AI-generated,contrast_low,0.9798607230186462,0.8767817616462708,-0.10307896137237549,1,1,0,0.9798607230186462,0.8767817616462708,-0.10307896137237549
TEMP_TEST\FAKE\104.jpg,AI-generated,contrast_high,0.9798607230186462,0.9980472326278687,0.018186509609222412,1,1,0,0.9798607230186462,0.9980472326278687,0.018186509609222412
TEMP_TEST\FAKE\104.jpg,AI-generated,brightness_low,0.9798607230186462,0.9879727363586426,0.008112013339996338,1,1,0,0.9798607230186462,0.9879727363586426,0.008112013339996338
TEMP_TEST\FAKE\104.jpg,AI-generated,brightness_high,0.9798607230186462,0.8175165057182312,-0.16234421730041504,1,1,0,0.9798607230186462,0.8175165057182312,-0.16234421730041504
TEMP_TEST\FAKE\104.jpg,AI-generated,gaussian_noise,0.9798607230186462,0.947099506855011,-0.032761216163635254,1,1,0,0.9798607230186462,0.947099506855011,-0.032761216163635254
TEMP_TEST\FAKE\105 (10).jpg,AI-generated,jpeg_70,0.996550440788269,0.9985137581825256,0.001963317394256592,1,1,0,0.996550440788269,0.9985137581825256,0.001963317394256592
TEMP_TEST\FAKE\105 (10).jpg,AI-generated,jpeg_50,0.996550440788269,0.9680137634277344,-0.028536677360534668,1,1,0,0.996550440788269,0.9680137634277344,-0.028536677360534668
TEMP_TEST\FAKE\105 (10).jpg,AI-generated,resize_16_roundtrip,0.996550440788269,0.42378589510917664,-0.5727645456790924,1,0,1,0.996550440788269,0.5762141048908234,-0.4203363358974457
TEMP_TEST\FAKE\105 (10).jpg,AI-generated,resize_8_roundtrip,0.996550440788269,0.4165765941143036,-0.5799738466739655,1,0,1,0.996550440788269,0.5834234058856964,-0.41312703490257263
TEMP_TEST\FAKE\105 (10).jpg,AI-generated,gaussian_blur,0.996550440788269,0.8525463938713074,-0.14400404691696167,1,1,0,0.996550440788269,0.8525463938713074,-0.14400404691696167
TEMP_TEST\FAKE\105 (10).jpg,AI-generated,contrast_low,0.996550440788269,0.9778380990028381,-0.018712341785430908,1,1,0,0.996550440788269,0.9778380990028381,-0.018712341785430908
TEMP_TEST\FAKE\105 (10).jpg,AI-generated,contrast_high,0.996550440788269,0.9988086223602295,0.0022581815719604492,1,1,0,0.996550440788269,0.9988086223602295,0.0022581815719604492
TEMP_TEST\FAKE\105 (10).jpg,AI-generated,brightness_low,0.996550440788269,0.9996811151504517,0.003130674362182617,1,1,0,0.996550440788269,0.9996811151504517,0.003130674362182617
TEMP_TEST\FAKE\105 (10).jpg,AI-generated,brightness_high,0.996550440788269,0.9060450196266174,-0.09050542116165161,1,1,0,0.996550440788269,0.9060450196266174,-0.09050542116165161
TEMP_TEST\FAKE\105 (10).jpg,AI-generated,gaussian_noise,0.996550440788269,0.9968885779380798,0.000338137149810791,1,1,0,0.996550440788269,0.9968885779380798,0.000338137149810791
TEMP_TEST\FAKE\105 (2).jpg,AI-generated,jpeg_70,0.4350838363170624,0.6365269422531128,0.20144310593605042,0,1,1,0.5649161636829376,0.6365269422531128,0.07161077857017517
TEMP_TEST\FAKE\105 (2).jpg,AI-generated,jpeg_50,0.4350838363170624,0.9311147928237915,0.4960309565067291,0,1,1,0.5649161636829376,0.9311147928237915,0.3661986291408539
TEMP_TEST\FAKE\105 (2).jpg,AI-generated,resize_16_roundtrip,0.4350838363170624,0.36468520760536194,-0.07039862871170044,0,0,0,0.5649161636829376,0.6353147923946381,0.07039862871170044
TEMP_TEST\FAKE\105 (2).jpg,AI-generated,resize_8_roundtrip,0.4350838363170624,0.9175066947937012,0.4824228584766388,0,1,1,0.5649161636829376,0.9175066947937012,0.35259053111076355
TEMP_TEST\FAKE\105 (2).jpg,AI-generated,gaussian_blur,0.4350838363170624,0.16069567203521729,-0.2743881642818451,0,0,0,0.5649161636829376,0.8393043279647827,0.2743881642818451
TEMP_TEST\FAKE\105 (2).jpg,AI-generated,contrast_low,0.4350838363170624,0.3034937083721161,-0.1315901279449463,0,0,0,0.5649161636829376,0.6965062916278839,0.1315901279449463
TEMP_TEST\FAKE\105 (2).jpg,AI-generated,contrast_high,0.4350838363170624,0.5220998525619507,0.0870160162448883,0,0,0,0.5649161636829376,0.4779001474380493,-0.0870160162448883
TEMP_TEST\FAKE\105 (2).jpg,AI-generated,brightness_low,0.4350838363170624,0.32525354623794556,-0.10983029007911682,0,0,0,0.5649161636829376,0.6747464537620544,0.10983029007911682
TEMP_TEST\FAKE\105 (2).jpg,AI-generated,brightness_high,0.4350838363170624,0.5976916551589966,0.1626078188419342,0,1,1,0.5649161636829376,0.5976916551589966,0.03277549147605896
TEMP_TEST\FAKE\105 (2).jpg,AI-generated,gaussian_noise,0.4350838363170624,0.26287323236465454,-0.17221060395240784,0,0,0,0.5649161636829376,0.7371267676353455,0.17221060395240784
TEMP_TEST\FAKE\105 (3).jpg,AI-generated,jpeg_70,0.9430816173553467,0.9698440432548523,0.026762425899505615,1,1,0,0.9430816173553467,0.9698440432548523,0.026762425899505615
TEMP_TEST\FAKE\105 (3).jpg,AI-generated,jpeg_50,0.9430816173553467,0.9933362007141113,0.05025458335876465,1,1,0,0.9430816173553467,0.9933362007141113,0.05025458335876465
TEMP_TEST\FAKE\105 (3).jpg,AI-generated,resize_16_roundtrip,0.9430816173553467,0.2351955771446228,-0.7078860402107239,1,0,1,0.9430816173553467,0.7648044228553772,-0.17827719449996948
TEMP_TEST\FAKE\105 (3).jpg,AI-generated,resize_8_roundtrip,0.9430816173553467,0.4536663293838501,-0.4894152879714966,1,0,1,0.9430816173553467,0.5463336706161499,-0.3967479467391968
TEMP_TEST\FAKE\105 (3).jpg,AI-generated,gaussian_blur,0.9430816173553467,0.8105838894844055,-0.13249772787094116,1,1,0,0.9430816173553467,0.8105838894844055,-0.13249772787094116
TEMP_TEST\FAKE\105 (3).jpg,AI-generated,contrast_low,0.9430816173553467,0.8059236407279968,-0.13715797662734985,1,1,0,0.9430816173553467,0.8059236407279968,-0.13715797662734985
TEMP_TEST\FAKE\105 (3).jpg,AI-generated,contrast_high,0.9430816173553467,0.9900519251823425,0.04697030782699585,1,1,0,0.9430816173553467,0.9900519251823425,0.04697030782699585
TEMP_TEST\FAKE\105 (3).jpg,AI-generated,brightness_low,0.9430816173553467,0.8986294269561768,-0.04445219039916992,1,1,0,0.9430816173553467,0.8986294269561768,-0.04445219039916992
TEMP_TEST\FAKE\105 (3).jpg,AI-generated,brightness_high,0.9430816173553467,0.9146327972412109,-0.028448820114135742,1,1,0,0.9430816173553467,0.9146327972412109,-0.028448820114135742
TEMP_TEST\FAKE\105 (3).jpg,AI-generated,gaussian_noise,0.9430816173553467,0.9328474998474121,-0.01023411750793457,1,1,0,0.9430816173553467,0.9328474998474121,-0.01023411750793457
TEMP_TEST\FAKE\105 (4).jpg,AI-generated,jpeg_70,0.9995965361595154,0.9998140931129456,0.00021755695343017578,1,1,0,0.9995965361595154,0.9998140931129456,0.00021755695343017578
TEMP_TEST\FAKE\105 (4).jpg,AI-generated,jpeg_50,0.9995965361595154,0.9989957213401794,-0.0006008148193359375,1,1,0,0.9995965361595154,0.9989957213401794,-0.0006008148193359375
TEMP_TEST\FAKE\105 (4).jpg,AI-generated,resize_16_roundtrip,0.9995965361595154,0.06616862863302231,-0.9334279075264931,1,0,1,0.9995965361595154,0.9338313713669777,-0.06576516479253769
TEMP_TEST\FAKE\105 (4).jpg,AI-generated,resize_8_roundtrip,0.9995965361595154,0.12244506925344467,-0.8771514669060707,1,0,1,0.9995965361595154,0.8775549307465553,-0.12204160541296005
TEMP_TEST\FAKE\105 (4).jpg,AI-generated,gaussian_blur,0.9995965361595154,0.44769471883773804,-0.5519018173217773,1,0,1,0.9995965361595154,0.552305281162262,-0.4472912549972534
TEMP_TEST\FAKE\105 (4).jpg,AI-generated,contrast_low,0.9995965361595154,0.9971858859062195,-0.0024106502532958984,1,1,0,0.9995965361595154,0.9971858859062195,-0.0024106502532958984
TEMP_TEST\FAKE\105 (4).jpg,AI-generated,contrast_high,0.9995965361595154,0.9999315738677979,0.0003350377082824707,1,1,0,0.9995965361595154,0.9999315738677979,0.0003350377082824707
TEMP_TEST\FAKE\105 (4).jpg,AI-generated,brightness_low,0.9995965361595154,0.9998798370361328,0.00028330087661743164,1,1,0,0.9995965361595154,0.9998798370361328,0.00028330087661743164
TEMP_TEST\FAKE\105 (4).jpg,AI-generated,brightness_high,0.9995965361595154,0.9992666840553284,-0.0003298521041870117,1,1,0,0.9995965361595154,0.9992666840553284,-0.0003298521041870117
TEMP_TEST\FAKE\105 (4).jpg,AI-generated,gaussian_noise,0.9995965361595154,0.9995501637458801,-4.6372413635253906e-05,1,1,0,0.9995965361595154,0.9995501637458801,-4.6372413635253906e-05
TEMP_TEST\FAKE\105 (5).jpg,AI-generated,jpeg_70,0.9999105930328369,0.9998953342437744,-1.52587890625e-05,1,1,0,0.9999105930328369,0.9998953342437744,-1.52587890625e-05
TEMP_TEST\FAKE\105 (5).jpg,AI-generated,jpeg_50,0.9999105930328369,0.9985287189483643,-0.0013818740844726562,1,1,0,0.9999105930328369,0.9985287189483643,-0.0013818740844726562
TEMP_TEST\FAKE\105 (5).jpg,AI-generated,resize_16_roundtrip,0.9999105930328369,0.9632931351661682,-0.0366174578666687,1,1,0,0.9999105930328369,0.9632931351661682,-0.0366174578666687
TEMP_TEST\FAKE\105 (5).jpg,AI-generated,resize_8_roundtrip,0.9999105930328369,0.921369731426239,-0.0785408616065979,1,1,0,0.9999105930328369,0.921369731426239,-0.0785408616065979
TEMP_TEST\FAKE\105 (5).jpg,AI-generated,gaussian_blur,0.9999105930328369,0.9962232112884521,-0.0036873817443847656,1,1,0,0.9999105930328369,0.9962232112884521,-0.0036873817443847656
TEMP_TEST\FAKE\105 (5).jpg,AI-generated,contrast_low,0.9999105930328369,0.9958705306053162,-0.004040062427520752,1,1,0,0.9999105930328369,0.9958705306053162,-0.004040062427520752
TEMP_TEST\FAKE\105 (5).jpg,AI-generated,contrast_high,0.9999105930328369,0.9999955892562866,8.499622344970703e-05,1,1,0,0.9999105930328369,0.9999955892562866,8.499622344970703e-05
TEMP_TEST\FAKE\105 (5).jpg,AI-generated,brightness_low,0.9999105930328369,0.9996284246444702,-0.0002821683883666992,1,1,0,0.9999105930328369,0.9996284246444702,-0.0002821683883666992
TEMP_TEST\FAKE\105 (5).jpg,AI-generated,brightness_high,0.9999105930328369,0.9999574422836304,4.684925079345703e-05,1,1,0,0.9999105930328369,0.9999574422836304,4.684925079345703e-05
TEMP_TEST\FAKE\105 (5).jpg,AI-generated,gaussian_noise,0.9999105930328369,0.9997087121009827,-0.00020188093185424805,1,1,0,0.9999105930328369,0.9997087121009827,-0.00020188093185424805
TEMP_TEST\FAKE\105 (6).jpg,AI-generated,jpeg_70,0.9992514252662659,0.9998319149017334,0.0005804896354675293,1,1,0,0.9992514252662659,0.9998319149017334,0.0005804896354675293
TEMP_TEST\FAKE\105 (6).jpg,AI-generated,jpeg_50,0.9992514252662659,0.9994816184043884,0.0002301931381225586,1,1,0,0.9992514252662659,0.9994816184043884,0.0002301931381225586
TEMP_TEST\FAKE\105 (6).jpg,AI-generated,resize_16_roundtrip,0.9992514252662659,0.3346015512943268,-0.6646498739719391,1,0,1,0.9992514252662659,0.6653984487056732,-0.33385297656059265
TEMP_TEST\FAKE\105 (6).jpg,AI-generated,resize_8_roundtrip,0.9992514252662659,0.19685061275959015,-0.8024008125066757,1,0,1,0.9992514252662659,0.8031493872404099,-0.19610203802585602
TEMP_TEST\FAKE\105 (6).jpg,AI-generated,gaussian_blur,0.9992514252662659,0.8693816661834717,-0.1298697590827942,1,1,0,0.9992514252662659,0.8693816661834717,-0.1298697590827942
TEMP_TEST\FAKE\105 (6).jpg,AI-generated,contrast_low,0.9992514252662659,0.9823395609855652,-0.016911864280700684,1,1,0,0.9992514252662659,0.9823395609855652,-0.016911864280700684
TEMP_TEST\FAKE\105 (6).jpg,AI-generated,contrast_high,0.9992514252662659,0.999795138835907,0.0005437135696411133,1,1,0,0.9992514252662659,0.999795138835907,0.0005437135696411133
TEMP_TEST\FAKE\105 (6).jpg,AI-generated,brightness_low,0.9992514252662659,0.9978838562965393,-0.0013675689697265625,1,1,0,0.9992514252662659,0.9978838562965393,-0.0013675689697265625
TEMP_TEST\FAKE\105 (6).jpg,AI-generated,brightness_high,0.9992514252662659,0.9932935237884521,-0.005957901477813721,1,1,0,0.9992514252662659,0.9932935237884521,-0.005957901477813721
TEMP_TEST\FAKE\105 (6).jpg,AI-generated,gaussian_noise,0.9992514252662659,0.9854242205619812,-0.013827204704284668,1,1,0,0.9992514252662659,0.9854242205619812,-0.013827204704284668
TEMP_TEST\FAKE\105 (7).jpg,AI-generated,jpeg_70,0.9999854564666748,0.9999924898147583,7.033348083496094e-06,1,1,0,0.9999854564666748,0.9999924898147583,7.033348083496094e-06
TEMP_TEST\FAKE\105 (7).jpg,AI-generated,jpeg_50,0.9999854564666748,0.9999061822891235,-7.927417755126953e-05,1,1,0,0.9999854564666748,0.9999061822891235,-7.927417755126953e-05
TEMP_TEST\FAKE\105 (7).jpg,AI-generated,resize_16_roundtrip,0.9999854564666748,0.7253257036209106,-0.27465975284576416,1,1,0,0.9999854564666748,0.7253257036209106,-0.27465975284576416
TEMP_TEST\FAKE\105 (7).jpg,AI-generated,resize_8_roundtrip,0.9999854564666748,0.6251398324966431,-0.37484562397003174,1,1,0,0.9999854564666748,0.6251398324966431,-0.37484562397003174
TEMP_TEST\FAKE\105 (7).jpg,AI-generated,gaussian_blur,0.9999854564666748,0.9857689738273621,-0.014216482639312744,1,1,0,0.9999854564666748,0.9857689738273621,-0.014216482639312744
TEMP_TEST\FAKE\105 (7).jpg,AI-generated,contrast_low,0.9999854564666748,0.9982397556304932,-0.0017457008361816406,1,1,0,0.9999854564666748,0.9982397556304932,-0.0017457008361816406
TEMP_TEST\FAKE\105 (7).jpg,AI-generated,contrast_high,0.9999854564666748,0.9999979734420776,1.2516975402832031e-05,1,1,0,0.9999854564666748,0.9999979734420776,1.2516975402832031e-05
TEMP_TEST\FAKE\105 (7).jpg,AI-generated,brightness_low,0.9999854564666748,0.9997203946113586,-0.0002650618553161621,1,1,0,0.9999854564666748,0.9997203946113586,-0.0002650618553161621
TEMP_TEST\FAKE\105 (7).jpg,AI-generated,brightness_high,0.9999854564666748,0.9999947547912598,9.298324584960938e-06,1,1,0,0.9999854564666748,0.9999947547912598,9.298324584960938e-06
TEMP_TEST\FAKE\105 (7).jpg,AI-generated,gaussian_noise,0.9999854564666748,0.9999402761459351,-4.5180320739746094e-05,1,1,0,0.9999854564666748,0.9999402761459351,-4.5180320739746094e-05
TEMP_TEST\FAKE\105 (8).jpg,AI-generated,jpeg_70,0.9999996423721313,0.9999997615814209,1.1920928955078125e-07,1,1,0,0.9999996423721313,0.9999997615814209,1.1920928955078125e-07
TEMP_TEST\FAKE\105 (8).jpg,AI-generated,jpeg_50,0.9999996423721313,0.9999872446060181,-1.239776611328125e-05,1,1,0,0.9999996423721313,0.9999872446060181,-1.239776611328125e-05
TEMP_TEST\FAKE\105 (8).jpg,AI-generated,resize_16_roundtrip,0.9999996423721313,0.999210000038147,-0.000789642333984375,1,1,0,0.9999996423721313,0.999210000038147,-0.000789642333984375
TEMP_TEST\FAKE\105 (8).jpg,AI-generated,resize_8_roundtrip,0.9999996423721313,0.9880030155181885,-0.011996626853942871,1,1,0,0.9999996423721313,0.9880030155181885,-0.011996626853942871
TEMP_TEST\FAKE\105 (8).jpg,AI-generated,gaussian_blur,0.9999996423721313,0.9998722076416016,-0.00012743473052978516,1,1,0,0.9999996423721313,0.9998722076416016,-0.00012743473052978516
TEMP_TEST\FAKE\105 (8).jpg,AI-generated,contrast_low,0.9999996423721313,0.9999648332595825,-3.4809112548828125e-05,1,1,0,0.9999996423721313,0.9999648332595825,-3.4809112548828125e-05
TEMP_TEST\FAKE\105 (8).jpg,AI-generated,contrast_high,0.9999996423721313,0.9999998807907104,2.384185791015625e-07,1,1,0,0.9999996423721313,0.9999998807907104,2.384185791015625e-07
TEMP_TEST\FAKE\105 (8).jpg,AI-generated,brightness_low,0.9999996423721313,0.999993085861206,-6.556510925292969e-06,1,1,0,0.9999996423721313,0.999993085861206,-6.556510925292969e-06
TEMP_TEST\FAKE\105 (8).jpg,AI-generated,brightness_high,0.9999996423721313,1.0,3.5762786865234375e-07,1,1,0,0.9999996423721313,1.0,3.5762786865234375e-07
TEMP_TEST\FAKE\105 (8).jpg,AI-generated,gaussian_noise,0.9999996423721313,0.9999974966049194,-2.1457672119140625e-06,1,1,0,0.9999996423721313,0.9999974966049194,-2.1457672119140625e-06
TEMP_TEST\FAKE\105 (9).jpg,AI-generated,jpeg_70,0.9933884143829346,0.9936290383338928,0.00024062395095825195,1,1,0,0.9933884143829346,0.9936290383338928,0.00024062395095825195
TEMP_TEST\FAKE\105 (9).jpg,AI-generated,jpeg_50,0.9933884143829346,0.998085618019104,0.004697203636169434,1,1,0,0.9933884143829346,0.998085618019104,0.004697203636169434
TEMP_TEST\FAKE\105 (9).jpg,AI-generated,resize_16_roundtrip,0.9933884143829346,0.9727134704589844,-0.020674943923950195,1,1,0,0.9933884143829346,0.9727134704589844,-0.020674943923950195
TEMP_TEST\FAKE\105 (9).jpg,AI-generated,resize_8_roundtrip,0.9933884143829346,0.8798335790634155,-0.11355483531951904,1,1,0,0.9933884143829346,0.8798335790634155,-0.11355483531951904
TEMP_TEST\FAKE\105 (9).jpg,AI-generated,gaussian_blur,0.9933884143829346,0.9762586355209351,-0.01712977886199951,1,1,0,0.9933884143829346,0.9762586355209351,-0.01712977886199951
TEMP_TEST\FAKE\105 (9).jpg,AI-generated,contrast_low,0.9933884143829346,0.9710978269577026,-0.022290587425231934,1,1,0,0.9933884143829346,0.9710978269577026,-0.022290587425231934
TEMP_TEST\FAKE\105 (9).jpg,AI-generated,contrast_high,0.9933884143829346,0.9981670379638672,0.004778623580932617,1,1,0,0.9933884143829346,0.9981670379638672,0.004778623580932617
TEMP_TEST\FAKE\105 (9).jpg,AI-generated,brightness_low,0.9933884143829346,0.9858956933021545,-0.007492721080780029,1,1,0,0.9933884143829346,0.9858956933021545,-0.007492721080780029
TEMP_TEST\FAKE\105 (9).jpg,AI-generated,brightness_high,0.9933884143829346,0.9933445453643799,-4.38690185546875e-05,1,1,0,0.9933884143829346,0.9933445453643799,-4.38690185546875e-05
TEMP_TEST\FAKE\105 (9).jpg,AI-generated,gaussian_noise,0.9933884143829346,0.7732495665550232,-0.22013884782791138,1,1,0,0.9933884143829346,0.7732495665550232,-0.22013884782791138
TEMP_TEST\FAKE\105.jpg,AI-generated,jpeg_70,0.9676057696342468,0.9725391268730164,0.004933357238769531,1,1,0,0.9676057696342468,0.9725391268730164,0.004933357238769531
TEMP_TEST\FAKE\105.jpg,AI-generated,jpeg_50,0.9676057696342468,0.4311447739601135,-0.5364609956741333,1,0,1,0.9676057696342468,0.5688552260398865,-0.39875054359436035
TEMP_TEST\FAKE\105.jpg,AI-generated,resize_16_roundtrip,0.9676057696342468,0.9453319311141968,-0.02227383852005005,1,1,0,0.9676057696342468,0.9453319311141968,-0.02227383852005005
TEMP_TEST\FAKE\105.jpg,AI-generated,resize_8_roundtrip,0.9676057696342468,0.9531380534172058,-0.014467716217041016,1,1,0,0.9676057696342468,0.9531380534172058,-0.014467716217041016
TEMP_TEST\FAKE\105.jpg,AI-generated,gaussian_blur,0.9676057696342468,0.9191641211509705,-0.04844164848327637,1,1,0,0.9676057696342468,0.9191641211509705,-0.04844164848327637
TEMP_TEST\FAKE\105.jpg,AI-generated,contrast_low,0.9676057696342468,0.9443858861923218,-0.02321988344192505,1,1,0,0.9676057696342468,0.9443858861923218,-0.02321988344192505
TEMP_TEST\FAKE\105.jpg,AI-generated,contrast_high,0.9676057696342468,0.9652637243270874,-0.002342045307159424,1,1,0,0.9676057696342468,0.9652637243270874,-0.002342045307159424
TEMP_TEST\FAKE\105.jpg,AI-generated,brightness_low,0.9676057696342468,0.881772518157959,-0.08583325147628784,1,1,0,0.9676057696342468,0.881772518157959,-0.08583325147628784
TEMP_TEST\FAKE\105.jpg,AI-generated,brightness_high,0.9676057696342468,0.937936007976532,-0.029669761657714844,1,1,0,0.9676057696342468,0.937936007976532,-0.029669761657714844
TEMP_TEST\FAKE\105.jpg,AI-generated,gaussian_noise,0.9676057696342468,0.9219326376914978,-0.04567313194274902,1,1,0,0.9676057696342468,0.9219326376914978,-0.04567313194274902
TEMP_TEST\FAKE\106 (10).jpg,AI-generated,jpeg_70,0.997879147529602,0.9988018274307251,0.0009226799011230469,1,1,0,0.997879147529602,0.9988018274307251,0.0009226799011230469
TEMP_TEST\FAKE\106 (10).jpg,AI-generated,jpeg_50,0.997879147529602,0.9965379238128662,-0.0013412237167358398,1,1,0,0.997879147529602,0.9965379238128662,-0.0013412237167358398
TEMP_TEST\FAKE\106 (10).jpg,AI-generated,resize_16_roundtrip,0.997879147529602,0.3621149957180023,-0.6357641518115997,1,0,1,0.997879147529602,0.6378850042819977,-0.35999414324760437
TEMP_TEST\FAKE\106 (10).jpg,AI-generated,resize_8_roundtrip,0.997879147529602,0.18876570463180542,-0.8091134428977966,1,0,1,0.997879147529602,0.8112342953681946,-0.18664485216140747
TEMP_TEST\FAKE\106 (10).jpg,AI-generated,gaussian_blur,0.997879147529602,0.8832646608352661,-0.11461448669433594,1,1,0,0.997879147529602,0.8832646608352661,-0.11461448669433594
TEMP_TEST\FAKE\106 (10).jpg,AI-generated,contrast_low,0.997879147529602,0.9409232139587402,-0.056955933570861816,1,1,0,0.997879147529602,0.9409232139587402,-0.056955933570861816
TEMP_TEST\FAKE\106 (10).jpg,AI-generated,contrast_high,0.997879147529602,0.9996857643127441,0.0018066167831420898,1,1,0,0.997879147529602,0.9996857643127441,0.0018066167831420898
TEMP_TEST\FAKE\106 (10).jpg,AI-generated,brightness_low,0.997879147529602,0.9988817572593689,0.0010026097297668457,1,1,0,0.997879147529602,0.9988817572593689,0.0010026097297668457
TEMP_TEST\FAKE\106 (10).jpg,AI-generated,brightness_high,0.997879147529602,0.987798810005188,-0.010080337524414062,1,1,0,0.997879147529602,0.987798810005188,-0.010080337524414062
TEMP_TEST\FAKE\106 (10).jpg,AI-generated,gaussian_noise,0.997879147529602,0.9784075617790222,-0.019471585750579834,1,1,0,0.997879147529602,0.9784075617790222,-0.019471585750579834
TEMP_TEST\FAKE\106 (2).jpg,AI-generated,jpeg_70,0.9920644164085388,0.9924567937850952,0.0003923773765563965,1,1,0,0.9920644164085388,0.9924567937850952,0.0003923773765563965
TEMP_TEST\FAKE\106 (2).jpg,AI-generated,jpeg_50,0.9920644164085388,0.9577311277389526,-0.03433328866958618,1,1,0,0.9920644164085388,0.9577311277389526,-0.03433328866958618
TEMP_TEST\FAKE\106 (2).jpg,AI-generated,resize_16_roundtrip,0.9920644164085388,0.9466962218284607,-0.045368194580078125,1,1,0,0.9920644164085388,0.9466962218284607,-0.045368194580078125
TEMP_TEST\FAKE\106 (2).jpg,AI-generated,resize_8_roundtrip,0.9920644164085388,0.32698744535446167,-0.6650769710540771,1,0,1,0.9920644164085388,0.6730125546455383,-0.3190518617630005
TEMP_TEST\FAKE\106 (2).jpg,AI-generated,gaussian_blur,0.9920644164085388,0.9902570247650146,-0.00180739164352417,1,1,0,0.9920644164085388,0.9902570247650146,-0.00180739164352417
TEMP_TEST\FAKE\106 (2).jpg,AI-generated,contrast_low,0.9920644164085388,0.7649791836738586,-0.22708523273468018,1,1,0,0.9920644164085388,0.7649791836738586,-0.22708523273468018
TEMP_TEST\FAKE\106 (2).jpg,AI-generated,contrast_high,0.9920644164085388,0.9983294606208801,0.006265044212341309,1,1,0,0.9920644164085388,0.9983294606208801,0.006265044212341309
TEMP_TEST\FAKE\106 (2).jpg,AI-generated,brightness_low,0.9920644164085388,0.989042341709137,-0.0030220746994018555,1,1,0,0.9920644164085388,0.989042341709137,-0.0030220746994018555
TEMP_TEST\FAKE\106 (2).jpg,AI-generated,brightness_high,0.9920644164085388,0.9839801788330078,-0.008084237575531006,1,1,0,0.9920644164085388,0.9839801788330078,-0.008084237575531006
TEMP_TEST\FAKE\106 (2).jpg,AI-generated,gaussian_noise,0.9920644164085388,0.958238959312439,-0.033825457096099854,1,1,0,0.9920644164085388,0.958238959312439,-0.033825457096099854
TEMP_TEST\FAKE\106 (3).jpg,AI-generated,jpeg_70,0.9409644603729248,0.9650751352310181,0.02411067485809326,1,1,0,0.9409644603729248,0.9650751352310181,0.02411067485809326
TEMP_TEST\FAKE\106 (3).jpg,AI-generated,jpeg_50,0.9409644603729248,0.7549546360969543,-0.18600982427597046,1,1,0,0.9409644603729248,0.7549546360969543,-0.18600982427597046
TEMP_TEST\FAKE\106 (3).jpg,AI-generated,resize_16_roundtrip,0.9409644603729248,0.3527912497520447,-0.5881732106208801,1,0,1,0.9409644603729248,0.6472087502479553,-0.2937557101249695
TEMP_TEST\FAKE\106 (3).jpg,AI-generated,resize_8_roundtrip,0.9409644603729248,0.29036375880241394,-0.6506007015705109,1,0,1,0.9409644603729248,0.7096362411975861,-0.23132821917533875
TEMP_TEST\FAKE\106 (3).jpg,AI-generated,gaussian_blur,0.9409644603729248,0.7950413227081299,-0.14592313766479492,1,1,0,0.9409644603729248,0.7950413227081299,-0.14592313766479492
TEMP_TEST\FAKE\106 (3).jpg,AI-generated,contrast_low,0.9409644603729248,0.7950928211212158,-0.14587163925170898,1,1,0,0.9409644603729248,0.7950928211212158,-0.14587163925170898
TEMP_TEST\FAKE\106 (3).jpg,AI-generated,contrast_high,0.9409644603729248,0.9905844330787659,0.049619972705841064,1,1,0,0.9409644603729248,0.9905844330787659,0.049619972705841064
TEMP_TEST\FAKE\106 (3).jpg,AI-generated,brightness_low,0.9409644603729248,0.8531597852706909,-0.08780467510223389,1,1,0,0.9409644603729248,0.8531597852706909,-0.08780467510223389
TEMP_TEST\FAKE\106 (3).jpg,AI-generated,brightness_high,0.9409644603729248,0.8681856989860535,-0.07277876138687134,1,1,0,0.9409644603729248,0.8681856989860535,-0.07277876138687134
TEMP_TEST\FAKE\106 (3).jpg,AI-generated,gaussian_noise,0.9409644603729248,0.9265781044960022,-0.014386355876922607,1,1,0,0.9409644603729248,0.9265781044960022,-0.014386355876922607
TEMP_TEST\FAKE\106 (4).jpg,AI-generated,jpeg_70,0.9977380037307739,0.9987455606460571,0.0010075569152832031,1,1,0,0.9977380037307739,0.9987455606460571,0.0010075569152832031
TEMP_TEST\FAKE\106 (4).jpg,AI-generated,jpeg_50,0.9977380037307739,0.9830106496810913,-0.014727354049682617,1,1,0,0.9977380037307739,0.9830106496810913,-0.014727354049682617
TEMP_TEST\FAKE\106 (4).jpg,AI-generated,resize_16_roundtrip,0.9977380037307739,0.16568025946617126,-0.8320577442646027,1,0,1,0.9977380037307739,0.8343197405338287,-0.1634182631969452
TEMP_TEST\FAKE\106 (4).jpg,AI-generated,resize_8_roundtrip,0.9977380037307739,0.1288466900587082,-0.8688913136720657,1,0,1,0.9977380037307739,0.8711533099412918,-0.12658469378948212
TEMP_TEST\FAKE\106 (4).jpg,AI-generated,gaussian_blur,0.9977380037307739,0.8836577534675598,-0.11408025026321411,1,1,0,0.9977380037307739,0.8836577534675598,-0.11408025026321411
TEMP_TEST\FAKE\106 (4).jpg,AI-generated,contrast_low,0.9977380037307739,0.9747008681297302,-0.0230371356010437,1,1,0,0.9977380037307739,0.9747008681297302,-0.0230371356010437
TEMP_TEST\FAKE\106 (4).jpg,AI-generated,contrast_high,0.9977380037307739,0.9991673231124878,0.0014293193817138672,1,1,0,0.9977380037307739,0.9991673231124878,0.0014293193817138672
TEMP_TEST\FAKE\106 (4).jpg,AI-generated,brightness_low,0.9977380037307739,0.9920175075531006,-0.00572049617767334,1,1,0,0.9977380037307739,0.9920175075531006,-0.00572049617767334
TEMP_TEST\FAKE\106 (4).jpg,AI-generated,brightness_high,0.9977380037307739,0.9991663694381714,0.001428365707397461,1,1,0,0.9977380037307739,0.9991663694381714,0.001428365707397461
TEMP_TEST\FAKE\106 (4).jpg,AI-generated,gaussian_noise,0.9977380037307739,0.9952424764633179,-0.0024955272674560547,1,1,0,0.9977380037307739,0.9952424764633179,-0.0024955272674560547
TEMP_TEST\FAKE\106 (5).jpg,AI-generated,jpeg_70,0.9999583959579468,0.9999173879623413,-4.100799560546875e-05,1,1,0,0.9999583959579468,0.9999173879623413,-4.100799560546875e-05
TEMP_TEST\FAKE\106 (5).jpg,AI-generated,jpeg_50,0.9999583959579468,0.9998007416725159,-0.0001576542854309082,1,1,0,0.9999583959579468,0.9998007416725159,-0.0001576542854309082
TEMP_TEST\FAKE\106 (5).jpg,AI-generated,resize_16_roundtrip,0.9999583959579468,0.9978826642036438,-0.0020757317543029785,1,1,0,0.9999583959579468,0.9978826642036438,-0.0020757317543029785
TEMP_TEST\FAKE\106 (5).jpg,AI-generated,resize_8_roundtrip,0.9999583959579468,0.9863185882568359,-0.01363980770111084,1,1,0,0.9999583959579468,0.9863185882568359,-0.01363980770111084
TEMP_TEST\FAKE\106 (5).jpg,AI-generated,gaussian_blur,0.9999583959579468,0.9985723495483398,-0.0013860464096069336,1,1,0,0.9999583959579468,0.9985723495483398,-0.0013860464096069336
TEMP_TEST\FAKE\106 (5).jpg,AI-generated,contrast_low,0.9999583959579468,0.9982821941375732,-0.0016762018203735352,1,1,0,0.9999583959579468,0.9982821941375732,-0.0016762018203735352
TEMP_TEST\FAKE\106 (5).jpg,AI-generated,contrast_high,0.9999583959579468,0.9999916553497314,3.325939178466797e-05,1,1,0,0.9999583959579468,0.9999916553497314,3.325939178466797e-05
TEMP_TEST\FAKE\106 (5).jpg,AI-generated,brightness_low,0.9999583959579468,0.9998522996902466,-0.00010609626770019531,1,1,0,0.9999583959579468,0.9998522996902466,-0.00010609626770019531
TEMP_TEST\FAKE\106 (5).jpg,AI-generated,brightness_high,0.9999583959579468,0.9999403953552246,-1.800060272216797e-05,1,1,0,0.9999583959579468,0.9999403953552246,-1.800060272216797e-05
TEMP_TEST\FAKE\106 (5).jpg,AI-generated,gaussian_noise,0.9999583959579468,0.9996834993362427,-0.00027489662170410156,1,1,0,0.9999583959579468,0.9996834993362427,-0.00027489662170410156
TEMP_TEST\FAKE\106 (6).jpg,AI-generated,jpeg_70,0.9999068975448608,0.9998887777328491,-1.811981201171875e-05,1,1,0,0.9999068975448608,0.9998887777328491,-1.811981201171875e-05
TEMP_TEST\FAKE\106 (6).jpg,AI-generated,jpeg_50,0.9999068975448608,0.9986555576324463,-0.0012513399124145508,1,1,0,0.9999068975448608,0.9986555576324463,-0.0012513399124145508
TEMP_TEST\FAKE\106 (6).jpg,AI-generated,resize_16_roundtrip,0.9999068975448608,0.8940595984458923,-0.1058472990989685,1,1,0,0.9999068975448608,0.8940595984458923,-0.1058472990989685
TEMP_TEST\FAKE\106 (6).jpg,AI-generated,resize_8_roundtrip,0.9999068975448608,0.2984725832939148,-0.701434314250946,1,0,1,0.9999068975448608,0.7015274167060852,-0.29837948083877563
TEMP_TEST\FAKE\106 (6).jpg,AI-generated,gaussian_blur,0.9999068975448608,0.9863805174827576,-0.013526380062103271,1,1,0,0.9999068975448608,0.9863805174827576,-0.013526380062103271
TEMP_TEST\FAKE\106 (6).jpg,AI-generated,contrast_low,0.9999068975448608,0.9930955767631531,-0.006811320781707764,1,1,0,0.9999068975448608,0.9930955767631531,-0.006811320781707764
TEMP_TEST\FAKE\106 (6).jpg,AI-generated,contrast_high,0.9999068975448608,0.9999717473983765,6.4849853515625e-05,1,1,0,0.9999068975448608,0.9999717473983765,6.4849853515625e-05
TEMP_TEST\FAKE\106 (6).jpg,AI-generated,brightness_low,0.9999068975448608,0.9997914433479309,-0.00011545419692993164,1,1,0,0.9999068975448608,0.9997914433479309,-0.00011545419692993164
TEMP_TEST\FAKE\106 (6).jpg,AI-generated,brightness_high,0.9999068975448608,0.9998422861099243,-6.461143493652344e-05,1,1,0,0.9999068975448608,0.9998422861099243,-6.461143493652344e-05
TEMP_TEST\FAKE\106 (6).jpg,AI-generated,gaussian_noise,0.9999068975448608,0.9993906021118164,-0.0005162954330444336,1,1,0,0.9999068975448608,0.9993906021118164,-0.0005162954330444336
TEMP_TEST\FAKE\106 (7).jpg,AI-generated,jpeg_70,0.9999991655349731,0.9999992847442627,1.1920928955078125e-07,1,1,0,0.9999991655349731,0.9999992847442627,1.1920928955078125e-07
TEMP_TEST\FAKE\106 (7).jpg,AI-generated,jpeg_50,0.9999991655349731,0.9987481832504272,-0.0012509822845458984,1,1,0,0.9999991655349731,0.9987481832504272,-0.0012509822845458984
TEMP_TEST\FAKE\106 (7).jpg,AI-generated,resize_16_roundtrip,0.9999991655349731,0.9942107200622559,-0.005788445472717285,1,1,0,0.9999991655349731,0.9942107200622559,-0.005788445472717285
TEMP_TEST\FAKE\106 (7).jpg,AI-generated,resize_8_roundtrip,0.9999991655349731,0.9890936613082886,-0.01090550422668457,1,1,0,0.9999991655349731,0.9890936613082886,-0.01090550422668457
TEMP_TEST\FAKE\106 (7).jpg,AI-generated,gaussian_blur,0.9999991655349731,0.999790370464325,-0.00020879507064819336,1,1,0,0.9999991655349731,0.999790370464325,-0.00020879507064819336
TEMP_TEST\FAKE\106 (7).jpg,AI-generated,contrast_low,0.9999991655349731,0.9999476671218872,-5.14984130859375e-05,1,1,0,0.9999991655349731,0.9999476671218872,-5.14984130859375e-05
TEMP_TEST\FAKE\106 (7).jpg,AI-generated,contrast_high,0.9999991655349731,0.9999998807907104,7.152557373046875e-07,1,1,0,0.9999991655349731,0.9999998807907104,7.152557373046875e-07
TEMP_TEST\FAKE\106 (7).jpg,AI-generated,brightness_low,0.9999991655349731,0.999983549118042,-1.5616416931152344e-05,1,1,0,0.9999991655349731,0.999983549118042,-1.5616416931152344e-05
TEMP_TEST\FAKE\106 (7).jpg,AI-generated,brightness_high,0.9999991655349731,0.9999996423721313,4.76837158203125e-07,1,1,0,0.9999991655349731,0.9999996423721313,4.76837158203125e-07
TEMP_TEST\FAKE\106 (7).jpg,AI-generated,gaussian_noise,0.9999991655349731,0.9999974966049194,-1.6689300537109375e-06,1,1,0,0.9999991655349731,0.9999974966049194,-1.6689300537109375e-06
TEMP_TEST\FAKE\106 (8).jpg,AI-generated,jpeg_70,0.999996542930603,0.9999986886978149,2.1457672119140625e-06,1,1,0,0.999996542930603,0.9999986886978149,2.1457672119140625e-06
TEMP_TEST\FAKE\106 (8).jpg,AI-generated,jpeg_50,0.999996542930603,0.9999985694885254,2.0265579223632812e-06,1,1,0,0.999996542930603,0.9999985694885254,2.0265579223632812e-06
TEMP_TEST\FAKE\106 (8).jpg,AI-generated,resize_16_roundtrip,0.999996542930603,0.9873758554458618,-0.012620687484741211,1,1,0,0.999996542930603,0.9873758554458618,-0.012620687484741211
TEMP_TEST\FAKE\106 (8).jpg,AI-generated,resize_8_roundtrip,0.999996542930603,0.35118532180786133,-0.6488112211227417,1,0,1,0.999996542930603,0.6488146781921387,-0.35118186473846436
TEMP_TEST\FAKE\106 (8).jpg,AI-generated,gaussian_blur,0.999996542930603,0.9988768696784973,-0.0011196732521057129,1,1,0,0.999996542930603,0.9988768696784973,-0.0011196732521057129
TEMP_TEST\FAKE\106 (8).jpg,AI-generated,contrast_low,0.999996542930603,0.9998834133148193,-0.0001131296157836914,1,1,0,0.999996542930603,0.9998834133148193,-0.0001131296157836914
TEMP_TEST\FAKE\106 (8).jpg,AI-generated,contrast_high,0.999996542930603,0.9999997615814209,3.2186508178710938e-06,1,1,0,0.999996542930603,0.9999997615814209,3.2186508178710938e-06
TEMP_TEST\FAKE\106 (8).jpg,AI-generated,brightness_low,0.999996542930603,0.9999910593032837,-5.4836273193359375e-06,1,1,0,0.999996542930603,0.9999910593032837,-5.4836273193359375e-06
TEMP_TEST\FAKE\106 (8).jpg,AI-generated,brightness_high,0.999996542930603,0.9999974966049194,9.5367431640625e-07,1,1,0,0.999996542930603,0.9999974966049194,9.5367431640625e-07
TEMP_TEST\FAKE\106 (8).jpg,AI-generated,gaussian_noise,0.999996542930603,0.9998762607574463,-0.00012028217315673828,1,1,0,0.999996542930603,0.9998762607574463,-0.00012028217315673828
TEMP_TEST\FAKE\106 (9).jpg,AI-generated,jpeg_70,0.998993456363678,0.991502046585083,-0.007491409778594971,1,1,0,0.998993456363678,0.991502046585083,-0.007491409778594971
TEMP_TEST\FAKE\106 (9).jpg,AI-generated,jpeg_50,0.998993456363678,0.9983528852462769,-0.000640571117401123,1,1,0,0.998993456363678,0.9983528852462769,-0.000640571117401123
TEMP_TEST\FAKE\106 (9).jpg,AI-generated,resize_16_roundtrip,0.998993456363678,0.9635878801345825,-0.03540557622909546,1,1,0,0.998993456363678,0.9635878801345825,-0.03540557622909546
TEMP_TEST\FAKE\106 (9).jpg,AI-generated,resize_8_roundtrip,0.998993456363678,0.5064906477928162,-0.4925028085708618,1,0,1,0.998993456363678,0.49350935220718384,-0.5054841041564941
TEMP_TEST\FAKE\106 (9).jpg,AI-generated,gaussian_blur,0.998993456363678,0.9893775582313538,-0.009615898132324219,1,1,0,0.998993456363678,0.9893775582313538,-0.009615898132324219
TEMP_TEST\FAKE\106 (9).jpg,AI-generated,contrast_low,0.998993456363678,0.9836139678955078,-0.015379488468170166,1,1,0,0.998993456363678,0.9836139678955078,-0.015379488468170166
TEMP_TEST\FAKE\106 (9).jpg,AI-generated,contrast_high,0.998993456363678,0.9992885589599609,0.000295102596282959,1,1,0,0.998993456363678,0.9992885589599609,0.000295102596282959
TEMP_TEST\FAKE\106 (9).jpg,AI-generated,brightness_low,0.998993456363678,0.9984639883041382,-0.0005294680595397949,1,1,0,0.998993456363678,0.9984639883041382,-0.0005294680595397949
TEMP_TEST\FAKE\106 (9).jpg,AI-generated,brightness_high,0.998993456363678,0.9243088960647583,-0.07468456029891968,1,1,0,0.998993456363678,0.9243088960647583,-0.07468456029891968
TEMP_TEST\FAKE\106 (9).jpg,AI-generated,gaussian_noise,0.998993456363678,0.9898326396942139,-0.009160816669464111,1,1,0,0.998993456363678,0.9898326396942139,-0.009160816669464111
TEMP_TEST\FAKE\106.jpg,AI-generated,jpeg_70,0.9669452905654907,0.9781564474105835,0.011211156845092773,1,1,0,0.9669452905654907,0.9781564474105835,0.011211156845092773
TEMP_TEST\FAKE\106.jpg,AI-generated,jpeg_50,0.9669452905654907,0.9966907501220703,0.02974545955657959,1,1,0,0.9669452905654907,0.9966907501220703,0.02974545955657959
TEMP_TEST\FAKE\106.jpg,AI-generated,resize_16_roundtrip,0.9669452905654907,0.6633137464523315,-0.3036315441131592,1,1,0,0.9669452905654907,0.6633137464523315,-0.3036315441131592
TEMP_TEST\FAKE\106.jpg,AI-generated,resize_8_roundtrip,0.9669452905654907,0.7154924273490906,-0.25145286321640015,1,1,0,0.9669452905654907,0.7154924273490906,-0.25145286321640015
TEMP_TEST\FAKE\106.jpg,AI-generated,gaussian_blur,0.9669452905654907,0.5619425177574158,-0.40500277280807495,1,1,0,0.9669452905654907,0.5619425177574158,-0.40500277280807495
TEMP_TEST\FAKE\106.jpg,AI-generated,contrast_low,0.9669452905654907,0.9816710948944092,0.014725804328918457,1,1,0,0.9669452905654907,0.9816710948944092,0.014725804328918457
TEMP_TEST\FAKE\106.jpg,AI-generated,contrast_high,0.9669452905654907,0.9685492515563965,0.0016039609909057617,1,1,0,0.9669452905654907,0.9685492515563965,0.0016039609909057617
TEMP_TEST\FAKE\106.jpg,AI-generated,brightness_low,0.9669452905654907,0.971513569355011,0.004568278789520264,1,1,0,0.9669452905654907,0.971513569355011,0.004568278789520264
TEMP_TEST\FAKE\106.jpg,AI-generated,brightness_high,0.9669452905654907,0.9035496115684509,-0.0633956789970398,1,1,0,0.9669452905654907,0.9035496115684509,-0.0633956789970398
TEMP_TEST\FAKE\106.jpg,AI-generated,gaussian_noise,0.9669452905654907,0.4639168679714203,-0.5030284225940704,1,0,1,0.9669452905654907,0.5360831320285797,-0.430862158536911
